
<------Geração 1------>

[ (2.88257, -1.18714), (3.13891, 5.42982), (-3.03533, -1.39433), (-9.42937, -0.875026), (-3.11075, 8.62785), (-2.77522, -0.148935), (-1.99252, 9.46552), (-2.69838, 8.72518), (2.13602, 9.52262), (-7.79063, -4.62848), (-0.649009, 2.62122), (-2.50909, 0.929186), (9.71119, 1.49294), (-2.53524, 2.81892), (5.23962, 8.67897), (7.82725, 6.4439), (5.44696, 0.842201), (0.784185, 0.168329), (0.287708, -3.94283), (-6.92667, 5.03508), (-7.23198, -9.15801), (-4.7625, 7.08328), (7.67746, 3.72431), (-9.86126, -9.29231), (8.615, -7.71836), (9.87338, 3.57586), (6.58582, -8.21893), (5.20436, 0.108852), (-7.10952, -8.90347), (-2.97006, 6.79635), (6.28275, 5.31939), (4.2968, 6.11166), (5.60093, 5.00105), (8.13214, 0.507392), (-0.124306, 1.2011), (-6.94478, -8.72446), (-7.3139, 8.40914), (9.46515, -5.40772), (9.78108, 4.89054), (5.58549, -9.47609), (5.61114, 5.16879), (-0.419684, 8.0348), (3.99162, 6.9781), (2.20012, -7.3371), (1.19759, -7.83912), (-2.39517, 4.28367), (-7.36995, -2.52936), (-4.51913, -6.39318), (-2.48572, 3.99544), (-1.27701, 1.12251) ]
Média: 0.402056
Melhor (0.98985): (2.88257, -1.18714)
Pior (0.0194429): (-1.27701, 1.12251)

<------Geração 2------>

[ (2.88257, -1.18714), (-1.43405, -2.69549), (-3.2057, -0.558645), (3.13891, 5.42982), (3.13891, 5.42982), (-3.29095, 0.495075), (2.73067, 0.991876), (-2.83253, 5.81965), (-3.99862, 8.58165), (-1.25991, 9.47565), (-2.81181, 5.31865), (9.12608, 2.9897), (-2.78219, -0.182319), (-3.08972, 8.57651), (-2.13026, 8.83015), (-2.69918, 8.63316), (2.46957, 8.66201), (2.26977, -1.38472), (5.28639, 4.17992), (-1.27618, 2.31931), (-5.72077, 0.285618), (9.23154, 3.75256), (-1.24591, 5.57388), (-7.77632, -4.23691), (6.33326, -7.78015), (-1.60859, 8.6266), (-7.36799, -4.74307), (3.13644, -2.20803), (-5.76908, -3.95817), (7.62939, 4.20014), (-1.3095, 8.57753), (3.32247, 2.03689), (-2.37031, -0.223237), (-4.16183, 7.56108), (5.08167, 5.10617), (1.57819, 8.28596), (-3.08331, 2.72258), (-8.46921, -6.15689), (8.36644, 0.653628), (3.77053, 2.0281), (-3.70786, 7.28539), (5.98688, -5.56174), (-1.53553, 1.19632), (5.06072, -0.00686885), (0.408268, 7.60769), (1.32175, -1.30719), (-1.16687, 1.43754), (-2.11942, 7.41546), (5.86588, 5.39745), (1.02722, 1.44472) ]
Média: 0.581107
Melhor (0.98985): (2.88257, -1.18714)
Pior (0.043083): (1.02722, 1.44472)

<------Geração 3------>

[ (3.03102, -0.855682), (-3.11945, 0.194336), (-2.43827, -1.99713), (2.88257, -1.18714), (2.88257, -1.18714), (-1.43405, -2.69549), (-1.43405, -2.69549), (0.07363, 3.29767), (-2.82614, 5.66506), (-3.29095, 0.495075), (2.91352, -0.388249), (5.06512, 3.9039), (2.47247, 5.9014), (2.72956, 0.992844), (-3.42434, 0.703871), (-2.96506, 8.62262), (-0.133694, 6.65559), (-2.38824, 1.31241), (9.18365, 3.40613), (3.92036, 4.32519), (-3.36486, 1.33959), (3.13697, 5.97711), (-3.75355, 5.61236), (1.75256, 5.52032), (-0.331656, 8.92476), (-2.24386, -1.18586), (-2.06764, 1.40174), (-2.43273, -0.277243), (-1.68055, 1.71618), (-0.336386, 8.62624), (-2.26749, 0.305524), (2.88864, 2.81006), (2.04962, 6.90673), (-1.67451, 3.69365), (1.58416, 5.0777), (7.0447, 4.60199), (3.94851, 1.27084), (-3.84783, 7.45306), (-3.7964, 6.25057), (6.94348, 2.30789), (-4.16875, 3.16817), (7.06917, 2.07017), (-3.11994, 2.84688), (-1.55481, 7.39559), (-2.23155, 7.76443), (3.05334, 3.22096), (0.592674, 7.65584), (1.79773, 0.0522818), (-3.21622, 3.49622), (-1.31947, 4.5066) ]
Média: 0.599384
Melhor (0.990165): (3.03102, -0.855682)
Pior (0.0216057): (-1.31947, 4.5066)

<------Geração 4------>

[ (3.03102, -0.855682), (-3.11945, 0.194336), (2.88257, -1.18714), (-3.16833, 0.612003), (2.97325, -0.625884), (2.94285, -0.504929), (-2.63144, 5.64409), (-3.29095, 0.495075), (-2.78739, 0.951015), (-2.7595, 0.993596), (2.49439, 5.9039), (1.21485, 3.14917), (-1.98239, 2.75662), (1.08248, 5.95649), (2.5381, 5.45329), (0.731711, 2.72658), (-2.74443, -0.443968), (-1.54327, -2.30221), (-0.198295, 6.70047), (2.67239, 0.280572), (-1.70178, 2.07849), (3.12438, 1.93323), (-0.751641, -2.45704), (2.44917, -0.722958), (1.80787, 6.6165), (0.442199, 2.47785), (2.36755, -0.749498), (-2.8509, 6.32134), (-2.77172, 4.8431), (-1.89155, 1.46352), (0.785852, 0.0425484), (-0.361983, -2.32088), (-0.972275, 5.2796), (1.02975, 1.97908), (-1.66166, 1.48603), (-2.11041, 0.62158), (0.911294, 0.331254), (2.15381, 0.12091), (1.57886, -1.45404), (-0.00300405, 0.994067), (1.96494, 0.842921), (-2.1155, -0.241761), (1.37668, 1.60642), (2.04686, 0.14716), (-0.62495, -0.914947), (0.445642, -1.01751), (-0.224672, 1.97358), (-1.70107, -0.968776), (0.816136, -1.76832), (0.535563, 1.85093) ]
Média: 0.618847
Melhor (0.990165): (3.03102, -0.855682)
Pior (0.124305): (0.535563, 1.85093)

<------Geração 5------>

[ (2.91195, -1.18714), (3.03102, -0.855682), (3.03102, -0.855682), (-3.11945, 0.194336), (2.89115, -1.16799), (2.89504, -1.10994), (-0.342749, 3.0281), (-2.33515, 1.95633), (-3.29095, 0.495075), (2.8098, -0.718535), (-1.44652, 2.48845), (1.20421, 5.95196), (2.53423, 5.49322), (-0.632664, 3.40806), (-2.78372, -0.377091), (2.14246, 5.57499), (-2.66369, 5.34182), (1.07936, 5.85394), (0.0635165, 6.62302), (-2.38819, 2.61226), (0.214715, 0.362686), (-1.32456, 2.37874), (0.152993, 6.70047), (0.366748, 3.70533), (0.47765, 0.359517), (-2.96338, 2.28085), (-0.675385, 3.68279), (1.93844, 1.55358), (2.43052, -0.374756), (-2.15846, 1.14991), (2.40808, -0.172893), (2.36502, -0.00300095), (-0.824087, 5.41762), (-2.26147, 0.397305), (-2.58043, 4.53761), (-2.48239, 4.57232), (1.62885, 3.91298), (-1.68721, 1.17074), (2.59639, 4.44625), (-1.9378, 0.278007), (1.39825, 4.87945), (-0.579118, 4.32093), (-0.394766, 4.40502), (0.463015, 4.84617), (1.75832, -0.193646), (-0.493367, 4.72539), (-2.85556, 3.72222), (-1.69875, 0.157215), (-1.28709, -0.763999), (-1.59568, 0.122204) ]
Média: 0.589231
Melhor (0.990247): (2.91195, -1.18714)
Pior (0.0034201): (-1.59568, 0.122204)

<------Geração 6------>

[ (-3.02938, 0.812613), (2.95197, -1.07573), (2.91195, -1.18714), (3.03102, -0.855682), (2.89428, -1.17087), (2.94264, -1.02093), (-2.275, 2.11684), (-0.257167, 3.17068), (2.89398, -1.09053), (1.988, 2.48823), (2.8681, -1.04064), (2.94242, -0.800753), (2.77667, 0.985101), (0.0762556, 6.09556), (1.20421, 5.95196), (1.41303, 5.86806), (-0.178707, 2.82667), (2.07026, 5.604), (1.0757, 5.84872), (-1.65167, 3.11251), (2.68537, -0.578859), (-2.94396, 1.99364), (0.185752, 2.68648), (2.71107, 2.36561), (0.977101, 5.69558), (1.11571, 2.34912), (2.46666, -0.3332), (-1.73289, 1.64156), (-1.7325, 1.59115), (-0.358617, 5.46719), (-0.342563, 3.93091), (1.66936, 3.58542), (1.76351, 1.41412), (0.769436, -0.606094), (2.06309, 0.258576), (2.54033, 3.36838), (-1.78275, 1.01927), (-1.19802, 1.65063), (1.99055, 0.263533), (1.60561, 4.02457), (-1.1471, 0.284908), (-1.78779, 4.71171), (-1.94949, 3.9312), (1.87675, -0.314561), (-1.88909, 0.114894), (-1.24099, 1.38748), (-1.27729, 0.287351), (0.7754, 4.82893), (1.46261, 4.40401), (1.4124, 0.159003) ]
Média: 0.594693
Melhor (0.99028): (-3.02938, 0.812613)
Pior (0.0241004): (1.4124, 0.159003)

<------Geração 7------>

[ (3.00814, -0.894903), (-3.02938, 0.812613), (2.95197, -1.07573), (2.93488, -1.04501), (2.93995, -1.01175), (2.02457, 2.35381), (2.94971, -0.957924), (1.37511, 2.77294), (-2.98895, 0.79991), (1.63324, 2.59607), (2.88766, -1.43536), (2.72792, 1.32181), (1.97454, 2.60346), (-2.83426, 0.995933), (-1.49592, 2.97562), (2.77667, 0.985101), (2.84776, -0.645432), (2.11953, 1.97428), (2.86622, -0.290611), (1.05417, 2.66891), (0.621794, 6.00272), (1.43862, 5.85778), (-0.786991, 2.6825), (-2.46667, 1.29126), (-1.65167, 3.11251), (2.0813, 1.80076), (0.60851, 5.85923), (1.10117, 5.74467), (-2.38824, 2.7484), (2.57603, -0.564435), (-1.28787, 2.29396), (-2.11969, 2.98251), (-0.102309, 3.71823), (2.51168, -0.300136), (2.50639, 0.0221598), (-0.186778, 2.46936), (0.552139, 0.47823), (0.524123, 2.32738), (0.383096, 5.51487), (3.82303, -1.0229), (2.25867, 0.490643), (2.27998, -0.152872), (2.26537, -0.289157), (1.11494, -0.150672), (0.79983, 4.25022), (1.37656, 4.70054), (0.403767, 4.52273), (1.75348, -0.135891), (1.11664, 4.63107), (-1.54721, 0.344682) ]
Média: 0.718091
Melhor (0.990284): (3.00814, -0.894903)
Pior (0.00270774): (-1.54721, 0.344682)

<------Geração 8------>

[ (3.00814, -0.894903), (-3.02938, 0.812613), (2.94086, -1.05576), (1.99167, 2.4515), (2.7782, 1.55018), (2.93197, -0.948847), (2.53853, -1.71603), (1.64511, 2.56403), (2.90092, -0.864926), (-0.164922, 0.0018216), (-1.44652, 2.56192), (1.87239, 2.25914), (-2.15977, 1.94329), (-1.77748, 2.88735), (1.90088, 2.121), (2.67051, -0.949255), (1.70376, 2.26415), (1.43815, 5.83504), (-2.51341, 1.28067), (1.99384, 2.89339), (-0.617508, 2.68959), (2.7087, -0.518117), (-2.61935, 0.848877), (2.22786, 1.60206), (1.71762, 2.10719), (5.77904e-05, 2.71542), (0.49089, 2.6247), (2.61966, 0.409195), (2.15273, 1.54596), (-2.49841, 0.882481), (1.92415, 1.81071), (2.36872, 1.05148), (2.4885, -0.690631), (-0.236027, 2.48232), (1.8192, 1.68591), (2.30598, -0.849135), (2.32396, -0.537948), (1.9909, 1.26997), (0.452639, 0.746348), (1.62618, 1.53934), (-0.746108, 0.547088), (0.868285, 5.15163), (1.93882, -0.734798), (2.02222, -0.406958), (-1.17053, 0.225803), (1.04099, 0.901024), (0.221175, 4.77625), (-0.16587, 4.75842), (0.731318, 4.70185), (-0.439553, 1.48532) ]
Média: 0.687589
Melhor (0.990284): (3.00814, -0.894903)
Pior (0.00286393): (-0.439553, 1.48532)

<------Geração 9------>

[ (3.00814, -0.894903), (-3.02938, 0.812613), (2.93995, -1.04487), (1.95182, 2.53807), (2.58091, 1.6538), (2.90884, -0.902784), (1.67922, 2.50494), (-0.164922, 0.0018216), (2.91478, -0.637923), (-1.71008, 2.86756), (0.0318709, 0.238547), (-0.257889, 0.052446), (-1.28227, 2.58722), (2.80884, -0.613511), (2.23734, 1.80426), (2.87343, 0.0245786), (1.97342, 2.78675), (2.85595, 0.00597712), (0.308506, 0.0385177), (2.67013, -0.799382), (1.76463, 2.15334), (2.46705, -1.2895), (-0.617508, 2.68959), (1.63356, 2.21846), (-0.679198, 2.64158), (1.41925, 2.31508), (2.51152, -0.916029), (1.89544, 1.87783), (-1.43218, 2.2034), (1.90129, 1.78574), (0.162596, 2.5604), (2.36971, 0.784479), (0.371665, 0.538575), (2.0048, 1.46896), (2.31838, -0.895356), (2.21308, 1.03063), (1.26573, 2.08011), (-0.331633, 2.33447), (0.731453, 0.338926), (-1.06056, 2.04726), (0.885791, -0.295227), (-0.926031, 0.154376), (1.39478, 1.59949), (-1.16859, 1.55248), (1.76433, 0.778516), (-1.08451, 1.5154), (1.27799, 1.35526), (1.10736, 4.63136), (0.847376, 1.49099), (1.41415, 0.342031) ]
Média: 0.68891
Melhor (0.990284): (3.00814, -0.894903)
Pior (0.015419): (1.41415, 0.342031)

<------Geração 10------>

[ (-0.0364866, 0.0117768), (3.00814, -0.894903), (3.00814, -0.894903), (-3.02938, 0.812613), (-3.01242, 0.839033), (-1.26798, 2.82026), (1.7925, 2.51871), (1.98149, 2.49636), (2.02128, 2.28263), (2.90884, -0.902784), (1.69016, 2.47475), (1.67551, 2.48165), (2.89957, -0.743492), (2.01226, 2.60641), (-1.69854, 2.86), (1.44643, 2.51843), (2.88995, -0.241104), (0.00380859, 0.333383), (2.67166, -0.798371), (2.6205, -0.948803), (2.7077, 0.643715), (2.27282, 1.59262), (0.356507, -0.145537), (2.72174, -0.190993), (1.87447, 3.06752), (2.52084, -0.915718), (2.61351, 0.487008), (2.5155, 0.857963), (1.90723, 1.83373), (1.45111, 2.21221), (2.34935, -1.17236), (-0.961338, 2.39832), (2.56979, 0.262346), (3.40259, 1.50379), (-2.4539, 0.672751), (0.214473, 2.52779), (2.45263, 0.369849), (2.16246, 1.17088), (1.52459, 1.90214), (2.23658, 0.941776), (0.369332, 0.642726), (0.461548, 2.35496), (0.687316, 0.322327), (1.91047, 1.25578), (2.01082, 0.871577), (-0.367747, 2.02327), (-0.521786, 1.83359), (1.0806, -0.759246), (1.40936, 0.34586), (1.65731, 0.104688) ]
Média: 0.735591
Melhor (0.998529): (-0.0364866, 0.0117768)
Pior (0.0107481): (1.65731, 0.104688)

<------Geração 11------>

[ (-0.0364866, 0.0117768), (3.00814, -0.894903), (3.00814, -0.894903), (1.83885, 2.5372), (2.19915, 2.27294), (1.82383, 2.48639), (2.03201, 2.31295), (1.73986, 2.50204), (0.150138, -0.0437994), (2.90308, -0.701159), (-1.16673, 2.74385), (2.82882, -0.915555), (2.15004, 2.51855), (2.2305, 2.4789), (2.88494, -0.233218), (2.73167, -0.906713), (2.20735, 1.78377), (2.8123, -0.344969), (-0.625161, 2.74518), (1.68794, 2.24146), (2.32697, 1.55276), (2.32623, 1.51035), (-0.610069, 2.69106), (1.89859, 2.98682), (2.73426, 0.0623594), (2.67456, -0.361192), (2.69281, -0.00976036), (2.56619, -0.788397), (2.67393, -0.022123), (2.45738, 1.04145), (-2.53873, 0.712235), (2.03191, 1.60099), (1.72464, 1.91037), (2.54681, -0.178133), (1.07868, 2.26917), (2.46381, -0.0329191), (1.36618, 1.99785), (1.16976, 2.06286), (2.1598, 0.891019), (-0.938982, 2.06997), (-0.40313, 0.847928), (0.224436, 2.0527), (2.00641, 0.378135), (1.17146, 0.228402), (-1.20398, 0.318199), (0.447198, 1.24484), (0.883102, 1.44993), (0.889678, 1.41569), (1.15675, 1.02166), (0.951555, 1.26308) ]
Média: 0.693259
Melhor (0.998529): (-0.0364866, 0.0117768)
Pior (0.00260329): (0.951555, 1.26308)

<------Geração 12------>

[ (-0.0183649, 0.00738172), (-0.0364866, 0.0117768), (3.00814, -0.894903), (2.10033, 2.37006), (1.82579, 2.48136), (2.97357, -0.774101), (2.96091, -0.807803), (1.90525, 2.39499), (2.65466, 1.83824), (2.91015, -0.899089), (1.88948, 2.36231), (2.11173, 2.48108), (1.75794, 2.44488), (1.8692, 2.35685), (1.77136, 2.40708), (1.86102, 2.73535), (-0.976332, 2.74432), (2.88494, -0.233218), (2.33479, 1.64573), (1.99711, 2.02503), (2.84048, -0.0707391), (1.13659, 2.58549), (1.99567, 1.97886), (2.69111, -0.800495), (2.20926, 1.7092), (2.20908, 2.71897), (2.58519, 0.862186), (2.51217, 1.02008), (2.648, -0.284906), (2.61734, 0.151812), (1.88574, 1.81472), (2.49548, 0.772395), (2.57678, -0.207376), (0.544083, -0.17612), (2.53247, 0.198046), (-0.204299, 2.51257), (2.51195, -0.107904), (0.649715, 2.42418), (2.43127, -0.301864), (2.31706, 0.620419), (1.17719, 2.06858), (0.453373, 2.31573), (0.516088, 0.613132), (-0.519276, 2.25352), (2.22961, -0.123319), (0.91952, 0.357235), (1.21094, -0.359705), (1.10757, 0.915258), (-0.278625, 1.49859), (-0.224568, 1.56947) ]
Média: 0.747573
Melhor (0.999608): (-0.0183649, 0.00738172)
Pior (0.00271787): (-0.224568, 1.56947)

<------Geração 13------>

[ (-0.0183649, 0.00738172), (-0.0329188, 0.0109115), (-0.0364866, 0.0117768), (-0.0364866, 0.0117768), (2.03788, 2.35591), (2.09646, 2.37163), (2.20133, 2.35067), (2.87694, -1.01016), (2.26836, 2.02839), (1.89346, 2.37057), (2.29595, 1.97737), (1.79496, 2.43928), (1.89168, 2.35813), (2.22876, 2.04032), (2.051, 2.2183), (1.92376, 2.3098), (1.8453, 2.36911), (2.80764, -0.852946), (2.7667, 0.971881), (2.17036, 2.59475), (2.84609, -0.405269), (2.84137, -0.346468), (1.99784, 2.02748), (2.01586, 1.9943), (2.75999, -0.463308), (2.0165, 1.93678), (2.34814, 1.50037), (1.34095, 2.43709), (2.75862, 0.160093), (2.70528, 0.55154), (0.298181, 0.24921), (1.89189, 1.9978), (2.20052, 1.6165), (2.22141, 1.48632), (2.67162, 0.0658729), (2.63038, 0.449674), (2.64021, 0.118071), (1.30332, 2.2262), (2.54517, -0.173905), (0.629271, -0.161778), (3.71225, -0.804601), (2.21522, 0.720121), (1.32098, 1.8367), (1.72569, 1.43184), (1.31766, 1.80752), (2.05836, 0.138985), (1.03954, -0.308662), (1.09851, 1.64088), (1.22552, 1.39451), (1.77194, -0.460239) ]
Média: 0.783647
Melhor (0.999608): (-0.0183649, 0.00738172)
Pior (0.0689542): (1.77194, -0.460239)

<------Geração 14------>

[ (-0.0183649, 0.00738172), (-0.0329188, 0.0109115), (-0.0364866, 0.0117768), (2.04776, 2.36842), (2.08751, 2.32973), (2.11338, 2.33772), (2.24841, 2.16493), (2.22574, 2.25436), (2.17662, 2.35561), (1.89447, 2.35568), (2.08948, 2.18339), (1.88121, 2.36061), (1.85992, 2.35806), (2.13254, 2.10982), (0.143129, 0.16512), (2.13604, 1.99979), (2.74832, 1.00106), (2.13263, 1.90957), (2.82805, -0.371198), (1.99967, 2.01855), (1.99981, 2.01787), (2.05102, 1.95772), (2.78462, -0.3772), (0.278343, 0.2033), (2.15316, 1.70697), (2.22911, 1.58879), (2.06276, 2.88445), (2.08789, 1.72861), (2.55156, -0.895981), (2.2569, 1.48436), (2.02626, 1.78285), (1.76005, 2.04128), (0.323685, 0.326908), (2.158, 1.58349), (2.56941, 0.519647), (2.52329, 0.660518), (1.71512, 1.94972), (2.28527, 1.20312), (2.27397, 1.20991), (2.46595, 0.740283), (0.404928, 0.409818), (2.45672, 0.675664), (0.440309, 0.412759), (0.652526, -0.228399), (2.38057, -0.289174), (2.21269, -0.672013), (0.721373, 0.778161), (0.737636, 0.830809), (1.29312, 1.20245), (1.40726, -0.493646) ]
Média: 0.793121
Melhor (0.999608): (-0.0183649, 0.00738172)
Pior (0.00848995): (1.40726, -0.493646)

<------Geração 15------>

[ (-0.0183649, 0.00738172), (-0.0209272, 0.00800315), (-0.0329188, 0.0109115), (-0.035216, 0.0114686), (2.06446, 2.36061), (2.11158, 2.32606), (2.09402, 2.32151), (2.22029, 2.23962), (2.21772, 2.27088), (2.0499, 2.44222), (2.07857, 2.27443), (0.0668597, 0.100007), (2.10968, 2.22332), (2.23241, 2.08958), (1.95199, 2.3466), (1.93012, 2.33816), (1.8962, 2.35314), (1.9387, 2.24324), (2.13031, 2.02372), (2.6314, 1.28147), (0.119163, 0.202419), (2.68713, 1.11125), (2.04368, 2.06445), (1.89443, 2.19572), (1.9818, 2.09979), (2.17533, 1.87415), (2.34005, 1.66338), (2.76385, -0.127864), (2.27252, 1.56118), (2.24025, 1.54135), (0.285391, 0.332345), (0.28115, 0.355429), (1.73871, 2.00311), (2.12968, 1.56355), (2.56523, 0.536339), (2.51876, 0.685295), (2.35853, 1.10467), (0.384454, 0.398866), (2.32042, 1.10967), (1.66461, 1.93519), (0.972229, 2.33931), (0.587553, 0.233462), (2.312, 0.358558), (0.680431, 0.47211), (0.564318, 0.614774), (1.68626, 1.4004), (1.70012, 0.902867), (0.854772, 0.961861), (1.16141, 1.37938), (1.20227, 1.22763) ]
Média: 0.791927
Melhor (0.999608): (-0.0183649, 0.00738172)
Pior (0.0244104): (1.20227, 1.22763)

<------Geração 16------>

[ (-0.0183649, 0.00738172), (-0.0209272, 0.00800315), (-0.0210233, 0.00802646), (-0.024014, 0.00875178), (0.00530658, 0.035497), (0.0341296, 0.0837494), (0.0398988, 0.0895238), (2.07179, 2.35523), (2.07273, 2.34966), (2.17066, 2.29863), (2.20838, 2.1834), (2.09135, 2.29442), (2.10349, 2.26831), (2.03321, 2.30515), (1.99146, 2.3379), (0.0754634, 0.116853), (2.02919, 2.25108), (1.95776, 2.26103), (2.15474, 2.0628), (2.00141, 2.19113), (2.14063, 2.0529), (0.115661, 0.16095), (2.07096, 2.05961), (2.05322, 2.05174), (1.97138, 2.09564), (2.17297, 1.88198), (1.74147, 2.2807), (2.10776, 1.94251), (2.08195, 1.95059), (1.95666, 2.81358), (1.72636, 2.0934), (2.5, 1.0141), (2.58829, 0.407216), (0.403295, 0.480737), (1.65915, 1.84581), (0.644983, 0.190074), (1.07724, 2.19423), (-0.127891, 0.688793), (2.19893, 0.922837), (1.55449, 1.78444), (1.50137, 1.71866), (0.621202, 0.707493), (0.658309, 0.699939), (1.64865, 1.40609), (0.714965, 0.695547), (0.693598, 0.761099), (0.709258, 0.767717), (0.830702, 0.866856), (1.27931, 1.42899), (0.791116, 0.945742) ]
Média: 0.762698
Melhor (0.999608): (-0.0183649, 0.00738172)
Pior (0.111014): (0.791116, 0.945742)

<------Geração 17------>

[ (-0.0183649, 0.00738172), (-0.0183649, 0.00738172), (-0.0209272, 0.00800315), (-0.0150262, 0.0169501), (-0.0225854, 0.00840531), (-0.0230434, 0.0085164), (0.0154675, 0.058127), (0.0327115, 0.0813754), (0.041577, 0.0904416), (2.05784, 2.33712), (2.08305, 2.29097), (2.14145, 2.20868), (2.10381, 2.24235), (2.1246, 2.20935), (0.0163293, -0.122374), (1.911, 2.31599), (2.01936, 2.21848), (2.07161, 2.16636), (2.10534, 2.12709), (0.172888, 0.0376922), (2.07122, 2.15257), (2.14053, 2.0747), (0.173932, 0.0853379), (1.93722, 2.20521), (1.96652, 2.74808), (1.94225, 2.06184), (0.212904, 0.25059), (2.54097, 2.35472), (2.71911, 2.2505), (1.81306, 2.05975), (1.76163, 2.00329), (0.363027, 0.335969), (0.354461, 0.375309), (0.284156, -0.479377), (2.00403, 1.56651), (1.65756, 1.88462), (0.464863, 0.468941), (1.61995, 1.80549), (0.6818, 0.684309), (1.46086, 1.58991), (0.452744, 0.927159), (0.738486, 0.866501), (1.50084, 1.3079), (0.429269, 1.07901), (1.26995, 1.4053), (1.22427, 1.39977), (0.869709, 1.00213), (1.0438, 1.37946), (0.928228, 1.12656), (1.09837, 1.21635) ]
Média: 0.72343
Melhor (0.999608): (-0.0183649, 0.00738172)
Pior (0.00727782): (1.09837, 1.21635)

<------Geração 18------>

[ (-0.0174277, -0.00892778), (-0.0183649, 0.00738172), (-0.0183649, 0.00738172), (-0.0209272, 0.00800315), (-0.0157114, 0.0162294), (-0.0218458, 0.00822595), (-0.0145845, -0.0184828), (-0.0116064, 0.0215681), (0.014481, 0.054704), (0.0154675, 0.058127), (0.032611, 0.0576879), (0.0214631, 0.06508), (0.0353359, 0.0822101), (2.27679, 2.11309), (0.0163293, -0.122374), (2.19434, 2.11251), (0.133642, 0.0707563), (2.10236, 2.13055), (2.00177, 2.60981), (0.158915, 0.195248), (0.113559, -0.242763), (0.178935, 0.21869), (1.96094, 2.07508), (1.86481, 2.12052), (2.04846, 1.70899), (-0.168876, 0.481374), (1.72958, 1.96698), (0.405409, 0.360409), (0.429303, 0.394222), (0.364162, 0.470485), (1.69244, 1.86714), (0.139515, -0.644582), (0.442828, 0.535938), (0.462516, 0.532575), (1.67045, 1.72934), (1.62462, 1.73769), (1.56806, 1.78836), (1.50339, 1.82968), (0.495757, 0.627008), (1.56378, 1.63241), (0.622959, 0.781741), (1.37159, 1.42915), (0.882253, 0.94079), (1.22178, 1.3157), (1.175, 1.25887), (1.17287, 1.23261), (1.20437, 1.17958), (1.0097, 1.05843), (1.09904, 1.22325), (1.07251, 1.22276) ]
Média: 0.679553
Melhor (0.999616): (-0.0174277, -0.00892778)
Pior (0.00571614): (1.07251, 1.22276)

<------Geração 19------>

[ (0.00292611, 0.0097783), (-0.00950909, -0.00570285), (-0.0123211, 0.0119566), (-0.018523, -0.00362868), (-0.00854327, 0.0170743), (-0.0193427, 0.00138633), (-0.0174277, -0.00892778), (-0.0195151, 0.00210662), (-0.0183649, 0.00738172), (-0.0183649, 0.00738172), (-0.0152586, -0.0138711), (-0.0163118, -0.0126782), (-0.0161054, -0.0133718), (-0.0162301, 0.0154112), (-0.0210639, 0.0080363), (-0.0215358, 0.00815076), (-0.00981901, 0.0239816), (-0.00667254, 0.0282304), (0.0164999, 0.0303549), (0.0204858, 0.0293952), (0.011672, 0.0491023), (-0.0313126, 0.0514788), (0.0191629, 0.0624125), (0.0326988, 0.0785355), (0.0932146, 0.105254), (0.0607404, -0.142612), (0.0924807, 0.138062), (0.116869, 0.143453), (0.128309, 0.165623), (0.124662, 0.265026), (0.298911, 0.0162294), (0.330895, 0.0083448), (0.247843, 0.228925), (0.306875, 0.279188), (0.304222, 0.333039), (0.387887, 0.345925), (0.416939, 0.374397), (0.418777, 0.386842), (-0.573266, 0.0115995), (0.426888, 0.433238), (0.42127, 0.488725), (1.6007, 1.82299), (0.566982, 0.442657), (0.58709, 0.613001), (1.72775, 1.45206), (-0.0197019, -0.979172), (1.28689, 1.47069), (0.910416, 0.891006), (1.12786, 1.47642), (1.05555, 0.992656) ]
Média: 0.817931
Melhor (0.999896): (0.00292611, 0.0097783)
Pior (0.0167964): (1.05555, 0.992656)

<------Geração 20------>

[ (-0.000760971, 0.00367737), (-0.00236623, 0.00360053), (-0.00725524, -0.00210645), (0.00292611, 0.0097783), (-0.00945877, -0.00451619), (-0.0106097, 0.00120903), (-0.00950909, -0.00570285), (0.00101889, 0.0113348), (-0.00145025, 0.0125622), (-0.00834727, 0.010273), (-0.013904, 0.00136197), (-0.0101074, 0.0116404), (-0.00494167, 0.0147832), (-0.0156025, 0.00330027), (-0.00918567, 0.014114), (-0.0123211, 0.0119566), (-0.0177201, 0.00108214), (-0.0135605, -0.0116627), (-0.00859749, 0.0157955), (-0.0178412, -0.00545873), (-0.009432, 0.0161973), (-0.0187237, -0.002401), (-0.0189577, -0.000686959), (-0.0193787, 0.00153697), (0.00167234, 0.0193949), (-0.0192663, 0.00324764), (-0.0174277, -0.00892778), (-0.0168743, -0.0107878), (-0.0162626, -0.012693), (-0.0204629, 0.00395585), (-0.0124258, 0.0193635), (-0.00937424, 0.0215735), (-0.00712801, 0.0270059), (0.01303, 0.0271181), (-0.000149339, 0.0356523), (0.00732942, 0.0378661), (0.00672446, 0.0403508), (0.00966898, 0.0400962), (0.0116133, 0.0489704), (0.0495885, 0.0712342), (-0.0193427, 0.101599), (-0.0175828, 0.137346), (-0.138319, 0.0145758), (-0.0180658, 0.158637), (0.191575, 0.013481), (-0.313346, 0.00446449), (0.279154, 0.274831), (-0.00704715, 0.476125), (-0.864406, 0.0103122), (1.53381, -0.00664526) ]
Média: 0.956729
Melhor (0.999986): (-0.000760971, 0.00367737)
Pior (0.00370429): (1.53381, -0.00664526)

<------Geração 21------>

[ (-0.000760971, 0.00367737), (-0.00405305, 0.000147415), (-0.00236623, 0.00360053), (-0.0021639, 0.00489709), (-0.00223308, 0.00490319), (-0.0052456, 0.00297174), (-0.00628128, -0.00224182), (-0.00727487, -0.00208705), (-0.00754298, 0.00209871), (-0.00645162, 0.00482973), (-0.00692064, 0.00520447), (-0.00536124, 0.00694178), (-0.00832505, 0.00415188), (0.0020068, 0.00990964), (0.00247233, 0.010014), (0.00247605, 0.0101456), (-0.00945877, -0.00451619), (0.00100468, 0.0112737), (-0.00905526, 0.00743658), (-0.00995685, -0.00674918), (-0.0115529, 0.00481132), (-0.0110783, -0.00646253), (-0.012784, 0.00147463), (-0.00898172, 0.00925556), (-0.0119309, 0.00559663), (-0.00295711, 0.0135208), (-0.0116765, 0.00790885), (-0.0150625, -0.000854365), (-0.0136949, -0.0063783), (-0.00492089, 0.014728), (-0.0152578, -0.00315843), (-0.00479037, 0.0150454), (-0.0109935, 0.011767), (-0.0131867, 0.00967324), (-0.0121833, 0.0115741), (-0.00918567, 0.014114), (-0.0085872, 0.0146912), (-0.0106691, 0.0139412), (-0.0175846, 0.00122557), (-0.0178282, 0.0010238), (-0.0144917, -0.0106166), (-0.00886869, 0.0159261), (-0.0189306, 0.00312958), (-0.0160597, -0.0114238), (-0.00573277, 0.0243221), (-0.00197068, 0.0259742), (0.0729418, -0.0106297), (0.24725, 0.00571064), (-0.00818139, 0.419928), (-0.879796, 0.101574) ]
Média: 0.983198
Melhor (0.999986): (-0.000760971, 0.00367737)
Pior (0.400584): (-0.879796, 0.101574)

<------Geração 22------>

[ (-0.00301566, 0.00125976), (-0.000760971, 0.00367737), (-0.000931722, 0.00382582), (-0.00405305, 0.000147415), (-0.00236623, 0.00360053), (-0.00114081, 0.00468639), (-0.00488239, 0.00118227), (-0.00198712, 0.00469837), (-0.00240411, 0.00456884), (-0.00225102, 0.00489572), (-0.00220341, 0.00496157), (-0.00507416, 0.00214075), (-0.00340084, 0.00448493), (-0.00355968, 0.00458455), (-0.0052456, 0.00297174), (-0.00524647, 0.00300146), (-0.00122027, 0.00600326), (-0.00609381, 0.000857225), (-0.00584582, 0.00210489), (-0.00636055, 0.00104896), (-0.00667953, 0.000652388), (-0.00370688, 0.00586365), (-0.00696249, 0.0024053), (-0.00716798, -0.00196081), (-0.00788974, -0.000375733), (-0.00626657, 0.00486343), (-0.00793831, -0.0025305), (-0.00673514, 0.00505626), (-0.00755446, 0.00379923), (-0.00719932, 0.00473212), (-0.00251402, 0.00824704), (-0.00795318, 0.00411812), (-0.00930742, -3.28285e-05), (-0.00826567, 0.00433488), (-0.00890621, -0.00379587), (-0.0066529, 0.00724097), (-0.00613918, 0.00796698), (0.00232308, 0.00980504), (-0.00992242, -0.00244237), (0.000486204, 0.0102303), (0.00100468, 0.0112737), (-0.0104336, 0.00456096), (-0.00874204, 0.00766284), (-0.0107297, 0.00512084), (-0.0115131, 0.0069933), (-0.0121528, -0.00683504), (-0.00681589, 0.0121743), (-0.00433839, 0.0143885), (-0.0298349, 0.00494936), (-0.00884894, 0.661692) ]
Média: 0.992359
Melhor (0.999989): (-0.00301566, 0.00125976)
Pior (0.622283): (-0.00884894, 0.661692)

<------Geração 23------>

[ (-0.00301566, 0.00125976), (-0.0032089, 0.00125174), (-0.00343604, 0.00124231), (-0.000935525, 0.00361518), (-0.000760971, 0.00367737), (-0.000847066, 0.00375222), (-0.0011025, 0.00373153), (-0.000893598, 0.00379267), (-0.00123451, 0.00383842), (-0.00408973, 0.00019318), (-0.00256274, 0.00341347), (-0.00388978, 0.0017832), (-0.000874854, 0.00425406), (-0.00367634, 0.00234139), (-0.00235746, 0.00369907), (-0.00288196, 0.00335776), (-0.00362098, 0.00302088), (-0.00238557, 0.00409482), (-0.00179974, 0.00452673), (-0.00463788, 0.00172735), (-0.00338184, 0.00383685), (-0.00511277, -0.000320172), (-0.00311025, 0.00423653), (-0.0026711, 0.00454998), (-0.00308827, 0.00460935), (-0.00420702, 0.00377106), (-0.00228224, 0.0052935), (-0.00374957, 0.00440289), (-0.00428195, 0.0038936), (-0.00566179, 0.0013134), (-0.00543248, 0.0021241), (-0.00511403, 0.00281724), (-0.00315599, 0.00493371), (-0.00518597, 0.00282059), (-0.00122027, 0.00600326), (-0.00555051, 0.00262382), (-0.00282996, 0.00546133), (-0.00654995, 0.000697703), (-0.00511358, 0.00419344), (-0.0033877, 0.00580095), (-0.00637599, 0.00270475), (-0.00559945, 0.00435754), (-0.00598172, 0.00421303), (-0.00563632, 0.00469013), (-0.00627798, 0.00485399), (-0.00744743, 0.00357242), (-0.00513617, -0.104633), (0.154163, -0.00165522), (-0.00681585, 0.548651), (-0.872136, 0.00231573) ]
Média: 0.982115
Melhor (0.999989): (-0.00301566, 0.00125976)
Pior (0.413825): (-0.872136, 0.00231573)

<------Geração 24------>

[ (-0.00274127, 0.0016046), (-0.00228818, 0.00228719), (-0.00301268, 0.00126313), (-0.00301566, 0.00125976), (-0.00283917, 0.00164317), (-0.00305264, 0.00125823), (-0.003087, 0.00146732), (-0.0032089, 0.00125174), (-0.00190306, 0.00287756), (-0.0032852, 0.00142961), (-0.00336185, 0.0014113), (-0.000995553, 0.00359501), (-0.00107605, 0.00359245), (-0.00369512, 0.000667413), (-0.000997522, 0.00364381), (-0.00166994, 0.00340985), (-0.00334008, 0.00181491), (-0.00131494, 0.00357293), (-0.00109682, 0.00368967), (-0.000875541, 0.00377697), (-0.00139785, 0.00364998), (-0.00319972, 0.00226556), (-0.00143514, 0.00365675), (-0.00149538, 0.0036365), (-0.00143751, 0.00373144), (-0.00137126, 0.00376213), (-0.00123451, 0.00383842), (-0.00406255, 0.000225846), (-0.00218211, 0.00345032), (-0.00134482, 0.00389306), (-0.00339359, 0.0024728), (-0.00277601, 0.00315146), (-0.00261884, 0.00343453), (-0.00394334, 0.00179503), (-0.0018956, 0.00397873), (-0.00288196, 0.00335776), (-0.00432324, 0.00160037), (-0.00458978, 0.00171134), (-0.00432453, 0.0023116), (-0.00254164, 0.00440029), (-0.00374887, 0.0036509), (-0.00484186, 0.00240977), (-0.00422854, 0.00375672), (-0.0049821, 0.00306257), (-0.005173, 0.00411722), (0.0752821, 0.00418447), (-0.00408973, 0.0850067), (-0.226817, 0.316345), (-0.00327307, 0.581747), (1.3789, 0.00106713) ]
Média: 0.971565
Melhor (0.99999): (-0.00274127, 0.0016046)
Pior (0.0381333): (1.3789, 0.00106713)

<------Geração 25------>

[ (-0.0026527, 0.00173911), (-0.00269837, 0.00166923), (-0.00274127, 0.0016046), (-0.00242354, 0.00206511), (-0.00228818, 0.00228719), (-0.00240144, 0.00217094), (-0.00285232, 0.00156887), (-0.00271054, 0.00181279), (-0.00301268, 0.00126313), (-0.00291353, 0.00152424), (-0.0026198, 0.00199361), (-0.00235711, 0.00231225), (-0.00199225, 0.00267814), (-0.00290219, 0.00172065), (-0.00250919, 0.00225614), (-0.00238049, 0.00239844), (-0.00315451, 0.0012549), (-0.00154598, 0.00302728), (-0.00147039, 0.00311819), (-0.00172318, 0.00302914), (-0.00191339, 0.00292349), (-0.00158761, 0.00319664), (-0.00126801, 0.00334997), (-0.00143516, 0.00329226), (-0.00327509, 0.00152845), (-0.00150313, 0.00331689), (-0.00118749, 0.00344413), (-0.00350488, 0.00102115), (-0.00361436, 0.000778243), (-0.00265764, 0.00257567), (-0.00331866, 0.00163886), (-0.00162124, 0.00333176), (-0.00107382, 0.00356786), (-0.00105053, 0.00359326), (-0.00130546, 0.00360406), (-0.00111909, 0.00366802), (-0.00109682, 0.00368967), (-0.00118944, 0.00371928), (-0.00192877, 0.00348614), (-0.00184619, 0.00365996), (-0.00286704, 0.00333084), (-0.00288224, 0.0033535), (-0.0603831, 0.00358454), (-0.00253756, -0.0612029), (-0.00179808, -0.27514), (-0.302654, 0.00172459), (-0.00136778, -0.338077), (-0.0024934, -0.371134), (-0.432876, 0.00189574), (-0.799453, 0.00288818) ]
Média: 0.977948
Melhor (0.99999): (-0.0026527, 0.00173911)
Pior (0.485959): (-0.799453, 0.00288818)

<------Geração 26------>

[ (-0.00254852, 0.00188334), (-0.0025965, 0.00181905), (-0.0026527, 0.00173911), (-0.00266782, 0.00171598), (-0.00264644, 0.00174987), (-0.00269837, 0.00166923), (-0.00271881, 0.00163679), (-0.00267933, 0.00170783), (-0.00233819, 0.00216951), (-0.00237404, 0.00215783), (-0.00193722, 0.00256161), (-0.00248817, 0.00204156), (-0.00247086, 0.00206784), (-0.00255707, 0.00196679), (-0.00251984, 0.00202698), (-0.00256115, 0.00198401), (-0.00246038, 0.00211766), (-0.0021771, 0.0024132), (-0.00230543, 0.00230798), (-0.00249799, 0.00210144), (-0.00179557, 0.00273021), (-0.00206657, 0.00253488), (-0.00287359, 0.00156833), (-0.00219218, 0.00245017), (-0.00249378, 0.00215949), (-0.00280148, 0.00176907), (-0.00242581, 0.00226414), (-0.00307168, 0.00125971), (-0.00305439, 0.00133962), (-0.00288733, 0.00167543), (-0.00213465, 0.00257555), (-0.00244705, 0.00228142), (-0.00279412, 0.001842), (-0.00219783, 0.00253003), (-0.0018503, 0.00280312), (-0.00200647, 0.00272635), (-0.00313808, 0.00127075), (-0.00211243, 0.00264633), (-0.00318607, 0.00143844), (-0.00238538, 0.00270779), (-0.00150498, 0.00330438), (-0.00354879, 0.000846274), (-0.00236163, -0.0138966), (-0.0240163, 0.0685731), (0.0923866, 0.00229875), (-0.00269188, 0.11162), (0.212415, 0.00217706), (-0.00254041, -0.228942), (-0.00284897, 0.528701), (0.253001, -0.600693) ]
Média: 0.985088
Melhor (0.99999): (-0.00254852, 0.00188334)
Pior (0.631904): (0.253001, -0.600693)

<------Geração 27------>

[ (-0.00248787, 0.0019103), (-0.00233282, 0.00210648), (-0.00222192, 0.00225019), (-0.00212598, 0.00234191), (-0.00260845, 0.00179657), (-0.00256719, 0.00185749), (-0.00254852, 0.00188334), (-0.00255417, 0.00187623), (-0.00254142, 0.0018945), (-0.0025965, 0.00181905), (-0.00261217, 0.00179735), (-0.00264102, 0.00175472), (-0.0026498, 0.00174409), (-0.0026966, 0.00167286), (-0.00269153, 0.00168309), (-0.00267439, 0.00171442), (-0.00268073, 0.00170499), (-0.00261951, 0.00180352), (-0.00269461, 0.0016942), (-0.0025891, 0.00186067), (-0.00239624, 0.00210432), (-0.00259637, 0.00186142), (-0.00219075, 0.00232702), (-0.00235144, 0.00216519), (-0.00265478, 0.00178107), (-0.00261968, 0.00183493), (-0.00262972, 0.00182859), (-0.00237404, 0.00215783), (-0.00255372, 0.00194399), (-0.00236754, 0.00217206), (-0.00233396, 0.00220981), (-0.00259684, 0.00189433), (-0.00256609, 0.00193718), (-0.00247086, 0.00206784), (-0.00200989, 0.00252212), (-0.00258404, 0.0019336), (-0.00241902, 0.00213702), (-0.00250192, 0.00204036), (-0.00198566, 0.00255574), (-0.00249224, 0.00206637), (-0.00229402, 0.00228647), (-0.00253079, 0.00202636), (-0.00252454, 0.00204382), (-0.00218828, 0.00240404), (-0.0022353, 0.00236548), (-0.00208737, 0.00251513), (-0.00294208, 0.00148429), (-0.00269209, 0.00206063), (-0.002529, 0.0169355), (-0.342667, 0.0023089) ]
Média: 0.997724
Melhor (0.99999): (-0.00248787, 0.0019103)
Pior (0.887008): (-0.342667, 0.0023089)

<------Geração 28------>

[ (-0.0024736, 0.00192732), (-0.00248787, 0.0019103), (-0.00239558, 0.00202785), (-0.00233282, 0.00210648), (-0.00235456, 0.00208387), (-0.00237011, 0.00206769), (-0.00253889, 0.00185672), (-0.00233614, 0.00210652), (-0.00244692, 0.00197915), (-0.00227169, 0.00217999), (-0.00256909, 0.00182237), (-0.00253701, 0.00187768), (-0.00253046, 0.00189137), (-0.00244479, 0.00200152), (-0.00246918, 0.00197246), (-0.00212598, 0.00234191), (-0.00226977, 0.00220435), (-0.00261552, 0.00178321), (-0.00261008, 0.00179451), (-0.00259498, 0.00181645), (-0.00255119, 0.00187777), (-0.00261759, 0.00178483), (-0.00256935, 0.00185526), (-0.00225434, 0.0022283), (-0.00254142, 0.0018945), (-0.00259196, 0.00182501), (-0.00259952, 0.00181488), (-0.00262355, 0.00178052), (-0.00260794, 0.00180357), (-0.0026516, 0.00173913), (-0.00251034, 0.00193844), (-0.00263654, 0.0017646), (-0.00266359, 0.00172526), (-0.00268434, 0.00169329), (-0.00258945, 0.00183855), (-0.00260258, 0.00182369), (-0.0026073, 0.00181711), (-0.00264879, 0.0017609), (-0.00264596, 0.0017879), (-0.00259577, 0.00186163), (-0.00247661, 0.00201856), (-0.00262201, 0.00182618), (-0.00250399, 0.00199549), (-0.00236176, 0.0021696), (-0.00250008, 0.00201709), (-0.00267924, -0.0175169), (-0.728335, 0.00175074), (-0.00265341, -0.817346), (-0.00234715, 1.03157), (-1.19857, 0.00202637) ]
Média: 0.948434
Melhor (0.99999): (-0.0024736, 0.00192732)
Pior (0.133325): (-1.19857, 0.00202637)

<------Geração 29------>

[ (-0.0023483, 0.00207676), (-0.0024736, 0.00192732), (-0.00248339, 0.00191564), (-0.00248787, 0.0019103), (-0.00240184, 0.00201915), (-0.00246833, 0.00193755), (-0.00237695, 0.00204954), (-0.00246647, 0.00194117), (-0.00239787, 0.00202581), (-0.00236603, 0.00206422), (-0.0024836, 0.00192169), (-0.0023802, 0.00204905), (-0.00246175, 0.00195034), (-0.00242616, 0.00199691), (-0.00235004, 0.00208943), (-0.00241039, 0.00202043), (-0.00236851, 0.00206952), (-0.00235459, 0.00208536), (-0.00251249, 0.00189214), (-0.00248072, 0.00193406), (-0.00248211, 0.0019323), (-0.0023423, 0.00210031), (-0.00241353, 0.00201827), (-0.00242775, 0.00200395), (-0.00241905, 0.00201529), (-0.00238516, 0.0020553), (-0.00247187, 0.00195427), (-0.00243514, 0.00200293), (-0.00252702, 0.00188829), (-0.00251688, 0.00190675), (-0.00251933, 0.00190355), (-0.00256505, 0.00184456), (-0.00249425, 0.00193928), (-0.00245066, 0.00199453), (-0.00256463, 0.00184851), (-0.00256672, 0.00184589), (-0.00260037, 0.0018028), (-0.00260397, 0.00179899), (-0.00254962, 0.0018763), (-0.0025803, 0.00183456), (-0.00254641, 0.00188241), (-0.00226093, 0.00221895), (-0.00261055, 0.00179654), (-0.0025939, 0.00182224), (-0.00249729, 0.00199269), (-0.0870379, 0.00192461), (-0.399078, 0.0018663), (-0.424095, 0.00179626), (-0.00243556, -0.432541), (-0.00247826, 0.734003) ]
Média: 0.980937
Melhor (0.99999): (-0.0023483, 0.00207676)
Pior (0.551246): (-0.00247826, 0.734003)

<------Geração 30------>

[ (-0.00236234, 0.00206001), (-0.0023483, 0.00207676), (-0.0024615, 0.00194175), (-0.00237001, 0.00205332), (-0.0024736, 0.00192732), (-0.00235469, 0.00207102), (-0.00235571, 0.00207032), (-0.00246267, 0.00194194), (-0.00248244, 0.00191684), (-0.00246205, 0.001944), (-0.00241149, 0.00200681), (-0.0024244, 0.00199146), (-0.00240284, 0.00201789), (-0.00242177, 0.00199531), (-0.00238966, 0.00203403), (-0.00237695, 0.00204954), (-0.0024748, 0.00193033), (-0.00239202, 0.00203237), (-0.00239418, 0.00203112), (-0.00237188, 0.00205712), (-0.00236788, 0.00206189), (-0.00236603, 0.00206422), (-0.00240658, 0.00201684), (-0.00248134, 0.00192455), (-0.00243911, 0.00197791), (-0.00243826, 0.00197987), (-0.00243787, 0.00198042), (-0.00239656, 0.00203034), (-0.00242021, 0.00200327), (-0.0023496, 0.00208621), (-0.00241144, 0.00201588), (-0.00236327, 0.0020722), (-0.00245998, 0.00195643), (-0.00248273, 0.00192785), (-0.00247626, 0.00193629), (-0.00235962, 0.00207709), (-0.00239942, 0.0020313), (-0.0023772, 0.00205899), (-0.0023836, 0.00205233), (-0.00245893, 0.00196159), (-0.00246801, 0.00195089), (-0.00236757, 0.00207183), (-0.00250748, 0.00190012), (-0.002424, 0.00200762), (-0.00250216, 0.00191803), (-0.00250591, 0.00191445), (-0.00249203, 0.00193478), (-0.0025542, 0.00186197), (-0.380087, 0.00188878), (-0.00239261, 0.450924) ]
Média: 0.993435
Melhor (0.99999): (-0.00236234, 0.00206001)
Pior (0.809949): (-0.00239261, 0.450924)

<------Geração 31------>

[ (-0.00239655, 0.00201922), (-0.00236234, 0.00206001), (-0.00240375, 0.00201183), (-0.0023483, 0.00207676), (-0.00237075, 0.00205114), (-0.00235234, 0.00207325), (-0.00236531, 0.00205891), (-0.00237452, 0.0020484), (-0.00236281, 0.00206193), (-0.00235957, 0.00206573), (-0.00236265, 0.00206225), (-0.00237024, 0.00205377), (-0.00248244, 0.00191684), (-0.00246254, 0.00194238), (-0.00239794, 0.00202173), (-0.00236475, 0.00206083), (-0.00242954, 0.00198438), (-0.00245778, 0.00194938), (-0.00246927, 0.00193508), (-0.00239728, 0.00202366), (-0.00236701, 0.00205914), (-0.00244505, 0.00196642), (-0.00245722, 0.00195128), (-0.00236359, 0.00206383), (-0.00243987, 0.00197313), (-0.00239629, 0.00202589), (-0.00238836, 0.0020354), (-0.00240553, 0.00201511), (-0.00240204, 0.00201946), (-0.00238355, 0.00204156), (-0.0024461, 0.00196621), (-0.00238557, 0.00203934), (-0.00238877, 0.0020365), (-0.0023891, 0.00203656), (-0.00237601, 0.00205205), (-0.00240317, 0.00202031), (-0.00237193, 0.00205706), (-0.00238828, 0.00203814), (-0.0023674, 0.0020625), (-0.00240076, 0.00202364), (-0.00248117, 0.00192474), (-0.00248, 0.00192628), (-0.00244224, 0.00197396), (-0.00247766, 0.00193005), (-0.00235974, 0.00207633), (-0.0166197, 0.00196393), (-0.0271436, 0.00198446), (0.374775, 0.00206985), (-0.0024086, 0.682072), (-0.771551, 0.00200298) ]
Média: 0.979615
Melhor (0.99999): (-0.00239655, 0.00201922)
Pior (0.513826): (-0.771551, 0.00200298)

<------Geração 32------>

[ (-0.00239655, 0.00201922), (-0.00239593, 0.00201998), (-0.00236906, 0.002052), (-0.00240357, 0.00201161), (-0.00239073, 0.00202685), (-0.00239526, 0.00202157), (-0.00239121, 0.00202642), (-0.00236234, 0.00206001), (-0.00240225, 0.00201337), (-0.00236237, 0.00206013), (-0.00240375, 0.00201183), (-0.00240548, 0.00200999), (-0.00241206, 0.00200219), (-0.00242375, 0.0019882), (-0.00243255, 0.00197765), (-0.00236234, 0.00206103), (-0.00245954, 0.00194414), (-0.00237432, 0.00204746), (-0.00235398, 0.00207108), (-0.00236125, 0.00206289), (-0.00240422, 0.00201282), (-0.00237963, 0.00204203), (-0.00242091, 0.00199305), (-0.00237479, 0.00204789), (-0.00236688, 0.00205728), (-0.00236278, 0.00206199), (-0.00236836, 0.0020556), (-0.00235966, 0.00206563), (-0.00237439, 0.00204882), (-0.00237355, 0.00204983), (-0.00240513, 0.00201278), (-0.00240846, 0.00200888), (-0.00247798, 0.00192293), (-0.00243029, 0.00198352), (-0.00241852, 0.00199787), (-0.00242543, 0.00198956), (-0.00243238, 0.00198115), (-0.0024519, 0.00195718), (-0.00237895, 0.00204523), (-0.00237952, 0.00204463), (-0.00240742, 0.00201183), (-0.00239095, 0.0020315), (-0.00240345, 0.00201727), (-0.00238695, 0.00203746), (-0.00238705, 0.00203755), (-0.0510783, 0.0019439), (-0.00241654, -0.2119), (-0.35767, 0.00205711), (-0.00241834, -0.70091), (-0.975141, -0.324135) ]
Média: 0.973633
Melhor (0.99999): (-0.00239655, 0.00201922)
Pior (0.26765): (-0.975141, -0.324135)

<------Geração 33------>

[ (-0.00239655, 0.00201922), (-0.00239614, 0.00201971), (-0.00239593, 0.00201998), (-0.00239082, 0.00202606), (-0.0023954, 0.00202072), (-0.00239458, 0.0020218), (-0.00239693, 0.00201911), (-0.00239027, 0.00202717), (-0.00239197, 0.00202519), (-0.00237776, 0.002042), (-0.00241102, 0.00200262), (-0.00242598, 0.00198448), (-0.00240223, 0.00201318), (-0.00240369, 0.00201146), (-0.00238125, 0.002038), (-0.00240537, 0.00200956), (-0.0023921, 0.00202536), (-0.00237139, 0.00204959), (-0.00239293, 0.00202442), (-0.0023941, 0.00202306), (-0.00239194, 0.00202568), (-0.00236284, 0.00205958), (-0.00239177, 0.00202594), (-0.002405, 0.00201023), (-0.00240479, 0.00201058), (-0.00243134, 0.00197848), (-0.00241052, 0.00200397), (-0.00238592, 0.00203322), (-0.00241084, 0.00200361), (-0.00241357, 0.00200045), (-0.0024239, 0.00198792), (-0.00238917, 0.0020296), (-0.00245247, 0.00195275), (-0.00243255, 0.00197765), (-0.00240362, 0.00201299), (-0.00235733, 0.00206707), (-0.00240286, 0.00201395), (-0.00235398, 0.00207108), (-0.00241805, 0.00199617), (-0.0024042, 0.00201283), (-0.0023773, 0.00204502), (-0.00242749, 0.00198552), (-0.00240489, 0.00201305), (-0.002417, 0.0322271), (-0.00242359, 0.0421681), (-0.00236955, -0.139233), (-0.00238294, 0.426062), (-0.00236649, 0.498052), (-0.0024008, -0.58238), (-0.00239447, -0.684836) ]
Média: 0.977506
Melhor (0.99999): (-0.00239655, 0.00201922)
Pior (0.599788): (-0.00239447, -0.684836)

<------Geração 34------>

[ (-0.00239655, 0.00201922), (-0.00239655, 0.00201922), (-0.00239643, 0.00201937), (-0.00239614, 0.00201971), (-0.00239751, 0.0020181), (-0.00239585, 0.00202008), (-0.00240227, 0.00201246), (-0.00239129, 0.00202551), (-0.00239672, 0.00201909), (-0.00240476, 0.00200958), (-0.00238663, 0.00203109), (-0.00239545, 0.00202069), (-0.00240316, 0.0020116), (-0.00238909, 0.00202831), (-0.00240381, 0.00201091), (-0.00239667, 0.00201944), (-0.00239645, 0.00201971), (-0.00239724, 0.00201878), (-0.00239192, 0.00202509), (-0.00239407, 0.00202255), (-0.00240034, 0.00201512), (-0.00239281, 0.0020241), (-0.00240388, 0.00201097), (-0.00240051, 0.00201501), (-0.00239936, 0.00201638), (-0.00241838, 0.00199354), (-0.00241933, 0.00199243), (-0.00240146, 0.00201401), (-0.00238454, 0.00203404), (-0.00238174, 0.00203738), (-0.00238247, 0.00203654), (-0.00240183, 0.00201367), (-0.00239814, 0.00201808), (-0.00237923, 0.00204043), (-0.00238608, 0.00203242), (-0.00239295, 0.00202434), (-0.00240402, 0.0020112), (-0.00239863, 0.00201768), (-0.00239197, 0.00202566), (-0.00239456, 0.00202264), (-0.00238183, 0.00203767), (-0.00240811, 0.00200671), (-0.0023894, 0.00202912), (-0.0024258, 0.00198567), (-0.0024279, 0.00198311), (-0.00240734, 0.00200816), (-0.00236035, 0.00206344), (-0.219589, 0.00201689), (-0.00239804, -0.639317), (-0.00239245, 0.739824) ]
Média: 0.982828
Melhor (0.99999): (-0.00239655, 0.00201922)
Pior (0.545457): (-0.00239245, 0.739824)

<------Geração 35------>

[ (-0.00239655, 0.00201922), (-0.00239655, 0.00201922), (-0.00239655, 0.00201922), (-0.00239655, 0.00201922), (-0.00239655, 0.00201922), (-0.00239624, 0.00201959), (-0.00239614, 0.00201971), (-0.00239664, 0.00201913), (-0.00239645, 0.00201935), (-0.00239628, 0.00201955), (-0.00239817, 0.00201731), (-0.00239489, 0.00202122), (-0.00239486, 0.00202126), (-0.00239664, 0.00201915), (-0.00239505, 0.00202105), (-0.00239169, 0.00202503), (-0.00239755, 0.00201809), (-0.00240134, 0.00201358), (-0.00240151, 0.00201338), (-0.00239229, 0.00202434), (-0.00240393, 0.00201053), (-0.00239268, 0.00202393), (-0.00240168, 0.00201325), (-0.00239661, 0.0020193), (-0.0023971, 0.00201873), (-0.00238745, 0.00203016), (-0.0023952, 0.00202103), (-0.00239698, 0.00201895), (-0.00240147, 0.00201362), (-0.00238983, 0.00202743), (-0.00239366, 0.00202291), (-0.00239603, 0.00202012), (-0.00238821, 0.00202941), (-0.00240379, 0.00201094), (-0.00239667, 0.00201942), (-0.00239983, 0.00201568), (-0.00239275, 0.00202415), (-0.00241721, 0.00199491), (-0.00240269, 0.0020124), (-0.00239377, 0.00202305), (-0.00240051, 0.00201507), (-0.00238892, 0.00202882), (-0.00239873, 0.0020174), (-0.00238844, 0.0733648), (0.120076, 0.00201195), (-0.00239655, -0.38685), (-0.00239822, 0.554868), (-0.818441, 0.00201913), (0.848545, 0.00201899), (1.11353, 0.00202114) ]
Média: 0.95319
Melhor (0.99999): (-0.00239655, 0.00201922)
Pior (0.195673): (1.11353, 0.00202114)

<------Geração 36------>

[ (-0.00239655, 0.00201922), (-0.00239655, 0.00201922), (-0.00239655, 0.00201922), (-0.00239655, 0.00201922), (-0.00239635, 0.00201945), (-0.0023965, 0.00201928), (-0.0023962, 0.00201964), (-0.00239626, 0.00201958), (-0.00239626, 0.00201957), (-0.00239663, 0.00201913), (-0.00239611, 0.00201975), (-0.00239618, 0.00201966), (-0.00239582, 0.0020201), (-0.00239659, 0.00201919), (-0.00239719, 0.00201847), (-0.00239636, 0.00201946), (-0.00239787, 0.00201767), (-0.00239738, 0.00201825), (-0.00239465, 0.00202149), (-0.00239642, 0.0020194), (-0.00239704, 0.00201865), (-0.00239705, 0.00201865), (-0.00239459, 0.00202157), (-0.00239565, 0.00202032), (-0.00239686, 0.00201888), (-0.00239488, 0.00202123), (-0.00239705, 0.00201867), (-0.00239399, 0.00202229), (-0.00239638, 0.00201946), (-0.00239769, 0.00201791), (-0.0023978, 0.0020178), (-0.00239192, 0.00202476), (-0.00240139, 0.00201352), (-0.00239749, 0.00201817), (-0.0023924, 0.00202421), (-0.00239255, 0.00202402), (-0.00239902, 0.00201636), (-0.00239552, 0.00202052), (-0.00239508, 0.00202105), (-0.00240069, 0.00201439), (-0.00239351, 0.00202292), (-0.00240369, 0.00201082), (-0.00239588, 0.00202014), (-0.00239629, 0.00201967), (-0.00239661, 0.00201929), (-0.0023966, 0.0020193), (-0.00239651, 0.0370805), (-0.00239918, 0.106046), (-0.227768, 0.00202365), (-0.00239412, 0.52087) ]
Média: 0.993763
Melhor (0.99999): (-0.00239655, 0.00201922)
Pior (0.752218): (-0.00239412, 0.52087)

<------Geração 37------>

[ (-0.00239655, 0.00201922), (-0.00239655, 0.00201922), (-0.00239655, 0.00201922), (-0.00239655, 0.00201922), (-0.00239645, 0.00201933), (-0.00239652, 0.00201924), (-0.0023965, 0.00201927), (-0.0023965, 0.00201928), (-0.00239647, 0.00201931), (-0.00239653, 0.00201924), (-0.00239643, 0.00201935), (-0.00239636, 0.00201945), (-0.00239656, 0.0020192), (-0.00239651, 0.00201927), (-0.00239671, 0.00201903), (-0.00239634, 0.00201947), (-0.00239632, 0.0020195), (-0.0023963, 0.00201952), (-0.00239605, 0.00201982), (-0.00239662, 0.00201914), (-0.00239591, 0.00201999), (-0.00239627, 0.00201955), (-0.0023962, 0.00201964), (-0.00239639, 0.00201942), (-0.00239637, 0.00201945), (-0.00239613, 0.00201972), (-0.00239618, 0.00201966), (-0.002397, 0.0020187), (-0.0023959, 0.00202), (-0.00239659, 0.00201918), (-0.00239646, 0.00201933), (-0.00239636, 0.00201946), (-0.0023963, 0.00201953), (-0.0023951, 0.00202095), (-0.00239725, 0.0020184), (-0.00239505, 0.00202101), (-0.00239642, 0.0020194), (-0.00239748, 0.00201814), (-0.00239524, 0.00202079), (-0.00239708, 0.00201862), (-0.00239489, 0.00202121), (-0.00239491, 0.00202119), (-0.00239708, 0.00201862), (-0.00239657, 0.00201923), (-0.00239365, 0.0020227), (-0.00239774, 0.00201786), (-0.00239978, 0.00201545), (0.0731022, 0.00201945), (0.133568, 0.00201945), (-0.00239659, -0.272564) ]
Média: 0.998078
Melhor (0.99999): (-0.00239655, 0.00201922)
Pior (0.927461): (-0.00239659, -0.272564)

<------Geração 38------>

[ (-0.00239655, 0.00201922), (-0.00239655, 0.00201922), (-0.00239655, 0.00201922), (-0.00239655, 0.00201922), (-0.00239653, 0.00201924), (-0.00239648, 0.0020193), (-0.00239655, 0.00201921), (-0.00239649, 0.00201928), (-0.00239652, 0.00201924), (-0.00239652, 0.00201924), (-0.00239652, 0.00201925), (-0.00239651, 0.00201926), (-0.0023965, 0.00201927), (-0.00239653, 0.00201924), (-0.00239647, 0.00201931), (-0.00239656, 0.0020192), (-0.00239647, 0.00201931), (-0.00239653, 0.00201923), (-0.00239647, 0.00201931), (-0.0023965, 0.00201927), (-0.00239644, 0.00201935), (-0.00239646, 0.00201932), (-0.0023965, 0.00201927), (-0.00239644, 0.00201934), (-0.00239652, 0.00201925), (-0.00239649, 0.00201929), (-0.00239629, 0.00201953), (-0.00239639, 0.00201941), (-0.00239643, 0.00201936), (-0.00239654, 0.00201923), (-0.00239631, 0.0020195), (-0.00239656, 0.0020192), (-0.00239653, 0.00201925), (-0.00239651, 0.00201927), (-0.0023965, 0.00201928), (-0.00239638, 0.00201942), (-0.00239647, 0.00201932), (-0.00239642, 0.00201938), (-0.00239681, 0.00201892), (-0.00239683, 0.00201889), (-0.00239658, 0.00201918), (-0.00239631, 0.00201951), (-0.00239624, 0.00201959), (-0.00239649, 0.00201929), (-0.00239639, 0.00201942), (-0.00239601, 0.00201987), (-0.00239656, 0.00201922), (-0.00239635, 0.00201947), (-0.116135, 0.00201922), (-0.00239653, 0.474207) ]
Média: 0.995549
Melhor (0.99999): (-0.00239655, 0.00201922)
Pior (0.791351): (-0.00239653, 0.474207)

<------Geração 39------>

[ (-0.00239655, 0.00201922), (-0.00239655, 0.00201922), (-0.00239654, 0.00201922), (-0.00239654, 0.00201923), (-0.00239652, 0.00201925), (-0.00239654, 0.00201923), (-0.00239653, 0.00201923), (-0.00239654, 0.00201922), (-0.00239655, 0.00201921), (-0.00239649, 0.00201929), (-0.00239653, 0.00201924), (-0.00239648, 0.0020193), (-0.00239649, 0.00201929), (-0.00239651, 0.00201926), (-0.00239654, 0.00201923), (-0.00239649, 0.00201928), (-0.00239649, 0.00201928), (-0.00239652, 0.00201924), (-0.00239652, 0.00201925), (-0.00239652, 0.00201925), (-0.00239652, 0.00201925), (-0.00239653, 0.00201923), (-0.00239651, 0.00201926), (-0.00239654, 0.00201923), (-0.00239651, 0.00201926), (-0.00239653, 0.00201924), (-0.00239649, 0.00201929), (-0.00239656, 0.00201921), (-0.00239654, 0.00201923), (-0.0023965, 0.00201928), (-0.00239655, 0.00201922), (-0.00239654, 0.00201923), (-0.00239645, 0.00201934), (-0.00239649, 0.00201929), (-0.00239654, 0.00201922), (-0.0023965, 0.00201928), (-0.00239648, 0.00201929), (-0.00239654, 0.00201922), (-0.00239648, 0.00201929), (-0.00239645, 0.00201933), (-0.00239648, 0.0020193), (-0.00239645, 0.00201934), (-0.00239651, 0.00201927), (-0.00239645, 0.00201934), (-0.00239652, 0.00201925), (-0.00239652, 0.00201925), (-0.00239649, -0.249686), (-0.00239649, 0.257653), (0.472482, 0.00201892), (0.481905, 0.00201923) ]
Média: 0.989025
Melhor (0.99999): (-0.00239655, 0.00201922)
Pior (0.785061): (0.481905, 0.00201923)

<------Geração 40------>

[ (-0.00239655, 0.00201922), (-0.00239655, 0.00201922), (-0.00239655, 0.00201922), (-0.00239653, 0.00201923), (-0.00239654, 0.00201922), (-0.00239652, 0.00201925), (-0.00239652, 0.00201924), (-0.00239654, 0.00201923), (-0.00239654, 0.00201922), (-0.00239654, 0.00201922), (-0.00239654, 0.00201922), (-0.0023965, 0.00201928), (-0.00239651, 0.00201926), (-0.0023965, 0.00201927), (-0.00239651, 0.00201926), (-0.00239651, 0.00201926), (-0.00239649, 0.00201929), (-0.00239648, 0.00201929), (-0.00239652, 0.00201925), (-0.00239652, 0.00201925), (-0.0023965, 0.00201927), (-0.00239651, 0.00201926), (-0.00239652, 0.00201925), (-0.0023965, 0.00201928), (-0.00239649, 0.00201928), (-0.00239654, 0.00201922), (-0.00239652, 0.00201925), (-0.00239652, 0.00201925), (-0.00239652, 0.00201925), (-0.00239649, 0.00201928), (-0.00239651, 0.00201926), (-0.00239654, 0.00201923), (-0.00239655, 0.00201921), (-0.00239654, 0.00201923), (-0.00239653, 0.00201923), (-0.00239651, 0.00201926), (-0.00239652, 0.00201925), (-0.00239654, 0.00201923), (-0.0023965, 0.00201928), (0.0112559, 0.00201923), (-0.00239654, 0.0488442), (0.0516442, 0.00201919), (0.0703444, 0.00201923), (-0.00239649, 0.172736), (-0.00239654, -0.32264), (-0.00239649, -0.330239), (-0.00239652, -0.499869), (-0.00239654, -0.571843), (0.694274, 0.00201922), (1.16121, 0.00201924) ]
Média: 0.959623
Melhor (0.99999): (-0.00239655, 0.00201922)
Pior (0.159501): (1.16121, 0.00201924)

<------Geração 41------>

[ (-0.00239655, 0.00201922), (-0.00239655, 0.00201922), (-0.00239655, 0.00201922), (-0.00239655, 0.00201922), (-0.00239655, 0.00201922), (-0.00239654, 0.00201922), (-0.00239655, 0.00201922), (-0.00239655, 0.00201922), (-0.00239655, 0.00201922), (-0.00239654, 0.00201923), (-0.00239653, 0.00201923), (-0.00239653, 0.00201923), (-0.00239653, 0.00201924), (-0.00239654, 0.00201923), (-0.00239653, 0.00201924), (-0.00239653, 0.00201924), (-0.00239654, 0.00201923), (-0.00239653, 0.00201923), (-0.00239652, 0.00201925), (-0.00239654, 0.00201923), (-0.00239654, 0.00201922), (-0.00239654, 0.00201922), (-0.00239654, 0.00201922), (-0.00239652, 0.00201924), (-0.00239654, 0.00201922), (-0.00239654, 0.00201922), (-0.00239652, 0.00201925), (-0.00239654, 0.00201923), (-0.00239651, 0.00201926), (-0.00239651, 0.00201926), (-0.00239651, 0.00201926), (-0.00239653, 0.00201924), (-0.00239649, 0.00201928), (-0.00239649, 0.00201929), (-0.00239651, 0.00201926), (-0.00239652, 0.00201925), (-0.00239651, 0.00201926), (-0.00239652, 0.00201925), (-0.00239654, 0.00201923), (-0.00239651, 0.00201926), (-0.00239654, 0.00201922), (-0.00239652, 0.00201925), (-0.00239654, 0.00201923), (-0.00239654, 0.00201923), (0.297428, 0.00201926), (-0.375687, 0.00201922), (-0.00239651, 0.453982), (0.51484, 0.00201928), (-0.53252, 0.00201924), (0.866419, 0.00201922) ]
Média: 0.970107
Melhor (0.99999): (-0.00239655, 0.00201922)
Pior (0.419452): (0.866419, 0.00201922)

<------Geração 42------>

[ (-0.00239655, 0.00201922), (-0.00239655, 0.00201922), (-0.00239655, 0.00201922), (-0.00239655, 0.00201922), (-0.00239655, 0.00201922), (-0.00239655, 0.00201922), (-0.00239655, 0.00201922), (-0.00239655, 0.00201922), (-0.00239655, 0.00201922), (-0.00239655, 0.00201922), (-0.00239655, 0.00201922), (-0.00239655, 0.00201922), (-0.00239655, 0.00201922), (-0.00239654, 0.00201922), (-0.00239654, 0.00201922), (-0.00239654, 0.00201922), (-0.00239655, 0.00201922), (-0.00239654, 0.00201923), (-0.00239654, 0.00201922), (-0.00239654, 0.00201923), (-0.00239654, 0.00201923), (-0.00239654, 0.00201923), (-0.00239654, 0.00201923), (-0.00239653, 0.00201923), (-0.00239653, 0.00201923), (-0.00239653, 0.00201923), (-0.00239653, 0.00201923), (-0.00239654, 0.00201922), (-0.00239654, 0.00201923), (-0.00239654, 0.00201922), (-0.00239654, 0.00201922), (-0.00239653, 0.00201924), (-0.00239653, 0.00201924), (-0.00239654, 0.00201923), (-0.00239654, 0.00201922), (-0.00239654, 0.00201922), (-0.00239654, 0.00201923), (-0.00239654, 0.00201922), (-0.00239654, 0.00201923), (-0.00239652, 0.00201925), (-0.00239651, 0.00201926), (-0.00239654, 0.00201923), (-0.00239653, 0.00201923), (-0.00239653, 0.00201924), (-0.00239652, 0.00201924), (-0.00239652, 0.00201925), (-0.0539776, 0.00201922), (0.139861, 0.00201922), (-0.00239653, 0.15891), (-0.00239653, 0.53015) ]
Média: 0.993925
Melhor (0.99999): (-0.00239655, 0.00201922)
Pior (0.744163): (-0.00239653, 0.53015)

<------Geração 43------>

[ (-0.00239655, 0.00201922), (-0.00239655, 0.00201922), (-0.00239655, 0.00201922), (-0.00239655, 0.00201922), (-0.00239655, 0.00201922), (-0.00239655, 0.00201922), (-0.00239655, 0.00201922), (-0.00239655, 0.00201922), (-0.00239655, 0.00201922), (-0.00239655, 0.00201922), (-0.00239655, 0.00201922), (-0.00239655, 0.00201922), (-0.00239655, 0.00201922), (-0.00239655, 0.00201922), (-0.00239655, 0.00201922), (-0.00239655, 0.00201922), (-0.00239655, 0.00201922), (-0.00239655, 0.00201922), (-0.00239655, 0.00201922), (-0.00239655, 0.00201922), (-0.00239655, 0.00201922), (-0.00239654, 0.00201922), (-0.00239654, 0.00201922), (-0.00239655, 0.00201922), (-0.00239655, 0.00201922), (-0.00239654, 0.00201922), (-0.00239654, 0.00201922), (-0.00239655, 0.00201922), (-0.00239654, 0.00201922), (-0.00239655, 0.00201922), (-0.00239654, 0.00201922), (-0.00239654, 0.00201922), (-0.00239654, 0.00201922), (-0.00239654, 0.00201922), (-0.00239654, 0.00201922), (-0.00239654, 0.00201922), (-0.00239654, 0.00201923), (-0.00239654, 0.00201923), (-0.00239654, 0.00201923), (-0.00239654, 0.00201922), (-0.00239654, 0.00201923), (-0.00239654, 0.00201923), (-0.00239654, 0.00201922), (-0.00239653, 0.00201923), (-0.00239655, 0.00830931), (-0.00239655, 0.144792), (-0.00239655, 0.336998), (-0.00239655, 0.390179), (-0.00239654, 0.433247), (-0.00239655, 0.528152) ]
Média: 0.985879
Melhor (0.99999): (-0.00239655, 0.00201922)
Pior (0.745905): (-0.00239655, 0.528152)

<------Geração 44------>

[ (-0.00239655, 0.00201922), (-0.00239655, 0.00201922), (-0.00239655, 0.00201922), (-0.00239655, 0.00201922), (-0.00239655, 0.00201922), (-0.00239655, 0.00201922), (-0.00239655, 0.00201922), (-0.00239655, 0.00201922), (-0.00239655, 0.00201922), (-0.00239655, 0.00201922), (-0.00239655, 0.00201922), (-0.00239655, 0.00201922), (-0.00239655, 0.00201922), (-0.00239655, 0.00201922), (-0.00239655, 0.00201922), (-0.00239655, 0.00201922), (-0.00239655, 0.00201922), (-0.00239655, 0.00201922), (-0.00239655, 0.00201922), (-0.00239655, 0.00201922), (-0.00239655, 0.00201922), (-0.00239655, 0.00201922), (-0.00239655, 0.00201922), (-0.00239655, 0.00201922), (-0.00239655, 0.00201922), (-0.00239655, 0.00201922), (-0.00239655, 0.00201922), (-0.00239655, 0.00201922), (-0.00239655, 0.00201922), (-0.00239655, 0.00201922), (-0.00239655, 0.00201922), (-0.00239655, 0.00201922), (-0.00239655, 0.00201922), (-0.00239655, 0.00201922), (-0.00239655, 0.00201922), (-0.00239655, 0.00201922), (-0.00239655, 0.00201922), (-0.00239654, 0.00201922), (-0.00239655, 0.00201922), (-0.00239654, 0.00201922), (-0.00239654, 0.00201922), (-0.00239654, 0.00201922), (-0.00239654, 0.00201922), (-0.00239655, 0.00201922), (-0.00239654, 0.00201922), (0.00566482, 0.00201922), (-0.185124, 0.00201922), (-0.00239655, -0.206474), (-0.00239655, 0.538894), (-0.00239655, 0.551556) ]
Média: 0.987706
Melhor (0.99999): (-0.00239655, 0.00201922)
Pior (0.725269): (-0.00239655, 0.551556)

<------Geração 45------>

[ (-0.00239655, 0.00201922), (-0.00239655, 0.00201922), (-0.00239655, 0.00201922), (-0.00239655, 0.00201922), (-0.00239655, 0.00201922), (-0.00239655, 0.00201922), (-0.00239655, 0.00201922), (-0.00239655, 0.00201922), (-0.00239655, 0.00201922), (-0.00239655, 0.00201922), (-0.00239655, 0.00201922), (-0.00239655, 0.00201922), (-0.00239655, 0.00201922), (-0.00239655, 0.00201922), (-0.00239655, 0.00201922), (-0.00239655, 0.00201922), (-0.00239655, 0.00201922), (-0.00239655, 0.00201922), (-0.00239655, 0.00201922), (-0.00239655, 0.00201922), (-0.00239655, 0.00201922), (-0.00239655, 0.00201922), (-0.00239655, 0.00201922), (-0.00239655, 0.00201922), (-0.00239655, 0.00201922), (-0.00239655, 0.00201922), (-0.00239655, 0.00201922), (-0.00239655, 0.00201922), (-0.00239655, 0.00201922), (-0.00239655, 0.00201922), (-0.00239655, 0.00201922), (-0.00239655, 0.00201922), (-0.00239655, 0.00201922), (-0.00239655, 0.00201922), (-0.00239655, 0.00201922), (-0.00239655, 0.00201922), (-0.00239655, 0.00201922), (-0.00239655, 0.00201922), (-0.00239655, 0.00201922), (-0.00239655, 0.00201922), (-0.00239655, 0.00201922), (-0.00239655, 0.00201922), (-0.00239655, 0.00201922), (-0.00239655, 0.00201922), (-0.00239655, 0.00201922), (-0.00239654, 0.00201922), (-0.00239655, 0.00201922), (-0.00833395, 0.00201922), (-0.00239655, 0.0856164), (0.589487, 0.00201922) ]
Média: 0.993659
Melhor (0.99999): (-0.00239655, 0.00201922)
Pior (0.690801): (0.589487, 0.00201922)

<------Geração 46------>

[ (-0.00239655, 0.00201922), (-0.00239655, 0.00201922), (-0.00239655, 0.00201922), (-0.00239655, 0.00201922), (-0.00239655, 0.00201922), (-0.00239655, 0.00201922), (-0.00239655, 0.00201922), (-0.00239655, 0.00201922), (-0.00239655, 0.00201922), (-0.00239655, 0.00201922), (-0.00239655, 0.00201922), (-0.00239655, 0.00201922), (-0.00239655, 0.00201922), (-0.00239655, 0.00201922), (-0.00239655, 0.00201922), (-0.00239655, 0.00201922), (-0.00239655, 0.00201922), (-0.00239655, 0.00201922), (-0.00239655, 0.00201922), (-0.00239655, 0.00201922), (-0.00239655, 0.00201922), (-0.00239655, 0.00201922), (-0.00239655, 0.00201922), (-0.00239655, 0.00201922), (-0.00239655, 0.00201922), (-0.00239655, 0.00201922), (-0.00239655, 0.00201922), (-0.00239655, 0.00201922), (-0.00239655, 0.00201922), (-0.00239655, 0.00201922), (-0.00239655, 0.00201922), (-0.00239655, 0.00201922), (-0.00239655, 0.00201922), (-0.00239655, 0.00201922), (-0.00239655, 0.00201922), (-0.00239655, 0.00201922), (-0.00239655, 0.00201922), (-0.00239655, 0.00201922), (-0.00239655, 0.00201922), (-0.00239655, 0.00201922), (-0.00239655, 0.00201922), (-0.00239655, 0.00201922), (-0.00239655, 0.00201922), (-0.00239655, 0.00201922), (-0.00239655, 0.00201922), (-0.00239655, 0.00201922), (-0.579832, 0.00201922), (0.589481, 0.00201922), (-0.00239655, -0.621577), (-0.636862, 0.00201922) ]
Média: 0.973941
Melhor (0.99999): (-0.00239655, 0.00201922)
Pior (0.646239): (-0.636862, 0.00201922)

<------Geração 47------>

[ (-0.00239655, 0.00201922), (-0.00239655, 0.00201922), (-0.00239655, 0.00201922), (-0.00239655, 0.00201922), (-0.00239655, 0.00201922), (-0.00239655, 0.00201922), (-0.00239655, 0.00201922), (-0.00239655, 0.00201922), (-0.00239655, 0.00201922), (-0.00239655, 0.00201922), (-0.00239655, 0.00201922), (-0.00239655, 0.00201922), (-0.00239655, 0.00201922), (-0.00239655, 0.00201922), (-0.00239655, 0.00201922), (-0.00239655, 0.00201922), (-0.00239655, 0.00201922), (-0.00239655, 0.00201922), (-0.00239655, 0.00201922), (-0.00239655, 0.00201922), (-0.00239655, 0.00201922), (-0.00239655, 0.00201922), (-0.00239655, 0.00201922), (-0.00239655, 0.00201922), (-0.00239655, 0.00201922), (-0.00239655, 0.00201922), (-0.00239655, 0.00201922), (-0.00239655, 0.00201922), (-0.00239655, 0.00201922), (-0.00239655, 0.00201922), (-0.00239655, 0.00201922), (-0.00239655, 0.00201922), (-0.00239655, 0.00201922), (-0.00239655, 0.00201922), (-0.00239655, 0.00201922), (-0.00239655, 0.00201922), (-0.00239655, 0.00201922), (-0.00239655, 0.00201922), (-0.00239655, 0.00201922), (-0.00239655, 0.00201922), (-0.00239655, 0.00201922), (-0.00239655, 0.00201922), (-0.00239655, 0.00201922), (-0.00239655, 0.00201922), (-0.00670497, 0.00201922), (-0.00239655, 0.0938041), (-0.00239655, -0.168179), (-0.00239655, -0.177188), (0.261542, 0.00201922), (-0.00239655, -0.781567) ]
Média: 0.98737
Melhor (0.99999): (-0.00239655, 0.00201922)
Pior (0.503823): (-0.00239655, -0.781567)

<------Geração 48------>

[ (-0.00239655, 0.00201922), (-0.00239655, 0.00201922), (-0.00239655, 0.00201922), (-0.00239655, 0.00201922), (-0.00239655, 0.00201922), (-0.00239655, 0.00201922), (-0.00239655, 0.00201922), (-0.00239655, 0.00201922), (-0.00239655, 0.00201922), (-0.00239655, 0.00201922), (-0.00239655, 0.00201922), (-0.00239655, 0.00201922), (-0.00239655, 0.00201922), (-0.00239655, 0.00201922), (-0.00239655, 0.00201922), (-0.00239655, 0.00201922), (-0.00239655, 0.00201922), (-0.00239655, 0.00201922), (-0.00239655, 0.00201922), (-0.00239655, 0.00201922), (-0.00239655, 0.00201922), (-0.00239655, 0.00201922), (-0.00239655, 0.00201922), (-0.00239655, 0.00201922), (-0.00239655, 0.00201922), (-0.00239655, 0.00201922), (-0.00239655, 0.00201922), (-0.00239655, 0.00201922), (-0.00239655, 0.00201922), (-0.00239655, 0.00201922), (-0.00239655, 0.00201922), (-0.00239655, 0.00201922), (-0.00239655, 0.00201922), (-0.00239655, 0.00201922), (-0.00239655, 0.00201922), (-0.00239655, 0.00201922), (-0.00239655, 0.00201922), (-0.00239655, 0.00201922), (-0.00239655, 0.00201922), (-0.00239655, 0.00201922), (-0.00239655, 0.00201922), (-0.00239655, 0.00201922), (-0.00239655, 0.00201922), (-0.00239655, 0.00201922), (-0.00239655, 0.00201922), (-0.00239655, 0.00201922), (-0.143358, 0.00201922), (-0.00239655, -0.152828), (-0.00239655, -0.310252), (-0.00239655, -0.52505) ]
Média: 0.992224
Melhor (0.99999): (-0.00239655, 0.00201922)
Pior (0.7486): (-0.00239655, -0.52505)

<------Geração 49------>

[ (-0.00239655, 0.00201922), (-0.00239655, 0.00201922), (-0.00239655, 0.00201922), (-0.00239655, 0.00201922), (-0.00239655, 0.00201922), (-0.00239655, 0.00201922), (-0.00239655, 0.00201922), (-0.00239655, 0.00201922), (-0.00239655, 0.00201922), (-0.00239655, 0.00201922), (-0.00239655, 0.00201922), (-0.00239655, 0.00201922), (-0.00239655, 0.00201922), (-0.00239655, 0.00201922), (-0.00239655, 0.00201922), (-0.00239655, 0.00201922), (-0.00239655, 0.00201922), (-0.00239655, 0.00201922), (-0.00239655, 0.00201922), (-0.00239655, 0.00201922), (-0.00239655, 0.00201922), (-0.00239655, 0.00201922), (-0.00239655, 0.00201922), (-0.00239655, 0.00201922), (-0.00239655, 0.00201922), (-0.00239655, 0.00201922), (-0.00239655, 0.00201922), (-0.00239655, 0.00201922), (-0.00239655, 0.00201922), (-0.00239655, 0.00201922), (-0.00239655, 0.00201922), (-0.00239655, 0.00201922), (-0.00239655, 0.00201922), (-0.00239655, 0.00201922), (-0.00239655, 0.00201922), (-0.00239655, 0.00201922), (-0.00239655, 0.00201922), (-0.00239655, 0.00201922), (-0.00239655, 0.00201922), (-0.00239655, 0.00201922), (-0.00239655, 0.00201922), (-0.00239655, 0.00201922), (-0.00239655, 0.00201922), (-0.00239655, 0.00201922), (-0.00239655, -0.102066), (-0.00239655, 0.216977), (-0.00239655, 0.310253), (0.540516, 0.00201922), (-0.620252, 0.00201922), (-0.00239655, -0.693292) ]
Média: 0.976762
Melhor (0.99999): (-0.00239655, 0.00201922)
Pior (0.591494): (-0.00239655, -0.693292)

<------Geração 50------>

[ (-0.00239655, 0.00201922), (-0.00239655, 0.00201922), (-0.00239655, 0.00201922), (-0.00239655, 0.00201922), (-0.00239655, 0.00201922), (-0.00239655, 0.00201922), (-0.00239655, 0.00201922), (-0.00239655, 0.00201922), (-0.00239655, 0.00201922), (-0.00239655, 0.00201922), (-0.00239655, 0.00201922), (-0.00239655, 0.00201922), (-0.00239655, 0.00201922), (-0.00239655, 0.00201922), (-0.00239655, 0.00201922), (-0.00239655, 0.00201922), (-0.00239655, 0.00201922), (-0.00239655, 0.00201922), (-0.00239655, 0.00201922), (-0.00239655, 0.00201922), (-0.00239655, 0.00201922), (-0.00239655, 0.00201922), (-0.00239655, 0.00201922), (-0.00239655, 0.00201922), (-0.00239655, 0.00201922), (-0.00239655, 0.00201922), (-0.00239655, 0.00201922), (-0.00239655, 0.00201922), (-0.00239655, 0.00201922), (-0.00239655, 0.00201922), (-0.00239655, 0.00201922), (-0.00239655, 0.00201922), (-0.00239655, 0.00201922), (-0.00239655, 0.00201922), (-0.00239655, 0.00201922), (-0.00239655, 0.00201922), (-0.00239655, 0.00201922), (-0.00239655, 0.00201922), (-0.00239655, 0.00201922), (-0.00239655, 0.00201922), (-0.00239655, 0.00201922), (-0.00239655, 0.00201922), (-0.00239655, 0.00201922), (-0.00239655, 0.00201922), (-0.00239655, 0.00201922), (-0.00239655, 0.00201922), (-0.00239655, 0.00201922), (-0.00239655, 0.00201922), (-0.00239655, 0.00201922), (-0.00239655, 0.00201922) ]
Média: 0.99999
Melhor (0.99999): (-0.00239655, 0.00201922)
Pior (0.99999): (-0.00239655, 0.00201922)

<------Geração 51------>

[ (-0.00239655, 0.00201922), (-0.00239655, 0.00201922), (-0.00239655, 0.00201922), (-0.00239655, 0.00201922), (-0.00239655, 0.00201922), (-0.00239655, 0.00201922), (-0.00239655, 0.00201922), (-0.00239655, 0.00201922), (-0.00239655, 0.00201922), (-0.00239655, 0.00201922), (-0.00239655, 0.00201922), (-0.00239655, 0.00201922), (-0.00239655, 0.00201922), (-0.00239655, 0.00201922), (-0.00239655, 0.00201922), (-0.00239655, 0.00201922), (-0.00239655, 0.00201922), (-0.00239655, 0.00201922), (-0.00239655, 0.00201922), (-0.00239655, 0.00201922), (-0.00239655, 0.00201922), (-0.00239655, 0.00201922), (-0.00239655, 0.00201922), (-0.00239655, 0.00201922), (-0.00239655, 0.00201922), (-0.00239655, 0.00201922), (-0.00239655, 0.00201922), (-0.00239655, 0.00201922), (-0.00239655, 0.00201922), (-0.00239655, 0.00201922), (-0.00239655, 0.00201922), (-0.00239655, 0.00201922), (-0.00239655, 0.00201922), (-0.00239655, 0.00201922), (-0.00239655, 0.00201922), (-0.00239655, 0.00201922), (-0.00239655, 0.00201922), (-0.00239655, 0.00201922), (-0.00239655, 0.00201922), (-0.00239655, 0.00201922), (-0.00239655, 0.00201922), (-0.00239655, 0.00201922), (-0.00239655, 0.00201922), (-0.00239655, 0.00201922), (-0.00239655, 0.00201922), (-0.00239655, 0.00201922), (-0.00239655, 0.00201922), (-0.00239655, 0.00201922), (-0.00239655, -0.0191624), (-0.00239655, 0.365555) ]
Média: 0.997425
Melhor (0.99999): (-0.00239655, 0.00201922)
Pior (0.872112): (-0.00239655, 0.365555)

<------Geração 52------>

[ (-0.00239655, 0.00201922), (-0.00239655, 0.00201922), (-0.00239655, 0.00201922), (-0.00239655, 0.00201922), (-0.00239655, 0.00201922), (-0.00239655, 0.00201922), (-0.00239655, 0.00201922), (-0.00239655, 0.00201922), (-0.00239655, 0.00201922), (-0.00239655, 0.00201922), (-0.00239655, 0.00201922), (-0.00239655, 0.00201922), (-0.00239655, 0.00201922), (-0.00239655, 0.00201922), (-0.00239655, 0.00201922), (-0.00239655, 0.00201922), (-0.00239655, 0.00201922), (-0.00239655, 0.00201922), (-0.00239655, 0.00201922), (-0.00239655, 0.00201922), (-0.00239655, 0.00201922), (-0.00239655, 0.00201922), (-0.00239655, 0.00201922), (-0.00239655, 0.00201922), (-0.00239655, 0.00201922), (-0.00239655, 0.00201922), (-0.00239655, 0.00201922), (-0.00239655, 0.00201922), (-0.00239655, 0.00201922), (-0.00239655, 0.00201922), (-0.00239655, 0.00201922), (-0.00239655, 0.00201922), (-0.00239655, 0.00201922), (-0.00239655, 0.00201922), (-0.00239655, 0.00201922), (-0.00239655, 0.00201922), (-0.00239655, 0.00201922), (-0.00239655, 0.00201922), (-0.00239655, 0.00201922), (-0.00239655, 0.00201922), (-0.00239655, 0.00201922), (-0.00239655, 0.00201922), (-0.00239655, 0.00201922), (-0.00239655, 0.00201922), (-0.00239655, 0.00201922), (-0.00239655, 0.00201922), (-0.00239655, 0.00201922), (-0.00239655, 0.00201922), (-0.00239655, 0.0148207), (-0.00239655, 0.43003) ]
Média: 0.996507
Melhor (0.99999): (-0.00239655, 0.00201922)
Pior (0.82607): (-0.00239655, 0.43003)

<------Geração 53------>

[ (-0.00239655, 0.00201922), (-0.00239655, 0.00201922), (-0.00239655, 0.00201922), (-0.00239655, 0.00201922), (-0.00239655, 0.00201922), (-0.00239655, 0.00201922), (-0.00239655, 0.00201922), (-0.00239655, 0.00201922), (-0.00239655, 0.00201922), (-0.00239655, 0.00201922), (-0.00239655, 0.00201922), (-0.00239655, 0.00201922), (-0.00239655, 0.00201922), (-0.00239655, 0.00201922), (-0.00239655, 0.00201922), (-0.00239655, 0.00201922), (-0.00239655, 0.00201922), (-0.00239655, 0.00201922), (-0.00239655, 0.00201922), (-0.00239655, 0.00201922), (-0.00239655, 0.00201922), (-0.00239655, 0.00201922), (-0.00239655, 0.00201922), (-0.00239655, 0.00201922), (-0.00239655, 0.00201922), (-0.00239655, 0.00201922), (-0.00239655, 0.00201922), (-0.00239655, 0.00201922), (-0.00239655, 0.00201922), (-0.00239655, 0.00201922), (-0.00239655, 0.00201922), (-0.00239655, 0.00201922), (-0.00239655, 0.00201922), (-0.00239655, 0.00201922), (-0.00239655, 0.00201922), (-0.00239655, 0.00201922), (-0.00239655, 0.00201922), (-0.00239655, 0.00201922), (-0.00239655, 0.00201922), (-0.00239655, 0.00201922), (-0.00239655, 0.00201922), (-0.00239655, 0.00201922), (-0.00239655, 0.00201922), (-0.00239655, 0.00201922), (-0.00239655, 0.00201922), (-0.00239655, -0.00501797), (-0.544891, -0.129702), (-0.00239655, -0.701704), (-0.00239655, -0.736124), (-0.760155, 0.00201922) ]
Média: 0.967494
Melhor (0.99999): (-0.00239655, 0.00201922)
Pior (0.5252): (-0.760155, 0.00201922)

<------Geração 54------>

[ (-0.00239655, 0.00201922), (-0.00239655, 0.00201922), (-0.00239655, 0.00201922), (-0.00239655, 0.00201922), (-0.00239655, 0.00201922), (-0.00239655, 0.00201922), (-0.00239655, 0.00201922), (-0.00239655, 0.00201922), (-0.00239655, 0.00201922), (-0.00239655, 0.00201922), (-0.00239655, 0.00201922), (-0.00239655, 0.00201922), (-0.00239655, 0.00201922), (-0.00239655, 0.00201922), (-0.00239655, 0.00201922), (-0.00239655, 0.00201922), (-0.00239655, 0.00201922), (-0.00239655, 0.00201922), (-0.00239655, 0.00201922), (-0.00239655, 0.00201922), (-0.00239655, 0.00201922), (-0.00239655, 0.00201922), (-0.00239655, 0.00201922), (-0.00239655, 0.00201922), (-0.00239655, 0.00201922), (-0.00239655, 0.00201922), (-0.00239655, 0.00201922), (-0.00239655, 0.00201922), (-0.00239655, 0.00201922), (-0.00239655, 0.00201922), (-0.00239655, 0.00201922), (-0.00239655, 0.00201922), (-0.00239655, 0.00201922), (-0.00239655, 0.00201922), (-0.00239655, 0.00201922), (-0.00239655, 0.00201922), (-0.00239655, 0.00201922), (-0.00239655, 0.00201922), (-0.00239655, 0.00201922), (-0.00239655, 0.00201922), (-0.00239655, 0.00201922), (-0.00239655, 0.00201922), (-0.00239655, 0.00201922), (-0.00239655, 0.00201922), (-0.00239655, 0.00201922), (-0.00239655, 0.0571313), (-0.00239655, -0.0797268), (-0.628188, 0.00201922), (0.69263, 0.00201922), (-0.00239655, 1.45072) ]
Média: 0.965059
Melhor (0.99999): (-0.00239655, 0.00201922)
Pior (0.0163867): (-0.00239655, 1.45072)

<------Geração 55------>

[ (-0.00239655, 0.00201922), (-0.00239655, 0.00201922), (-0.00239655, 0.00201922), (-0.00239655, 0.00201922), (-0.00239655, 0.00201922), (-0.00239655, 0.00201922), (-0.00239655, 0.00201922), (-0.00239655, 0.00201922), (-0.00239655, 0.00201922), (-0.00239655, 0.00201922), (-0.00239655, 0.00201922), (-0.00239655, 0.00201922), (-0.00239655, 0.00201922), (-0.00239655, 0.00201922), (-0.00239655, 0.00201922), (-0.00239655, 0.00201922), (-0.00239655, 0.00201922), (-0.00239655, 0.00201922), (-0.00239655, 0.00201922), (-0.00239655, 0.00201922), (-0.00239655, 0.00201922), (-0.00239655, 0.00201922), (-0.00239655, 0.00201922), (-0.00239655, 0.00201922), (-0.00239655, 0.00201922), (-0.00239655, 0.00201922), (-0.00239655, 0.00201922), (-0.00239655, 0.00201922), (-0.00239655, 0.00201922), (-0.00239655, 0.00201922), (-0.00239655, 0.00201922), (-0.00239655, 0.00201922), (-0.00239655, 0.00201922), (-0.00239655, 0.00201922), (-0.00239655, 0.00201922), (-0.00239655, 0.00201922), (-0.00239655, 0.00201922), (-0.00239655, 0.00201922), (-0.00239655, 0.00201922), (-0.00239655, 0.00201922), (-0.00239655, 0.00201922), (-0.00239655, 0.00201922), (-0.00239655, 0.00201922), (0.0993788, 0.00201922), (0.139617, 0.00201922), (0.284027, 0.00201922), (0.72554, 0.00201922), (-0.00239655, -0.8094), (-0.00239655, 0.904815), (0.203379, -0.931037) ]
Média: 0.952903
Melhor (0.99999): (-0.00239655, 0.00201922)
Pior (0.335826): (0.203379, -0.931037)

<------Geração 56------>

[ (-0.00239655, 0.00201922), (-0.00239655, 0.00201922), (-0.00239655, 0.00201922), (-0.00239655, 0.00201922), (-0.00239655, 0.00201922), (-0.00239655, 0.00201922), (-0.00239655, 0.00201922), (-0.00239655, 0.00201922), (-0.00239655, 0.00201922), (-0.00239655, 0.00201922), (-0.00239655, 0.00201922), (-0.00239655, 0.00201922), (-0.00239655, 0.00201922), (-0.00239655, 0.00201922), (-0.00239655, 0.00201922), (-0.00239655, 0.00201922), (-0.00239655, 0.00201922), (-0.00239655, 0.00201922), (-0.00239655, 0.00201922), (-0.00239655, 0.00201922), (-0.00239655, 0.00201922), (-0.00239655, 0.00201922), (-0.00239655, 0.00201922), (-0.00239655, 0.00201922), (-0.00239655, 0.00201922), (-0.00239655, 0.00201922), (-0.00239655, 0.00201922), (-0.00239655, 0.00201922), (-0.00239655, 0.00201922), (-0.00239655, 0.00201922), (-0.00239655, 0.00201922), (-0.00239655, 0.00201922), (-0.00239655, 0.00201922), (-0.00239655, 0.00201922), (-0.00239655, 0.00201922), (-0.00239655, 0.00201922), (-0.00239655, 0.00201922), (-0.00239655, 0.00201922), (-0.00239655, 0.00201922), (-0.00239655, 0.00201922), (-0.00239655, 0.00201922), (-0.00239655, 0.00201922), (-0.00239655, 0.0201453), (0.030947, 0.00201922), (-0.12004, 0.00201922), (-0.00239655, 0.152908), (-0.00239655, -0.16283), (-0.00239655, 0.279647), (-0.512, 0.00201922), (-0.00239655, 0.706741) ]
Média: 0.983923
Melhor (0.99999): (-0.00239655, 0.00201922)
Pior (0.57825): (-0.00239655, 0.706741)

<------Geração 57------>

[ (-0.00239655, 0.00201922), (-0.00239655, 0.00201922), (-0.00239655, 0.00201922), (-0.00239655, 0.00201922), (-0.00239655, 0.00201922), (-0.00239655, 0.00201922), (-0.00239655, 0.00201922), (-0.00239655, 0.00201922), (-0.00239655, 0.00201922), (-0.00239655, 0.00201922), (-0.00239655, 0.00201922), (-0.00239655, 0.00201922), (-0.00239655, 0.00201922), (-0.00239655, 0.00201922), (-0.00239655, 0.00201922), (-0.00239655, 0.00201922), (-0.00239655, 0.00201922), (-0.00239655, 0.00201922), (-0.00239655, 0.00201922), (-0.00239655, 0.00201922), (-0.00239655, 0.00201922), (-0.00239655, 0.00201922), (-0.00239655, 0.00201922), (-0.00239655, 0.00201922), (-0.00239655, 0.00201922), (-0.00239655, 0.00201922), (-0.00239655, 0.00201922), (-0.00239655, 0.00201922), (-0.00239655, 0.00201922), (-0.00239655, 0.00201922), (-0.00239655, 0.00201922), (-0.00239655, 0.00201922), (-0.00239655, 0.00201922), (-0.00239655, 0.00201922), (-0.00239655, 0.00201922), (-0.00239655, 0.00201922), (-0.00239655, 0.00201922), (-0.00239655, 0.00201922), (-0.00239655, 0.00201922), (-0.00239655, 0.00201922), (-0.00239655, 0.00201922), (-0.00239655, 0.00201922), (-0.00239655, 0.00201922), (-0.00239655, 0.00201922), (-0.00239655, 0.00201922), (-0.00239655, -0.01647), (-0.00239655, 0.0912423), (-0.00239655, 0.146099), (-0.463437, 0.00201922), (0.558135, 0.00201922) ]
Média: 0.989783
Melhor (0.99999): (-0.00239655, 0.00201922)
Pior (0.719378): (0.558135, 0.00201922)

<------Geração 58------>

[ (-0.00239655, 0.00201922), (-0.00239655, 0.00201922), (-0.00239655, 0.00201922), (-0.00239655, 0.00201922), (-0.00239655, 0.00201922), (-0.00239655, 0.00201922), (-0.00239655, 0.00201922), (-0.00239655, 0.00201922), (-0.00239655, 0.00201922), (-0.00239655, 0.00201922), (-0.00239655, 0.00201922), (-0.00239655, 0.00201922), (-0.00239655, 0.00201922), (-0.00239655, 0.00201922), (-0.00239655, 0.00201922), (-0.00239655, 0.00201922), (-0.00239655, 0.00201922), (-0.00239655, 0.00201922), (-0.00239655, 0.00201922), (-0.00239655, 0.00201922), (-0.00239655, 0.00201922), (-0.00239655, 0.00201922), (-0.00239655, 0.00201922), (-0.00239655, 0.00201922), (-0.00239655, 0.00201922), (-0.00239655, 0.00201922), (-0.00239655, 0.00201922), (-0.00239655, 0.00201922), (-0.00239655, 0.00201922), (-0.00239655, 0.00201922), (-0.00239655, 0.00201922), (-0.00239655, 0.00201922), (-0.00239655, 0.00201922), (-0.00239655, 0.00201922), (-0.00239655, 0.00201922), (-0.00239655, 0.00201922), (-0.00239655, 0.00201922), (-0.00239655, 0.00201922), (-0.00239655, 0.00201922), (-0.00239655, 0.00201922), (-0.00239655, 0.00201922), (-0.00239655, 0.00201922), (-0.00239655, 0.00201922), (-0.00239655, 0.00201922), (-0.00239655, 0.00201922), (-0.00239655, 0.00201922), (-0.00239655, 0.00201922), (-0.00239655, 0.00201922), (0.272665, 0.00201922), (-0.00239655, 0.321338) ]
Média: 0.996542
Melhor (0.99999): (-0.00239655, 0.00201922)
Pior (0.900159): (-0.00239655, 0.321338)

<------Geração 59------>

[ (-0.00239655, 0.00201922), (-0.00239655, 0.00201922), (-0.00239655, 0.00201922), (-0.00239655, 0.00201922), (-0.00239655, 0.00201922), (-0.00239655, 0.00201922), (-0.00239655, 0.00201922), (-0.00239655, 0.00201922), (-0.00239655, 0.00201922), (-0.00239655, 0.00201922), (-0.00239655, 0.00201922), (-0.00239655, 0.00201922), (-0.00239655, 0.00201922), (-0.00239655, 0.00201922), (-0.00239655, 0.00201922), (-0.00239655, 0.00201922), (-0.00239655, 0.00201922), (-0.00239655, 0.00201922), (-0.00239655, 0.00201922), (-0.00239655, 0.00201922), (-0.00239655, 0.00201922), (-0.00239655, 0.00201922), (-0.00239655, 0.00201922), (-0.00239655, 0.00201922), (-0.00239655, 0.00201922), (-0.00239655, 0.00201922), (-0.00239655, 0.00201922), (-0.00239655, 0.00201922), (-0.00239655, 0.00201922), (-0.00239655, 0.00201922), (-0.00239655, 0.00201922), (-0.00239655, 0.00201922), (-0.00239655, 0.00201922), (-0.00239655, 0.00201922), (-0.00239655, 0.00201922), (-0.00239655, 0.00201922), (-0.00239655, 0.00201922), (-0.00239655, 0.00201922), (-0.00239655, 0.00201922), (-0.00239655, 0.00201922), (-0.00239655, 0.00201922), (-0.00239655, 0.00201922), (-0.00239655, 0.00201922), (-0.00239655, 0.00201922), (-0.00239655, 0.00201922), (-0.00239655, 0.00201922), (0.0632209, 0.00201922), (-0.00239655, 0.203109), (0.421978, 0.00201922), (0.745055, 0.00201922) ]
Média: 0.986544
Melhor (0.99999): (-0.00239655, 0.00201922)
Pior (0.540252): (0.745055, 0.00201922)

<------Geração 60------>

[ (-0.00239655, 0.00201922), (-0.00239655, 0.00201922), (-0.00239655, 0.00201922), (-0.00239655, 0.00201922), (-0.00239655, 0.00201922), (-0.00239655, 0.00201922), (-0.00239655, 0.00201922), (-0.00239655, 0.00201922), (-0.00239655, 0.00201922), (-0.00239655, 0.00201922), (-0.00239655, 0.00201922), (-0.00239655, 0.00201922), (-0.00239655, 0.00201922), (-0.00239655, 0.00201922), (-0.00239655, 0.00201922), (-0.00239655, 0.00201922), (-0.00239655, 0.00201922), (-0.00239655, 0.00201922), (-0.00239655, 0.00201922), (-0.00239655, 0.00201922), (-0.00239655, 0.00201922), (-0.00239655, 0.00201922), (-0.00239655, 0.00201922), (-0.00239655, 0.00201922), (-0.00239655, 0.00201922), (-0.00239655, 0.00201922), (-0.00239655, 0.00201922), (-0.00239655, 0.00201922), (-0.00239655, 0.00201922), (-0.00239655, 0.00201922), (-0.00239655, 0.00201922), (-0.00239655, 0.00201922), (-0.00239655, 0.00201922), (-0.00239655, 0.00201922), (-0.00239655, 0.00201922), (-0.00239655, 0.00201922), (-0.00239655, 0.00201922), (-0.00239655, 0.00201922), (-0.00239655, 0.00201922), (-0.00239655, 0.00201922), (-0.00239655, 0.00201922), (-0.00239655, 0.00201922), (-0.00239655, 0.00201922), (-0.00239655, 0.00201922), (-0.00239655, 0.00201922), (-0.00239655, 0.00201922), (-0.00239655, 0.00201922), (-0.00239655, 0.00201922), (-0.00239655, 0.274968), (-0.338506, 0.00201922) ]
Média: 0.996307
Melhor (0.99999): (-0.00239655, 0.00201922)
Pior (0.889631): (-0.338506, 0.00201922)

<------Geração 61------>

[ (-0.00239655, 0.00201922), (-0.00239655, 0.00201922), (-0.00239655, 0.00201922), (-0.00239655, 0.00201922), (-0.00239655, 0.00201922), (-0.00239655, 0.00201922), (-0.00239655, 0.00201922), (-0.00239655, 0.00201922), (-0.00239655, 0.00201922), (-0.00239655, 0.00201922), (-0.00239655, 0.00201922), (-0.00239655, 0.00201922), (-0.00239655, 0.00201922), (-0.00239655, 0.00201922), (-0.00239655, 0.00201922), (-0.00239655, 0.00201922), (-0.00239655, 0.00201922), (-0.00239655, 0.00201922), (-0.00239655, 0.00201922), (-0.00239655, 0.00201922), (-0.00239655, 0.00201922), (-0.00239655, 0.00201922), (-0.00239655, 0.00201922), (-0.00239655, 0.00201922), (-0.00239655, 0.00201922), (-0.00239655, 0.00201922), (-0.00239655, 0.00201922), (-0.00239655, 0.00201922), (-0.00239655, 0.00201922), (-0.00239655, 0.00201922), (-0.00239655, 0.00201922), (-0.00239655, 0.00201922), (-0.00239655, 0.00201922), (-0.00239655, 0.00201922), (-0.00239655, 0.00201922), (-0.00239655, 0.00201922), (-0.00239655, 0.00201922), (-0.00239655, 0.00201922), (-0.00239655, 0.00201922), (-0.00239655, 0.00201922), (-0.00239655, 0.00201922), (-0.00239655, 0.00201922), (-0.00239655, 0.00201922), (-0.00239655, 0.00201922), (-0.00239655, 0.00201922), (-0.00239655, 0.00201922), (-0.00239655, 0.00201922), (0.279381, 0.00201922), (-0.391009, 0.00201922), (-0.00239655, 1.05316) ]
Média: 0.98047
Melhor (0.99999): (-0.00239655, 0.00201922)
Pior (0.245419): (-0.00239655, 1.05316)

<------Geração 62------>

[ (-0.00239655, 0.00201922), (-0.00239655, 0.00201922), (-0.00239655, 0.00201922), (-0.00239655, 0.00201922), (-0.00239655, 0.00201922), (-0.00239655, 0.00201922), (-0.00239655, 0.00201922), (-0.00239655, 0.00201922), (-0.00239655, 0.00201922), (-0.00239655, 0.00201922), (-0.00239655, 0.00201922), (-0.00239655, 0.00201922), (-0.00239655, 0.00201922), (-0.00239655, 0.00201922), (-0.00239655, 0.00201922), (-0.00239655, 0.00201922), (-0.00239655, 0.00201922), (-0.00239655, 0.00201922), (-0.00239655, 0.00201922), (-0.00239655, 0.00201922), (-0.00239655, 0.00201922), (-0.00239655, 0.00201922), (-0.00239655, 0.00201922), (-0.00239655, 0.00201922), (-0.00239655, 0.00201922), (-0.00239655, 0.00201922), (-0.00239655, 0.00201922), (-0.00239655, 0.00201922), (-0.00239655, 0.00201922), (-0.00239655, 0.00201922), (-0.00239655, 0.00201922), (-0.00239655, 0.00201922), (-0.00239655, 0.00201922), (-0.00239655, 0.00201922), (-0.00239655, 0.00201922), (-0.00239655, 0.00201922), (-0.00239655, 0.00201922), (-0.00239655, 0.00201922), (-0.00239655, 0.00201922), (-0.00239655, 0.00201922), (-0.00239655, 0.00201922), (-0.00239655, 0.00201922), (-0.00239655, 0.00201922), (-0.00239655, 0.00201922), (-0.00239655, 0.00201922), (-0.00239655, 0.00201922), (-0.00239655, 0.00201922), (-0.00239655, -0.120597), (0.198209, 0.00201922), (-0.491794, 0.00201922) ]
Média: 0.994462
Melhor (0.99999): (-0.00239655, 0.00201922)
Pior (0.776882): (-0.491794, 0.00201922)

<------Geração 63------>

[ (-0.00239655, 0.00201922), (-0.00239655, 0.00201922), (-0.00239655, 0.00201922), (-0.00239655, 0.00201922), (-0.00239655, 0.00201922), (-0.00239655, 0.00201922), (-0.00239655, 0.00201922), (-0.00239655, 0.00201922), (-0.00239655, 0.00201922), (-0.00239655, 0.00201922), (-0.00239655, 0.00201922), (-0.00239655, 0.00201922), (-0.00239655, 0.00201922), (-0.00239655, 0.00201922), (-0.00239655, 0.00201922), (-0.00239655, 0.00201922), (-0.00239655, 0.00201922), (-0.00239655, 0.00201922), (-0.00239655, 0.00201922), (-0.00239655, 0.00201922), (-0.00239655, 0.00201922), (-0.00239655, 0.00201922), (-0.00239655, 0.00201922), (-0.00239655, 0.00201922), (-0.00239655, 0.00201922), (-0.00239655, 0.00201922), (-0.00239655, 0.00201922), (-0.00239655, 0.00201922), (-0.00239655, 0.00201922), (-0.00239655, 0.00201922), (-0.00239655, 0.00201922), (-0.00239655, 0.00201922), (-0.00239655, 0.00201922), (-0.00239655, 0.00201922), (-0.00239655, 0.00201922), (-0.00239655, 0.00201922), (-0.00239655, 0.00201922), (-0.00239655, 0.00201922), (-0.00239655, 0.00201922), (-0.00239655, 0.00201922), (-0.00239655, 0.00201922), (-0.00239655, 0.00201922), (-0.00239655, 0.00201922), (-0.00239655, 0.00201922), (-0.00239655, 0.0124093), (-0.276024, 0.00201922), (-0.00239655, 0.295986), (-0.00239655, -0.334793), (0.405301, 0.00201922), (-0.968904, 0.00201922) ]
Média: 0.977944
Melhor (0.99999): (-0.00239655, 0.00201922)
Pior (0.320921): (-0.968904, 0.00201922)

<------Geração 64------>

[ (-0.00239655, 0.00201922), (-0.00239655, 0.00201922), (-0.00239655, 0.00201922), (-0.00239655, 0.00201922), (-0.00239655, 0.00201922), (-0.00239655, 0.00201922), (-0.00239655, 0.00201922), (-0.00239655, 0.00201922), (-0.00239655, 0.00201922), (-0.00239655, 0.00201922), (-0.00239655, 0.00201922), (-0.00239655, 0.00201922), (-0.00239655, 0.00201922), (-0.00239655, 0.00201922), (-0.00239655, 0.00201922), (-0.00239655, 0.00201922), (-0.00239655, 0.00201922), (-0.00239655, 0.00201922), (-0.00239655, 0.00201922), (-0.00239655, 0.00201922), (-0.00239655, 0.00201922), (-0.00239655, 0.00201922), (-0.00239655, 0.00201922), (-0.00239655, 0.00201922), (-0.00239655, 0.00201922), (-0.00239655, 0.00201922), (-0.00239655, 0.00201922), (-0.00239655, 0.00201922), (-0.00239655, 0.00201922), (-0.00239655, 0.00201922), (-0.00239655, 0.00201922), (-0.00239655, 0.00201922), (-0.00239655, 0.00201922), (-0.00239655, 0.00201922), (-0.00239655, 0.00201922), (-0.00239655, 0.00201922), (-0.00239655, 0.00201922), (-0.00239655, 0.00201922), (-0.00239655, 0.00201922), (-0.00239655, 0.00201922), (-0.00239655, 0.00201922), (-0.00239655, 0.00201922), (-0.00239655, 0.00201922), (-0.00239655, 0.00201922), (-0.00239655, 0.00201922), (-0.162627, 0.00201922), (-0.00239655, 0.556272), (-0.597629, 0.00201922), (-0.00239655, 0.655379), (1.15322, 0.00201922) ]
Média: 0.963428
Melhor (0.99999): (-0.00239655, 0.00201922)
Pior (0.165356): (1.15322, 0.00201922)

<------Geração 65------>

[ (-0.00239655, 0.00201922), (-0.00239655, 0.00201922), (-0.00239655, 0.00201922), (-0.00239655, 0.00201922), (-0.00239655, 0.00201922), (-0.00239655, 0.00201922), (-0.00239655, 0.00201922), (-0.00239655, 0.00201922), (-0.00239655, 0.00201922), (-0.00239655, 0.00201922), (-0.00239655, 0.00201922), (-0.00239655, 0.00201922), (-0.00239655, 0.00201922), (-0.00239655, 0.00201922), (-0.00239655, 0.00201922), (-0.00239655, 0.00201922), (-0.00239655, 0.00201922), (-0.00239655, 0.00201922), (-0.00239655, 0.00201922), (-0.00239655, 0.00201922), (-0.00239655, 0.00201922), (-0.00239655, 0.00201922), (-0.00239655, 0.00201922), (-0.00239655, 0.00201922), (-0.00239655, 0.00201922), (-0.00239655, 0.00201922), (-0.00239655, 0.00201922), (-0.00239655, 0.00201922), (-0.00239655, 0.00201922), (-0.00239655, 0.00201922), (-0.00239655, 0.00201922), (-0.00239655, 0.00201922), (-0.00239655, 0.00201922), (-0.00239655, 0.00201922), (-0.00239655, 0.00201922), (-0.00239655, 0.00201922), (-0.00239655, 0.00201922), (-0.00239655, 0.00201922), (-0.00239655, 0.00201922), (-0.00239655, 0.00201922), (-0.00239655, 0.00201922), (-0.00239655, 0.00201922), (-0.00239655, 0.00201922), (-0.00239655, 0.00201922), (-0.00239655, 0.00201922), (-0.00239655, 0.00201922), (0.16448, 0.00201922), (0.189138, 0.00201922), (-0.00239655, 0.505674), (0.516087, 0.00201922) ]
Média: 0.989178
Melhor (0.99999): (-0.00239655, 0.00201922)
Pior (0.756337): (0.516087, 0.00201922)

<------Geração 66------>

[ (-0.00239655, 0.00201922), (-0.00239655, 0.00201922), (-0.00239655, 0.00201922), (-0.00239655, 0.00201922), (-0.00239655, 0.00201922), (-0.00239655, 0.00201922), (-0.00239655, 0.00201922), (-0.00239655, 0.00201922), (-0.00239655, 0.00201922), (-0.00239655, 0.00201922), (-0.00239655, 0.00201922), (-0.00239655, 0.00201922), (-0.00239655, 0.00201922), (-0.00239655, 0.00201922), (-0.00239655, 0.00201922), (-0.00239655, 0.00201922), (-0.00239655, 0.00201922), (-0.00239655, 0.00201922), (-0.00239655, 0.00201922), (-0.00239655, 0.00201922), (-0.00239655, 0.00201922), (-0.00239655, 0.00201922), (-0.00239655, 0.00201922), (-0.00239655, 0.00201922), (-0.00239655, 0.00201922), (-0.00239655, 0.00201922), (-0.00239655, 0.00201922), (-0.00239655, 0.00201922), (-0.00239655, 0.00201922), (-0.00239655, 0.00201922), (-0.00239655, 0.00201922), (-0.00239655, 0.00201922), (-0.00239655, 0.00201922), (-0.00239655, 0.00201922), (-0.00239655, 0.00201922), (-0.00239655, 0.00201922), (-0.00239655, 0.00201922), (-0.00239655, 0.00201922), (-0.00239655, 0.00201922), (-0.00239655, 0.00201922), (-0.00239655, 0.00201922), (-0.00239655, 0.00201922), (-0.00239655, 0.00201922), (-0.00239655, 0.00201922), (-0.00239655, 0.00201922), (-0.00239655, 0.00201922), (-0.00239655, 0.00201922), (-0.00239655, 0.00201922), (-0.00239655, 0.00201922), (-0.00239655, -0.614781) ]
Média: 0.993334
Melhor (0.99999): (-0.00239655, 0.00201922)
Pior (0.667195): (-0.00239655, -0.614781)

<------Geração 67------>

[ (-0.00239655, 0.00201922), (-0.00239655, 0.00201922), (-0.00239655, 0.00201922), (-0.00239655, 0.00201922), (-0.00239655, 0.00201922), (-0.00239655, 0.00201922), (-0.00239655, 0.00201922), (-0.00239655, 0.00201922), (-0.00239655, 0.00201922), (-0.00239655, 0.00201922), (-0.00239655, 0.00201922), (-0.00239655, 0.00201922), (-0.00239655, 0.00201922), (-0.00239655, 0.00201922), (-0.00239655, 0.00201922), (-0.00239655, 0.00201922), (-0.00239655, 0.00201922), (-0.00239655, 0.00201922), (-0.00239655, 0.00201922), (-0.00239655, 0.00201922), (-0.00239655, 0.00201922), (-0.00239655, 0.00201922), (-0.00239655, 0.00201922), (-0.00239655, 0.00201922), (-0.00239655, 0.00201922), (-0.00239655, 0.00201922), (-0.00239655, 0.00201922), (-0.00239655, 0.00201922), (-0.00239655, 0.00201922), (-0.00239655, 0.00201922), (-0.00239655, 0.00201922), (-0.00239655, 0.00201922), (-0.00239655, 0.00201922), (-0.00239655, 0.00201922), (-0.00239655, 0.00201922), (-0.00239655, 0.00201922), (-0.00239655, 0.00201922), (-0.00239655, 0.00201922), (-0.00239655, 0.00201922), (-0.00239655, 0.00201922), (-0.00239655, 0.00201922), (-0.00239655, 0.00201922), (-0.00239655, 0.00201922), (-0.00239655, 0.00201922), (-0.00239655, 0.00201922), (-0.00239655, 0.00201922), (-0.00239655, 0.0363968), (-0.00239655, 0.391498), (-0.00239655, -0.426493), (-0.00239655, 0.705668) ]
Média: 0.985211
Melhor (0.99999): (-0.00239655, 0.00201922)
Pior (0.57931): (-0.00239655, 0.705668)

<------Geração 68------>

[ (-0.00239655, 0.00201922), (-0.00239655, 0.00201922), (-0.00239655, 0.00201922), (-0.00239655, 0.00201922), (-0.00239655, 0.00201922), (-0.00239655, 0.00201922), (-0.00239655, 0.00201922), (-0.00239655, 0.00201922), (-0.00239655, 0.00201922), (-0.00239655, 0.00201922), (-0.00239655, 0.00201922), (-0.00239655, 0.00201922), (-0.00239655, 0.00201922), (-0.00239655, 0.00201922), (-0.00239655, 0.00201922), (-0.00239655, 0.00201922), (-0.00239655, 0.00201922), (-0.00239655, 0.00201922), (-0.00239655, 0.00201922), (-0.00239655, 0.00201922), (-0.00239655, 0.00201922), (-0.00239655, 0.00201922), (-0.00239655, 0.00201922), (-0.00239655, 0.00201922), (-0.00239655, 0.00201922), (-0.00239655, 0.00201922), (-0.00239655, 0.00201922), (-0.00239655, 0.00201922), (-0.00239655, 0.00201922), (-0.00239655, 0.00201922), (-0.00239655, 0.00201922), (-0.00239655, 0.00201922), (-0.00239655, 0.00201922), (-0.00239655, 0.00201922), (-0.00239655, 0.00201922), (-0.00239655, 0.00201922), (-0.00239655, 0.00201922), (-0.00239655, 0.00201922), (-0.00239655, 0.00201922), (-0.00239655, 0.00201922), (-0.00239655, 0.00201922), (-0.00239655, 0.00201922), (-0.00239655, 0.00201922), (-0.00239655, 0.00201922), (-0.00239655, 0.00201922), (-0.00239655, 0.18132), (-0.288111, 0.00201922), (-0.00239655, 0.307186), (-0.00239655, -0.586687), (-0.00239655, -0.774534) ]
Média: 0.979978
Melhor (0.99999): (-0.00239655, 0.00201922)
Pior (0.510847): (-0.00239655, -0.774534)

<------Geração 69------>

[ (-0.00239655, 0.00201922), (-0.00239655, 0.00201922), (-0.00239655, 0.00201922), (-0.00239655, 0.00201922), (-0.00239655, 0.00201922), (-0.00239655, 0.00201922), (-0.00239655, 0.00201922), (-0.00239655, 0.00201922), (-0.00239655, 0.00201922), (-0.00239655, 0.00201922), (-0.00239655, 0.00201922), (-0.00239655, 0.00201922), (-0.00239655, 0.00201922), (-0.00239655, 0.00201922), (-0.00239655, 0.00201922), (-0.00239655, 0.00201922), (-0.00239655, 0.00201922), (-0.00239655, 0.00201922), (-0.00239655, 0.00201922), (-0.00239655, 0.00201922), (-0.00239655, 0.00201922), (-0.00239655, 0.00201922), (-0.00239655, 0.00201922), (-0.00239655, 0.00201922), (-0.00239655, 0.00201922), (-0.00239655, 0.00201922), (-0.00239655, 0.00201922), (-0.00239655, 0.00201922), (-0.00239655, 0.00201922), (-0.00239655, 0.00201922), (-0.00239655, 0.00201922), (-0.00239655, 0.00201922), (-0.00239655, 0.00201922), (-0.00239655, 0.00201922), (-0.00239655, 0.00201922), (-0.00239655, 0.00201922), (-0.00239655, 0.00201922), (-0.00239655, 0.00201922), (-0.00239655, 0.00201922), (-0.00239655, 0.00201922), (-0.00239655, 0.00201922), (-0.00239655, 0.00201922), (-0.00239655, 0.00201922), (-0.00239655, 0.00201922), (-0.00239655, 0.00201922), (-0.00239655, 0.00201922), (-0.076248, 0.00201922), (-0.0812866, 0.00201922), (-0.00239655, 0.177135), (-0.213376, 0.00201922) ]
Média: 0.998223
Melhor (0.99999): (-0.00239655, 0.00201922)
Pior (0.955112): (-0.213376, 0.00201922)

<------Geração 70------>

[ (-0.00239655, 0.00201922), (-0.00239655, 0.00201922), (-0.00239655, 0.00201922), (-0.00239655, 0.00201922), (-0.00239655, 0.00201922), (-0.00239655, 0.00201922), (-0.00239655, 0.00201922), (-0.00239655, 0.00201922), (-0.00239655, 0.00201922), (-0.00239655, 0.00201922), (-0.00239655, 0.00201922), (-0.00239655, 0.00201922), (-0.00239655, 0.00201922), (-0.00239655, 0.00201922), (-0.00239655, 0.00201922), (-0.00239655, 0.00201922), (-0.00239655, 0.00201922), (-0.00239655, 0.00201922), (-0.00239655, 0.00201922), (-0.00239655, 0.00201922), (-0.00239655, 0.00201922), (-0.00239655, 0.00201922), (-0.00239655, 0.00201922), (-0.00239655, 0.00201922), (-0.00239655, 0.00201922), (-0.00239655, 0.00201922), (-0.00239655, 0.00201922), (-0.00239655, 0.00201922), (-0.00239655, 0.00201922), (-0.00239655, 0.00201922), (-0.00239655, 0.00201922), (-0.00239655, 0.00201922), (-0.00239655, 0.00201922), (-0.00239655, 0.00201922), (-0.00239655, 0.00201922), (-0.00239655, 0.00201922), (-0.00239655, 0.00201922), (-0.00239655, 0.00201922), (-0.00239655, 0.00201922), (-0.00239655, 0.00201922), (-0.00239655, 0.00201922), (-0.00239655, 0.00201922), (-0.00239655, 0.00201922), (-0.00239655, 0.00201922), (-0.00239655, 0.00201922), (-0.00239655, 0.00201922), (-0.00239655, 0.00201922), (-0.00239655, -0.363209), (0.497055, 0.00201922), (-0.00239655, -0.684178) ]
Média: 0.984923
Melhor (0.99999): (-0.00239655, 0.00201922)
Pior (0.600432): (-0.00239655, -0.684178)

<------Geração 71------>

[ (-0.00239655, 0.00201922), (-0.00239655, 0.00201922), (-0.00239655, 0.00201922), (-0.00239655, 0.00201922), (-0.00239655, 0.00201922), (-0.00239655, 0.00201922), (-0.00239655, 0.00201922), (-0.00239655, 0.00201922), (-0.00239655, 0.00201922), (-0.00239655, 0.00201922), (-0.00239655, 0.00201922), (-0.00239655, 0.00201922), (-0.00239655, 0.00201922), (-0.00239655, 0.00201922), (-0.00239655, 0.00201922), (-0.00239655, 0.00201922), (-0.00239655, 0.00201922), (-0.00239655, 0.00201922), (-0.00239655, 0.00201922), (-0.00239655, 0.00201922), (-0.00239655, 0.00201922), (-0.00239655, 0.00201922), (-0.00239655, 0.00201922), (-0.00239655, 0.00201922), (-0.00239655, 0.00201922), (-0.00239655, 0.00201922), (-0.00239655, 0.00201922), (-0.00239655, 0.00201922), (-0.00239655, 0.00201922), (-0.00239655, 0.00201922), (-0.00239655, 0.00201922), (-0.00239655, 0.00201922), (-0.00239655, 0.00201922), (-0.00239655, 0.00201922), (-0.00239655, 0.00201922), (-0.00239655, 0.00201922), (-0.00239655, 0.00201922), (-0.00239655, 0.00201922), (-0.00239655, 0.00201922), (-0.00239655, 0.00201922), (-0.00239655, 0.00201922), (-0.00239655, 0.00201922), (-0.00239655, 0.00201922), (-0.00239655, 0.00201922), (-0.00239655, 0.00201922), (-0.00239655, 0.00201922), (-0.00239655, 0.00201922), (-0.00239655, 0.00201922), (0.00376794, 0.00201922), (-0.0470604, 0.00201922) ]
Média: 0.999946
Melhor (0.99999): (-0.00239655, 0.00201922)
Pior (0.997781): (-0.0470604, 0.00201922)

<------Geração 72------>

[ (-0.00239655, 0.00201922), (-0.00239655, 0.00201922), (-0.00239655, 0.00201922), (-0.00239655, 0.00201922), (-0.00239655, 0.00201922), (-0.00239655, 0.00201922), (-0.00239655, 0.00201922), (-0.00239655, 0.00201922), (-0.00239655, 0.00201922), (-0.00239655, 0.00201922), (-0.00239655, 0.00201922), (-0.00239655, 0.00201922), (-0.00239655, 0.00201922), (-0.00239655, 0.00201922), (-0.00239655, 0.00201922), (-0.00239655, 0.00201922), (-0.00239655, 0.00201922), (-0.00239655, 0.00201922), (-0.00239655, 0.00201922), (-0.00239655, 0.00201922), (-0.00239655, 0.00201922), (-0.00239655, 0.00201922), (-0.00239655, 0.00201922), (-0.00239655, 0.00201922), (-0.00239655, 0.00201922), (-0.00239655, 0.00201922), (-0.00239655, 0.00201922), (-0.00239655, 0.00201922), (-0.00239655, 0.00201922), (-0.00239655, 0.00201922), (-0.00239655, 0.00201922), (-0.00239655, 0.00201922), (-0.00239655, 0.00201922), (-0.00239655, 0.00201922), (-0.00239655, 0.00201922), (-0.00239655, 0.00201922), (-0.00239655, 0.00201922), (-0.00239655, 0.00201922), (-0.00239655, 0.00201922), (-0.00239655, 0.00201922), (-0.00239655, 0.00201922), (-0.00239655, 0.00201922), (-0.00239655, 0.00201922), (-0.00239655, 0.00201922), (-0.00239655, 0.00201922), (-0.00239655, 0.00201922), (-0.00239655, 0.00201922), (0.161634, 0.00201922), (-0.731008, 0.00201922), (0.830229, 0.00201922) ]
Média: 0.979662
Melhor (0.99999): (-0.00239655, 0.00201922)
Pior (0.455288): (0.830229, 0.00201922)

<------Geração 73------>

[ (-0.00239655, 0.00201922), (-0.00239655, 0.00201922), (-0.00239655, 0.00201922), (-0.00239655, 0.00201922), (-0.00239655, 0.00201922), (-0.00239655, 0.00201922), (-0.00239655, 0.00201922), (-0.00239655, 0.00201922), (-0.00239655, 0.00201922), (-0.00239655, 0.00201922), (-0.00239655, 0.00201922), (-0.00239655, 0.00201922), (-0.00239655, 0.00201922), (-0.00239655, 0.00201922), (-0.00239655, 0.00201922), (-0.00239655, 0.00201922), (-0.00239655, 0.00201922), (-0.00239655, 0.00201922), (-0.00239655, 0.00201922), (-0.00239655, 0.00201922), (-0.00239655, 0.00201922), (-0.00239655, 0.00201922), (-0.00239655, 0.00201922), (-0.00239655, 0.00201922), (-0.00239655, 0.00201922), (-0.00239655, 0.00201922), (-0.00239655, 0.00201922), (-0.00239655, 0.00201922), (-0.00239655, 0.00201922), (-0.00239655, 0.00201922), (-0.00239655, 0.00201922), (-0.00239655, 0.00201922), (-0.00239655, 0.00201922), (-0.00239655, 0.00201922), (-0.00239655, 0.00201922), (-0.00239655, 0.00201922), (-0.00239655, 0.00201922), (-0.00239655, 0.00201922), (-0.00239655, 0.00201922), (-0.00239655, 0.00201922), (-0.00239655, 0.00201922), (-0.00239655, 0.00201922), (-0.00239655, 0.00201922), (-0.00239655, 0.00201922), (-0.00239655, 0.00201922), (-0.00239655, 0.00201922), (-0.00239655, 0.00201922), (0.0210016, 0.00201922), (-0.00239655, 0.138293), (-0.00239655, -0.369984) ]
Média: 0.996984
Melhor (0.99999): (-0.00239655, 0.00201922)
Pior (0.869138): (-0.00239655, -0.369984)

<------Geração 74------>

[ (-0.00239655, 0.00201922), (-0.00239655, 0.00201922), (-0.00239655, 0.00201922), (-0.00239655, 0.00201922), (-0.00239655, 0.00201922), (-0.00239655, 0.00201922), (-0.00239655, 0.00201922), (-0.00239655, 0.00201922), (-0.00239655, 0.00201922), (-0.00239655, 0.00201922), (-0.00239655, 0.00201922), (-0.00239655, 0.00201922), (-0.00239655, 0.00201922), (-0.00239655, 0.00201922), (-0.00239655, 0.00201922), (-0.00239655, 0.00201922), (-0.00239655, 0.00201922), (-0.00239655, 0.00201922), (-0.00239655, 0.00201922), (-0.00239655, 0.00201922), (-0.00239655, 0.00201922), (-0.00239655, 0.00201922), (-0.00239655, 0.00201922), (-0.00239655, 0.00201922), (-0.00239655, 0.00201922), (-0.00239655, 0.00201922), (-0.00239655, 0.00201922), (-0.00239655, 0.00201922), (-0.00239655, 0.00201922), (-0.00239655, 0.00201922), (-0.00239655, 0.00201922), (-0.00239655, 0.00201922), (-0.00239655, 0.00201922), (-0.00239655, 0.00201922), (-0.00239655, 0.00201922), (-0.00239655, 0.00201922), (-0.00239655, 0.00201922), (-0.00239655, 0.00201922), (-0.00239655, 0.00201922), (-0.00239655, 0.00201922), (-0.00239655, 0.00201922), (-0.00239655, 0.00201922), (-0.00239655, 0.00201922), (-0.00239655, 0.00201922), (-0.00239655, 0.00201922), (-0.00239655, 0.00201922), (-0.00239655, 0.00201922), (-0.00239655, 0.00201922), (0.134568, 0.00201922), (-0.268155, 0.00201922) ]
Média: 0.998225
Melhor (0.99999): (-0.00239655, 0.00201922)
Pior (0.929734): (-0.268155, 0.00201922)

<------Geração 75------>

[ (-0.00239655, 0.00201922), (-0.00239655, 0.00201922), (-0.00239655, 0.00201922), (-0.00239655, 0.00201922), (-0.00239655, 0.00201922), (-0.00239655, 0.00201922), (-0.00239655, 0.00201922), (-0.00239655, 0.00201922), (-0.00239655, 0.00201922), (-0.00239655, 0.00201922), (-0.00239655, 0.00201922), (-0.00239655, 0.00201922), (-0.00239655, 0.00201922), (-0.00239655, 0.00201922), (-0.00239655, 0.00201922), (-0.00239655, 0.00201922), (-0.00239655, 0.00201922), (-0.00239655, 0.00201922), (-0.00239655, 0.00201922), (-0.00239655, 0.00201922), (-0.00239655, 0.00201922), (-0.00239655, 0.00201922), (-0.00239655, 0.00201922), (-0.00239655, 0.00201922), (-0.00239655, 0.00201922), (-0.00239655, 0.00201922), (-0.00239655, 0.00201922), (-0.00239655, 0.00201922), (-0.00239655, 0.00201922), (-0.00239655, 0.00201922), (-0.00239655, 0.00201922), (-0.00239655, 0.00201922), (-0.00239655, 0.00201922), (-0.00239655, 0.00201922), (-0.00239655, 0.00201922), (-0.00239655, 0.00201922), (-0.00239655, 0.00201922), (-0.00239655, 0.00201922), (-0.00239655, 0.00201922), (-0.00239655, 0.00201922), (-0.00239655, 0.00201922), (-0.00239655, 0.00201922), (-0.00239655, 0.00201922), (-0.00239655, 0.00201922), (-0.00239655, 0.00201922), (-0.00239655, 0.00201922), (-0.00239655, -0.110249), (-0.00239655, 0.285981), (-0.00239655, 0.320585), (-0.00239655, 0.511332) ]
Média: 0.991376
Melhor (0.99999): (-0.00239655, 0.00201922)
Pior (0.760406): (-0.00239655, 0.511332)

<------Geração 76------>

[ (-0.00239655, 0.00201922), (-0.00239655, 0.00201922), (-0.00239655, 0.00201922), (-0.00239655, 0.00201922), (-0.00239655, 0.00201922), (-0.00239655, 0.00201922), (-0.00239655, 0.00201922), (-0.00239655, 0.00201922), (-0.00239655, 0.00201922), (-0.00239655, 0.00201922), (-0.00239655, 0.00201922), (-0.00239655, 0.00201922), (-0.00239655, 0.00201922), (-0.00239655, 0.00201922), (-0.00239655, 0.00201922), (-0.00239655, 0.00201922), (-0.00239655, 0.00201922), (-0.00239655, 0.00201922), (-0.00239655, 0.00201922), (-0.00239655, 0.00201922), (-0.00239655, 0.00201922), (-0.00239655, 0.00201922), (-0.00239655, 0.00201922), (-0.00239655, 0.00201922), (-0.00239655, 0.00201922), (-0.00239655, 0.00201922), (-0.00239655, 0.00201922), (-0.00239655, 0.00201922), (-0.00239655, 0.00201922), (-0.00239655, 0.00201922), (-0.00239655, 0.00201922), (-0.00239655, 0.00201922), (-0.00239655, 0.00201922), (-0.00239655, 0.00201922), (-0.00239655, 0.00201922), (-0.00239655, 0.00201922), (-0.00239655, 0.00201922), (-0.00239655, 0.00201922), (-0.00239655, 0.00201922), (-0.00239655, 0.00201922), (-0.00239655, 0.00201922), (-0.00239655, 0.00201922), (-0.00239655, 0.00201922), (-0.00239655, 0.00201922), (-0.00239655, 0.00201922), (0.229088, 0.00201922), (-0.249585, 0.00201922), (-0.00239655, 0.268201), (-0.00239655, 0.299894), (-0.00239655, -0.3246) ]
Média: 0.992548
Melhor (0.99999): (-0.00239655, 0.00201922)
Pior (0.898195): (-0.00239655, -0.3246)

<------Geração 77------>

[ (-0.00239655, 0.00201922), (-0.00239655, 0.00201922), (-0.00239655, 0.00201922), (-0.00239655, 0.00201922), (-0.00239655, 0.00201922), (-0.00239655, 0.00201922), (-0.00239655, 0.00201922), (-0.00239655, 0.00201922), (-0.00239655, 0.00201922), (-0.00239655, 0.00201922), (-0.00239655, 0.00201922), (-0.00239655, 0.00201922), (-0.00239655, 0.00201922), (-0.00239655, 0.00201922), (-0.00239655, 0.00201922), (-0.00239655, 0.00201922), (-0.00239655, 0.00201922), (-0.00239655, 0.00201922), (-0.00239655, 0.00201922), (-0.00239655, 0.00201922), (-0.00239655, 0.00201922), (-0.00239655, 0.00201922), (-0.00239655, 0.00201922), (-0.00239655, 0.00201922), (-0.00239655, 0.00201922), (-0.00239655, 0.00201922), (-0.00239655, 0.00201922), (-0.00239655, 0.00201922), (-0.00239655, 0.00201922), (-0.00239655, 0.00201922), (-0.00239655, 0.00201922), (-0.00239655, 0.00201922), (-0.00239655, 0.00201922), (-0.00239655, 0.00201922), (-0.00239655, 0.00201922), (-0.00239655, 0.00201922), (-0.00239655, 0.00201922), (-0.00239655, 0.00201922), (-0.00239655, 0.00201922), (-0.00239655, 0.00201922), (-0.00239655, 0.00201922), (-0.00239655, 0.00201922), (-0.00239655, 0.00201922), (0.260606, 0.00201922), (-0.00239655, 0.37359), (-0.00239655, 0.376632), (0.409799, 0.00201922), (0.684026, 0.00201922), (0.804687, 0.00201922), (0.814448, -0.213085) ]
Média: 0.960613
Melhor (0.99999): (-0.00239655, 0.00201922)
Pior (0.443736): (0.814448, -0.213085)

<------Geração 78------>

[ (-0.00239655, -0.000246726), (-0.00239655, 0.00201922), (-0.00239655, 0.00201922), (-0.00239655, 0.00201922), (-0.00239655, 0.00201922), (-0.00239655, 0.00201922), (-0.00239655, 0.00201922), (-0.00239655, 0.00201922), (-0.00239655, 0.00201922), (-0.00239655, 0.00201922), (-0.00239655, 0.00201922), (-0.00239655, 0.00201922), (-0.00239655, 0.00201922), (-0.00239655, 0.00201922), (-0.00239655, 0.00201922), (-0.00239655, 0.00201922), (-0.00239655, 0.00201922), (-0.00239655, 0.00201922), (-0.00239655, 0.00201922), (-0.00239655, 0.00201922), (-0.00239655, 0.00201922), (-0.00239655, 0.00201922), (-0.00239655, 0.00201922), (-0.00239655, 0.00201922), (-0.00239655, 0.00201922), (-0.00239655, 0.00201922), (-0.00239655, 0.00201922), (-0.00239655, 0.00201922), (-0.00239655, 0.00201922), (-0.00239655, 0.00201922), (-0.00239655, 0.00201922), (-0.00239655, 0.00201922), (-0.00239655, 0.00201922), (-0.00239655, 0.00201922), (-0.00239655, 0.00201922), (-0.00239655, 0.00201922), (-0.00239655, 0.00201922), (-0.00239655, 0.00201922), (-0.00239655, 0.00201922), (-0.00239655, 0.00201922), (-0.00239655, 0.00201922), (-0.00239655, 0.00201922), (-0.00239655, 0.0494962), (-0.100093, 0.00201922), (-0.00239655, -0.256407), (0.261878, 0.00201922), (-0.31783, 0.00201922), (-0.40418, 0.00201922), (-0.484918, 0.00201922), (-0.00239655, -0.568258) ]
Média: 0.981919
Melhor (0.999994): (-0.00239655, -0.000246726)
Pior (0.710238): (-0.00239655, -0.568258)

<------Geração 79------>

[ (-0.00239655, -0.000122694), (-0.00239655, -0.000228916), (-0.00239655, -0.000246726), (-0.00239655, 0.000376736), (-0.00239655, 0.00135418), (-0.00239655, 0.00201922), (-0.00239655, 0.00201922), (-0.00239655, 0.00201922), (-0.00239655, 0.00201922), (-0.00239655, 0.00201922), (-0.00239655, 0.00201922), (-0.00239655, 0.00201922), (-0.00239655, 0.00201922), (-0.00239655, 0.00201922), (-0.00239655, 0.00201922), (-0.00239655, 0.00201922), (-0.00239655, 0.00201922), (-0.00239655, 0.00201922), (-0.00239655, 0.00201922), (-0.00239655, 0.00201922), (-0.00239655, 0.00201922), (-0.00239655, 0.00201922), (-0.00239655, 0.00201922), (-0.00239655, 0.00201922), (-0.00239655, 0.00201922), (-0.00239655, 0.00201922), (-0.00239655, 0.00201922), (-0.00239655, 0.00201922), (-0.00239655, 0.00201922), (-0.00239655, 0.00201922), (-0.00239655, 0.00201922), (-0.00239655, 0.00201922), (-0.00239655, 0.00201922), (-0.00239655, 0.00201922), (-0.00239655, 0.00201922), (-0.00239655, 0.00201922), (-0.00239655, 0.00201922), (-0.00239655, 0.00201922), (-0.00239655, 0.00201922), (-0.00239655, 0.00201922), (-0.00239655, 0.00201922), (-0.00239655, 0.00201922), (-0.00239655, 0.00201922), (-0.00239655, 0.00201922), (-0.00239655, 0.00201922), (-0.00239655, 0.00201922), (0.0145394, 0.00201922), (-0.542358, 0.00201922), (-0.802688, 0.00201922), (1.01019, 0.000561695) ]
Média: 0.969973
Melhor (0.999994): (-0.00239655, -0.000122694)
Pior (0.283144): (1.01019, 0.000561695)

<------Geração 80------>

[ (-0.00239655, -0.000117048), (-0.00239655, -0.000122694), (-0.00239655, 0.000186716), (-0.00239655, 0.000187086), (-0.00239655, 0.000187127), (-0.00239655, -0.000228916), (-0.00239655, 0.000243924), (-0.00239655, 0.000586955), (-0.00239655, 0.00061847), (-0.00239655, 0.00066677), (-0.00239655, 0.000770642), (-0.00239655, 0.000805689), (-0.00239655, 0.000904495), (-0.00239655, 0.000926589), (-0.00239655, 0.000939281), (-0.00239655, 0.00105393), (-0.00239655, 0.00136731), (-0.00239655, 0.00149835), (-0.00239655, 0.00151787), (-0.00239655, 0.00152337), (-0.00239655, 0.0015919), (-0.00239655, 0.00187512), (-0.00239655, 0.00190084), (-0.00239655, 0.00199155), (-0.00239655, 0.00201922), (-0.00239655, 0.00201922), (-0.00239655, 0.00201922), (-0.00239655, 0.00201922), (-0.00239655, 0.00201922), (-0.00239655, 0.00201922), (-0.00239655, 0.00201922), (-0.00239655, 0.00201922), (-0.00239655, 0.00201922), (-0.00239655, 0.00201922), (-0.00239655, 0.00201922), (-0.00239655, 0.00201922), (-0.00239655, 0.00201922), (-0.00239655, 0.00201922), (-0.00239655, 0.00201922), (-0.00239655, 0.00201922), (-0.00239655, 0.00201922), (-0.00239655, 0.00201922), (-0.00239655, 0.00201922), (-0.00239655, 0.00201922), (-0.00239655, 0.00201922), (-0.00239655, 0.00201922), (-0.00239655, 0.00201922), (-0.00239655, 0.00201922), (-0.00239655, 0.00201922), (-0.00239655, -0.104882) ]
Média: 0.999772
Melhor (0.999994): (-0.00239655, -0.000117048)
Pior (0.989024): (-0.00239655, -0.104882)

<------Geração 81------>

[ (-0.00239655, -1.3681e-05), (-0.00239655, 5.55531e-05), (-0.00239655, 5.71727e-05), (-0.00239655, 7.39266e-05), (-0.00239655, -0.000117048), (-0.00239655, -0.000122694), (-0.00239655, 0.000193091), (-0.00239655, 0.000221391), (-0.00239655, 0.000331436), (-0.00239655, 0.000356936), (-0.00239655, 0.000394361), (-0.00239655, 0.000443065), (-0.00239655, 0.000461532), (-0.00239655, 0.000513262), (-0.00239655, 0.000536015), (-0.00239655, 0.00054693), (-0.00239655, 0.000612389), (-0.00239655, 0.00063993), (-0.00239655, 0.000798998), (-0.00239655, 0.000835494), (-0.00239655, 0.000903628), (-0.00239655, 0.000909889), (-0.00239655, 0.000926302), (-0.00239655, 0.000929844), (-0.00239655, 0.000939176), (-0.00239655, 0.000959635), (-0.00239655, 0.00109196), (-0.00239655, 0.00114445), (-0.00239655, 0.00114855), (-0.00239655, 0.00134312), (-0.00239655, 0.00141262), (-0.00239655, 0.00144717), (-0.00239655, 0.00148107), (-0.00239655, 0.0014822), (-0.00239655, 0.00150018), (-0.00239655, 0.00150497), (-0.00239655, 0.00163107), (-0.00239655, 0.00191246), (-0.00239655, 0.00198562), (-0.00239655, 0.00201541), (-0.00239655, 0.00201922), (-0.00239655, 0.00201922), (-0.00239655, 0.00201922), (-0.00239655, 0.06044), (-0.00239655, -0.0968859), (-0.00239655, 0.117259), (0.130837, 0.000948461), (-0.00239655, -0.542839), (-0.645412, 0.000321533), (0.653244, 0.000938287) ]
Média: 0.97915
Melhor (0.999994): (-0.00239655, -1.3681e-05)
Pior (0.630509): (0.653244, 0.000938287)

<------Geração 82------>

[ (-0.00239655, -6.74031e-06), (-0.00239655, -1.3681e-05), (-0.00239655, -2.86535e-05), (-0.00239655, 5.55531e-05), (-0.00239655, 5.71727e-05), (-0.00239655, 5.71727e-05), (-0.00239655, 7.87632e-05), (-0.00239655, 7.98323e-05), (-0.00239655, 8.22466e-05), (-0.00239655, 0.000121826), (-0.00239655, 0.000151789), (-0.00239655, 0.000156181), (-0.00239655, 0.000185163), (-0.00239655, 0.000197889), (-0.00239655, 0.000203793), (-0.00239655, 0.000250183), (-0.00239655, 0.000269984), (-0.00239655, 0.000277597), (-0.00239655, 0.00029941), (-0.00239655, 0.000300465), (-0.00239655, 0.000306546), (-0.00239655, 0.00037949), (-0.00239655, 0.000397447), (-0.00239655, 0.00041697), (-0.00239655, 0.000422299), (-0.00239655, 0.000431749), (-0.00239655, 0.000446529), (-0.00239655, 0.000460625), (-0.00239655, 0.000483798), (-0.00239655, 0.000520722), (-0.00239655, 0.00053025), (-0.00239655, 0.000536518), (-0.00239655, 0.000626677), (-0.00239655, 0.000734725), (-0.00239655, 0.000780681), (-0.00239655, 0.000798304), (-0.00239655, 0.000815028), (-0.00239655, 0.000915959), (-0.00239655, 0.000933419), (-0.00239655, 0.000956194), (-0.00239655, 0.00105627), (-0.00239655, 0.00125875), (-0.00239655, 0.01247), (-0.00239655, -0.0140855), (-0.00239655, 0.0832167), (-0.192623, 0.000319561), (-0.196236, 0.000407399), (-0.00239655, -0.380672), (-0.00239655, 0.382119), (-0.00239655, 0.404877) ]
Média: 0.989703
Melhor (0.999994): (-0.00239655, -6.74031e-06)
Pior (0.84472): (-0.00239655, 0.404877)

<------Geração 83------>

[ (-0.00239655, -6.74031e-06), (-0.00239655, -1.3681e-05), (-0.00239655, 1.41577e-05), (-0.00239655, 1.66635e-05), (-0.00239655, 4.60673e-05), (-0.00239655, 4.63979e-05), (-0.00239655, 5.59435e-05), (-0.00239655, 5.6272e-05), (-0.00239655, 5.71727e-05), (-0.00239655, 7.2767e-05), (-0.00239655, 7.76678e-05), (-0.00239655, 7.87632e-05), (-0.00239655, 7.88562e-05), (-0.00239655, 7.88986e-05), (-0.00239655, 8.00615e-05), (-0.00239655, 8.01427e-05), (-0.00239655, 0.000103744), (-0.00239655, 0.00010663), (-0.00239655, 0.000118822), (-0.00239655, 0.000126342), (-0.00239655, 0.000129224), (-0.00239655, 0.000143341), (-0.00239655, 0.000164177), (-0.00239655, 0.000167878), (-0.00239655, 0.000175769), (-0.00239655, 0.000182555), (-0.00239655, 0.000185163), (-0.00239655, 0.000189258), (-0.00239655, 0.000200731), (-0.00239655, 0.000214412), (-0.00239655, 0.000236288), (-0.00239655, 0.000270665), (-0.00239655, 0.000286372), (-0.00239655, 0.000295603), (-0.00239655, 0.000296876), (-0.00239655, 0.000305222), (-0.00239655, 0.000314329), (-0.00239655, 0.000335279), (-0.00239655, 0.000337743), (-0.00239655, 0.000371238), (-0.00239655, 0.00037984), (-0.00239655, 0.000399473), (-0.00239655, 0.000460625), (-0.00239655, 0.000500573), (-0.00239655, 0.000697886), (-0.00239655, 0.000714859), (0.212715, 0.000169494), (-0.232633, 0.000356781), (-0.729131, 0.000218324), (0.88767, 0.248782) ]
Média: 0.976469
Melhor (0.999994): (-0.00239655, -6.74031e-06)
Pior (0.365442): (0.88767, 0.248782)

<------Geração 84------>

[ (-0.00239655, -6.74031e-06), (-0.00239655, -8.61565e-06), (-0.00239655, -1.3681e-05), (-0.00239655, 1.8956e-05), (-0.00239655, 2.68438e-05), (-0.00239655, 3.17687e-05), (-0.00239655, 3.21237e-05), (-0.00239655, 3.53271e-05), (-0.00239655, 3.56682e-05), (-0.00239655, 4.74314e-05), (-0.00239655, 4.93075e-05), (-0.00239655, 4.97409e-05), (-0.00239655, 5.2995e-05), (-0.00239655, 5.35732e-05), (-0.00239655, 5.37139e-05), (-0.00239655, 5.71716e-05), (-0.00239655, 5.82606e-05), (-0.00239655, 5.98716e-05), (-0.00239655, 6.3489e-05), (-0.00239655, 6.91919e-05), (-0.00239655, 7.1642e-05), (-0.00239655, 7.41527e-05), (-0.00239655, 7.52341e-05), (-0.00239655, 7.60246e-05), (-0.00239655, 7.96584e-05), (-0.00239655, 8.00409e-05), (-0.00239655, 8.00625e-05), (-0.00239655, 8.7531e-05), (-0.00239655, 9.69592e-05), (-0.00239655, 9.95733e-05), (-0.00239655, 0.000102249), (-0.00239655, 0.000103243), (-0.00239655, 0.000105632), (-0.00239655, 0.000106378), (-0.00239655, 0.000107645), (-0.00239655, 0.000110026), (-0.00239655, 0.000112778), (-0.00239655, 0.000120003), (-0.00239655, 0.000126712), (-0.00239655, 0.000127005), (-0.00239655, 0.000139064), (-0.00239655, 0.000148034), (-0.00239655, 0.000175042), (-0.00239655, 0.000180348), (-0.00239655, 0.000267516), (-0.00239655, 0.000320025), (-0.00239655, 0.000349479), (0.234422, -0.204613), (-0.00239655, -0.328413), (0.681254, -1.25336e-05) ]
Média: 0.988102
Melhor (0.999994): (-0.00239655, -6.74031e-06)
Pior (0.603297): (0.681254, -1.25336e-05)

<------Geração 85------>

[ (-0.00239655, 2.9151e-06), (-0.00239655, -3.79381e-06), (-0.00239655, -4.95217e-06), (-0.00239655, -6.00262e-06), (-0.00239655, -6.74031e-06), (-0.00239655, -7.10388e-06), (-0.00239655, -8.61565e-06), (-0.00239655, 1.70063e-05), (-0.00239655, 1.8956e-05), (-0.00239655, 2.24273e-05), (-0.00239655, 2.96591e-05), (-0.00239655, 2.98056e-05), (-0.00239655, 3.33931e-05), (-0.00239655, 3.53806e-05), (-0.00239655, 3.54026e-05), (-0.00239655, 3.64635e-05), (-0.00239655, 3.69628e-05), (-0.00239655, 3.81528e-05), (-0.00239655, 4.36087e-05), (-0.00239655, 4.37796e-05), (-0.00239655, 4.58102e-05), (-0.00239655, 4.70724e-05), (-0.00239655, 4.74314e-05), (-0.00239655, 4.92912e-05), (-0.00239655, 5.31549e-05), (-0.00239655, 5.33313e-05), (-0.00239655, 5.64567e-05), (-0.00239655, 5.65961e-05), (-0.00239655, 5.66674e-05), (-0.00239655, 6.10052e-05), (-0.00239655, 6.23229e-05), (-0.00239655, 6.2475e-05), (-0.00239655, 6.43117e-05), (-0.00239655, 6.95315e-05), (-0.00239655, 7.1542e-05), (-0.00239655, 7.31375e-05), (-0.00239655, 7.87441e-05), (-0.00239655, 7.94621e-05), (-0.00239655, 8.20969e-05), (-0.00239655, 9.27657e-05), (-0.00239655, 9.40659e-05), (-0.00239655, 0.000100195), (-0.00239655, 0.000128094), (0.157269, -3.77672e-07), (0.298341, 9.17935e-05), (-0.00239655, -0.366053), (-0.00239655, 0.392235), (-0.00239655, -0.435921), (-0.506592, 5.47974e-05), (-0.00239655, -0.598234) ]
Média: 0.97766
Melhor (0.999994): (-0.00239655, 2.9151e-06)
Pior (0.682689): (-0.00239655, -0.598234)

<------Geração 86------>

[ (-0.00239655, 4.27542e-07), (-0.00239655, -7.27847e-07), (-0.00239655, -1.23165e-06), (-0.00239655, -2.24468e-06), (-0.00239655, 2.9151e-06), (-0.00239655, -3.79381e-06), (-0.00239655, 3.95266e-06), (-0.00239655, -4.0706e-06), (-0.00239655, 4.24053e-06), (-0.00239655, -6.00262e-06), (-0.00239655, -6.80678e-06), (-0.00239655, -6.85189e-06), (-0.00239655, 7.51348e-06), (-0.00239655, 7.95228e-06), (-0.00239655, -8.33541e-06), (-0.00239655, 9.03141e-06), (-0.00239655, 1.18172e-05), (-0.00239655, 1.50627e-05), (-0.00239655, 1.6396e-05), (-0.00239655, 1.75878e-05), (-0.00239655, 1.76327e-05), (-0.00239655, 2.09999e-05), (-0.00239655, 2.23069e-05), (-0.00239655, 2.43168e-05), (-0.00239655, 2.49077e-05), (-0.00239655, 3.08346e-05), (-0.00239655, 3.20771e-05), (-0.00239655, 3.34029e-05), (-0.00239655, 3.42019e-05), (-0.00239655, 3.43314e-05), (-0.00239655, 3.62981e-05), (-0.00239655, 3.73287e-05), (-0.00239655, 3.85829e-05), (-0.00239655, 3.87019e-05), (-0.00239655, 4.11097e-05), (-0.00239655, 4.15735e-05), (-0.00239655, 4.33681e-05), (-0.00239655, 4.54172e-05), (-0.00239655, 4.58459e-05), (-0.00239655, 4.77074e-05), (-0.00239655, 4.83996e-05), (-0.00239655, 5.13791e-05), (-0.00239655, 5.97502e-05), (-0.00239655, 6.12517e-05), (-0.00239655, 7.94603e-05), (-0.00239655, 0.159647), (-0.00239655, -0.164153), (-0.00239655, 0.352854), (-0.00239655, -0.776681), (-0.00239655, 0.802455) ]
Média: 0.976397
Melhor (0.999994): (-0.00239655, 4.27542e-07)
Pior (0.482965): (-0.00239655, 0.802455)

<------Geração 87------>

[ (-0.00239655, 7.91225e-08), (-0.00239655, -4.10305e-07), (-0.00239655, 4.27542e-07), (-0.00239655, 4.60869e-07), (-0.00239655, 5.49394e-07), (-0.00239655, -5.58874e-07), (-0.00239655, -7.02975e-07), (-0.00239655, -7.27847e-07), (-0.00239655, 7.78376e-07), (-0.00239655, 8.3787e-07), (-0.00239655, 8.97466e-07), (-0.00239655, 1.1411e-06), (-0.00239655, -1.70124e-06), (-0.00239655, 2.22652e-06), (-0.00239655, -2.24468e-06), (-0.00239655, 2.62273e-06), (-0.00239655, -3.15598e-06), (-0.00239655, -4.0706e-06), (-0.00239655, 4.10165e-06), (-0.00239655, 4.71068e-06), (-0.00239655, 4.87575e-06), (-0.00239655, 5.34049e-06), (-0.00239655, -5.35322e-06), (-0.00239655, 5.74837e-06), (-0.00239655, 5.81422e-06), (-0.00239655, 6.33684e-06), (-0.00239655, 6.396e-06), (-0.00239655, -6.4458e-06), (-0.00239655, 7.38711e-06), (-0.00239655, 8.3674e-06), (-0.00239655, 8.79182e-06), (-0.00239655, 1.02679e-05), (-0.00239655, 1.02854e-05), (-0.00239655, 1.12214e-05), (-0.00239655, 1.1582e-05), (-0.00239655, 1.1891e-05), (-0.00239655, 1.37456e-05), (-0.00239655, 1.4994e-05), (-0.00239655, 1.52613e-05), (-0.00239655, 1.63821e-05), (-0.00239655, 1.65925e-05), (-0.00239655, 1.722e-05), (-0.00239655, 1.99955e-05), (-0.00239655, 2.66253e-05), (-0.00239655, 3.22555e-05), (-0.00239655, 3.7748e-05), (-0.00239655, 0.262248), (-0.498072, -2.89209e-06), (-0.016233, 0.545258), (-0.00239655, -0.554164) ]
Média: 0.983154
Melhor (0.999994): (-0.00239655, 7.91225e-08)
Pior (0.722937): (-0.00239655, -0.554164)

<------Geração 88------>

[ (-0.00239655, -2.97852e-08), (-0.00239655, -7.39161e-08), (-0.00239655, 7.91225e-08), (-0.00239655, 1.00054e-07), (-0.00239655, -1.94458e-07), (-0.00239655, 2.94069e-07), (-0.00239655, -3.00861e-07), (-0.00239655, -3.17969e-07), (-0.00239655, -3.68697e-07), (-0.00239655, 3.74284e-07), (-0.00239655, -3.74486e-07), (-0.00239655, 4.07381e-07), (-0.00239655, -4.10305e-07), (-0.00239655, -4.62688e-07), (-0.00239655, -5.30315e-07), (-0.00239655, -5.58874e-07), (-0.00239655, -7.1721e-07), (-0.00239655, -7.19799e-07), (-0.00239655, 7.37762e-07), (-0.00239655, -7.77052e-07), (-0.00239655, 7.9927e-07), (-0.00239655, -8.71349e-07), (-0.00239655, 8.81251e-07), (-0.00239655, 8.84104e-07), (-0.00239655, 9.37495e-07), (-0.00239655, 9.66585e-07), (-0.00239655, 1.04951e-06), (-0.00239655, 1.42334e-06), (-0.00239655, 1.51115e-06), (-0.00239655, -1.52698e-06), (-0.00239655, 1.55147e-06), (-0.00239655, -1.57881e-06), (-0.00239655, -1.66255e-06), (-0.00239655, -2.00161e-06), (-0.00239655, 2.27351e-06), (-0.00239655, 2.63448e-06), (-0.00239655, 2.64131e-06), (-0.00239655, 4.27708e-06), (-0.00239655, 4.63657e-06), (-0.00239655, -4.66684e-06), (-0.00239655, 4.79398e-06), (-0.00239655, -5.6408e-06), (-0.00239655, 5.98931e-06), (-0.00239655, 7.08935e-06), (-0.00239655, 7.41276e-06), (-0.00239655, 8.74582e-06), (-0.00239655, 8.79115e-06), (-0.00239655, 0.0659543), (-0.00239655, 0.47184), (-0.00239655, -0.598864) ]
Média: 0.989415
Melhor (0.999994): (-0.00239655, -2.97852e-08)
Pior (0.682102): (-0.00239655, -0.598864)

<------Geração 89------>

[ (-0.00239655, -2.97852e-08), (-0.00239655, 3.7489e-08), (-0.00239655, 4.17746e-08), (-0.00239655, 5.54589e-08), (-0.00239655, -7.39161e-08), (-0.00239655, -7.39161e-08), (-0.00239655, 7.57341e-08), (-0.00239655, -7.82208e-08), (-0.00239655, -1.05986e-07), (-0.00239655, 1.77511e-07), (-0.00239655, -1.90414e-07), (-0.00239655, -1.97286e-07), (-0.00239655, 2.0151e-07), (-0.00239655, 2.1089e-07), (-0.00239655, 2.25451e-07), (-0.00239655, -2.43109e-07), (-0.00239655, 2.91436e-07), (-0.00239655, -3.04591e-07), (-0.00239655, 3.22143e-07), (-0.00239655, -3.24691e-07), (-0.00239655, -3.3108e-07), (-0.00239655, 3.37719e-07), (-0.00239655, -3.71658e-07), (-0.00239655, -3.73871e-07), (-0.00239655, 3.78483e-07), (-0.00239655, -3.87625e-07), (-0.00239655, -3.91736e-07), (-0.00239655, -4.16908e-07), (-0.00239655, -4.26031e-07), (-0.00239655, -4.4246e-07), (-0.00239655, 5.15296e-07), (-0.00239655, -6.24489e-07), (-0.00239655, 6.2581e-07), (-0.00239655, 6.64317e-07), (-0.00239655, 6.88964e-07), (-0.00239655, 7.03373e-07), (-0.00239655, -7.15395e-07), (-0.00239655, -7.83072e-07), (-0.00239655, 8.01775e-07), (-0.00239655, -8.3024e-07), (-0.00239655, -8.42118e-07), (-0.00239655, -8.68188e-07), (-0.00239655, -9.17185e-07), (-0.00239655, 1.12225e-06), (-0.00239655, 1.28702e-06), (0.135674, 1.67436e-06), (-0.00239655, -0.277335), (0.362011, -3.74486e-07), (-0.00239655, -0.65392), (0.809987, 5.49689e-06) ]
Média: 0.977724
Melhor (0.999994): (-0.00239655, -2.97852e-08)
Pior (0.475454): (0.809987, 5.49689e-06)

<------Geração 90------>

[ (-0.00239655, 1.21326e-08), (-0.00239655, 9.06377e-09), (-0.00239655, -1.32113e-08), (-0.00239655, -1.36499e-08), (-0.00239655, -2.87002e-08), (-0.00239655, -2.97852e-08), (-0.00239655, 3.7489e-08), (-0.00239655, 3.7631e-08), (-0.00239655, 3.7489e-08), (-0.00239655, 4.16597e-08), (-0.00239655, -4.80108e-08), (-0.00239655, 5.51206e-08), (-0.00239655, 5.80392e-08), (-0.00239655, -6.16697e-08), (-0.00239655, -6.49712e-08), (-0.00239655, -7.39161e-08), (-0.00239655, -7.49682e-08), (-0.00239655, 7.61459e-08), (-0.00239655, -7.82208e-08), (-0.00239655, 8.08329e-08), (-0.00239655, -8.63872e-08), (-0.00239655, -1.0999e-07), (-0.00239655, 1.18775e-07), (-0.00239655, -1.18984e-07), (-0.00239655, 1.21639e-07), (-0.00239655, -1.43761e-07), (-0.00239655, -1.55685e-07), (-0.00239655, 1.69154e-07), (-0.00239655, 1.73973e-07), (-0.00239655, 1.76505e-07), (-0.00239655, -1.85464e-07), (-0.00239655, 1.95736e-07), (-0.00239655, -2.00375e-07), (-0.00239655, -2.02106e-07), (-0.00239655, 2.12265e-07), (-0.00239655, -2.21775e-07), (-0.00239655, -2.27091e-07), (-0.00239655, -2.42617e-07), (-0.00239655, -3.09158e-07), (-0.00239655, -3.1018e-07), (-0.00239655, -3.50698e-07), (-0.00239655, -3.61142e-07), (-0.00239655, -3.73098e-07), (-0.00239655, -4.41834e-07), (-0.00239655, 4.60564e-07), (-0.00239655, -5.31005e-07), (-0.00239655, -5.62602e-07), (-0.00239655, -6.18476e-07), (-0.00239655, 0.151834), (0.245732, 1.27402e-07) ]
Média: 0.998352
Melhor (0.999994): (-0.00239655, 1.21326e-08)
Pior (0.940768): (0.245732, 1.27402e-07)

<------Geração 91------>

[ (-0.00239655, 9.06377e-09), (-0.00239655, -1.17951e-08), (-0.00239655, -5.76708e-09), (-0.00239655, -8.71475e-09), (-0.00239655, 1.21326e-08), (-0.00239655, 9.27548e-09), (-0.00239655, 7.04864e-09), (-0.00239655, -1.94641e-08), (-0.00239655, 1.63057e-08), (-0.00239655, -1.90969e-08), (-0.00239655, 2.24979e-08), (-0.00239655, -2.21152e-08), (-0.00239655, -2.42318e-08), (-0.00239655, -2.33439e-08), (-0.00239655, -2.95242e-08), (-0.00239655, -3.18774e-08), (-0.00239655, 3.92765e-08), (-0.00239655, -4.15839e-08), (-0.00239655, -4.24587e-08), (-0.00239655, -4.46696e-08), (-0.00239655, 5.31724e-08), (-0.00239655, 5.19344e-08), (-0.00239655, -5.46597e-08), (-0.00239655, 5.55004e-08), (-0.00239655, -5.57711e-08), (-0.00239655, 5.62323e-08), (-0.00239655, 5.7102e-08), (-0.00239655, -5.81021e-08), (-0.00239655, -5.82783e-08), (-0.00239655, -6.45202e-08), (-0.00239655, 6.50379e-08), (-0.00239655, 6.81051e-08), (-0.00239655, 6.97053e-08), (-0.00239655, -7.26987e-08), (-0.00239655, -7.27596e-08), (-0.00239655, -7.39161e-08), (-0.00239655, -7.6589e-08), (-0.00239655, 8.57905e-08), (-0.00239655, -8.70336e-08), (-0.00239655, -9.567e-08), (-0.00239655, -1.0892e-07), (-0.00239655, -1.10395e-07), (-0.00239655, -1.36736e-07), (-0.00239655, 1.50912e-07), (-0.00239655, -1.81181e-07), (-0.00239655, -2.66473e-07), (-0.00239655, -0.167732), (-0.00239655, -0.259994), (-0.00239655, -0.471814), (-0.671269, 1.52424e-08) ]
Média: 0.98624
Melhor (0.999994): (-0.00239655, 9.06377e-09)
Pior (0.613039): (-0.671269, 1.52424e-08)

<------Geração 92------>

[ (-0.00239655, -1.08274e-08), (-0.00239655, 9.32244e-09), (-0.00239655, 3.86325e-09), (-0.00239655, 8.59421e-09), (-0.00239655, 1.08468e-08), (-0.00239655, 9.06719e-09), (-0.00239655, -8.4404e-09), (-0.00239655, -9.25373e-09), (-0.00239655, -1.11006e-08), (-0.00239655, 9.00941e-09), (-0.00239655, -9.49295e-09), (-0.00239655, 1.21326e-08), (-0.00239655, 3.8428e-09), (-0.00239655, 9.06377e-09), (-0.00239655, -1.17951e-08), (-0.00239655, 1.38672e-08), (-0.00239655, -1.39986e-08), (-0.00239655, 1.60309e-08), (-0.00239655, -1.97021e-08), (-0.00239655, -1.7275e-08), (-0.00239655, -1.97501e-08), (-0.00239655, -2.07369e-08), (-0.00239655, -2.06688e-08), (-0.00239655, -2.10837e-08), (-0.00239655, -2.43881e-08), (-0.00239655, -2.26726e-08), (-0.00239655, 2.31918e-08), (-0.00239655, -2.44804e-08), (-0.00239655, 2.57601e-08), (-0.00239655, -2.88702e-08), (-0.00239655, 2.62274e-08), (-0.00239655, -2.99724e-08), (-0.00239655, -2.9623e-08), (-0.00239655, -3.10773e-08), (-0.00239655, 3.25908e-08), (-0.00239655, 3.56789e-08), (-0.00239655, 3.55931e-08), (-0.00239655, 3.72628e-08), (-0.00239655, 4.06265e-08), (-0.00239655, -3.96636e-08), (-0.00239655, 4.25323e-08), (-0.00239655, 5.29736e-08), (-0.00239655, -5.43586e-08), (-0.00239655, -6.95037e-08), (-0.00239655, -1.08807e-07), (0.0213292, 4.87184e-09), (-0.470756, 1.04254e-08), (0.544577, -1.00773e-08), (0.777614, -2.69449e-08), (-0.00239655, 0.799382) ]
Média: 0.970375
Melhor (0.999994): (-0.00239655, -1.08274e-08)
Pior (0.486033): (-0.00239655, 0.799382)

<------Geração 93------>

[ (-0.00239655, 2.41073e-10), (-0.00239655, -2.46118e-09), (-0.00239655, -2.13549e-09), (-0.00239655, -2.53898e-09), (-0.00239655, 9.12639e-09), (-0.00239655, 5.87848e-09), (-0.00239655, 9.17607e-09), (-0.00239655, 9.01478e-09), (-0.00239655, -5.96711e-09), (-0.00239655, -1.08058e-08), (-0.00239655, 8.33143e-09), (-0.00239655, -5.80349e-09), (-0.00239655, -9.36668e-09), (-0.00239655, 9.58924e-09), (-0.00239655, 6.84436e-09), (-0.00239655, 8.87612e-09), (-0.00239655, 1.08668e-08), (-0.00239655, -1.08274e-08), (-0.00239655, -9.32301e-09), (-0.00239655, 1.1794e-08), (-0.00239655, -1.11006e-08), (-0.00239655, 9.32244e-09), (-0.00239655, -8.68686e-09), (-0.00239655, 9.50395e-09), (-0.00239655, 1.2585e-08), (-0.00239655, 6.58192e-09), (-0.00239655, -9.18702e-09), (-0.00239655, 8.177e-09), (-0.00239655, 7.08955e-09), (-0.00239655, 8.63578e-09), (-0.00239655, 9.32244e-09), (-0.00239655, -1.17665e-08), (-0.00239655, 8.43307e-09), (-0.00239655, 1.41576e-08), (-0.00239655, 1.3864e-08), (-0.00239655, -1.51693e-08), (-0.00239655, 1.45468e-08), (-0.00239655, -1.75422e-08), (-0.00239655, -1.97579e-08), (-0.00239655, -1.82477e-08), (-0.00239655, -1.53662e-08), (-0.00239655, -2.06586e-08), (-0.00239655, -2.13935e-08), (-0.00239655, -2.30957e-08), (0.0143991, 2.06437e-10), (-0.00239655, 0.189508), (-0.00239655, 0.199812), (-0.00239655, 0.305099), (-0.00239655, -0.555802), (-0.00239655, 0.864943) ]
Média: 0.979533
Melhor (0.999994): (-0.00239655, 2.41073e-10)
Pior (0.420905): (-0.00239655, 0.864943)

<------Geração 94------>

[ (-0.00239655, -2.46118e-09), (-0.00239655, -1.08186e-10), (-0.00239655, -2.5125e-10), (-0.00239655, -2.8519e-09), (-0.00239655, -5.32943e-10), (-0.00239655, -1.80704e-09), (-0.00239655, 3.12885e-09), (-0.00239655, -1.22222e-09), (-0.00239655, 2.41073e-10), (-0.00239655, -1.31963e-09), (-0.00239655, -8.7609e-09), (-0.00239655, 1.03727e-08), (-0.00239655, 1.22466e-08), (-0.00239655, 3.86676e-09), (-0.00239655, 9.09112e-09), (-0.00239655, 8.65077e-09), (-0.00239655, 9.38408e-09), (-0.00239655, 7.84757e-09), (-0.00239655, -1.03505e-08), (-0.00239655, -5.16945e-09), (-0.00239655, -5.26491e-09), (-0.00239655, 1.15162e-08), (-0.00239655, 8.59425e-09), (-0.00239655, -4.52688e-09), (-0.00239655, 9.12585e-09), (-0.00239655, 9.44877e-09), (-0.00239655, 1.12744e-08), (-0.00239655, -1.09047e-08), (-0.00239655, 4.17756e-09), (-0.00239655, -1.08103e-08), (-0.00239655, 9.06895e-09), (-0.00239655, -5.19928e-09), (-0.00239655, -6.96334e-09), (-0.00239655, 8.45835e-09), (-0.00239655, 8.55298e-09), (-0.00239655, 8.82895e-09), (-0.00239655, 8.72997e-09), (-0.00239655, 6.84593e-09), (-0.00239655, 8.84266e-09), (-0.00239655, 6.96638e-09), (-0.00239655, -3.78465e-09), (-0.00239655, -4.23473e-09), (-0.00239655, -6.16955e-09), (-0.00239655, -5.26188e-09), (-0.00239655, 7.51001e-09), (-0.00239655, 4.46209e-09), (-0.00239655, -5.27777e-09), (-0.00239655, 6.9495e-09), (-0.00239655, -1.48885e-08), (-0.329357, -9.0766e-09) ]
Média: 0.9979
Melhor (0.999994): (-0.00239655, -2.46118e-09)
Pior (0.895305): (-0.329357, -9.0766e-09)

<------Geração 95------>

[ (-0.00239655, 3.13536e-09), (-0.00239655, 5.65586e-10), (-0.00239655, -1.25173e-09), (-0.00239655, -1.31963e-09), (-0.00239655, -3.31618e-09), (-0.00239655, 6.75891e-10), (-0.00239655, 2.44713e-09), (-0.00239655, 2.1563e-09), (-0.00239655, 3.38037e-09), (-0.00239655, -2.28409e-09), (-0.00239655, -1.75498e-09), (-0.00239655, -1.08186e-10), (-0.00239655, -3.93484e-10), (-0.00239655, 3.24649e-11), (-0.00239655, -1.1601e-09), (-0.00239655, 8.03875e-12), (-0.00239655, 2.61205e-10), (-0.00239655, 2.63027e-09), (-0.00239655, 7.609e-10), (-0.00239655, -3.4589e-10), (-0.00239655, -3.58687e-10), (-0.00239655, -2.46118e-09), (-0.00239655, -1.89848e-09), (-0.00239655, -1.84479e-09), (-0.00239655, 2.04056e-09), (-0.00239655, -1.08753e-09), (-0.00239655, 2.58801e-09), (-0.00239655, -1.12571e-09), (-0.00239655, -2.46118e-09), (-0.00239655, -1.22621e-09), (-0.00239655, 1.03192e-10), (-0.00239655, -1.63257e-09), (-0.00239655, 4.53928e-09), (-0.00239655, 6.50544e-09), (-0.00239655, -4.30033e-09), (-0.00239655, 4.82939e-09), (-0.00239655, 5.49248e-09), (-0.00239655, -8.19743e-09), (-0.00239655, 6.74535e-09), (-0.00239655, 3.65513e-09), (-0.00239655, -4.02207e-09), (-0.00239655, 7.51407e-09), (-0.00239655, 8.29534e-09), (-0.00239655, -4.54398e-09), (-0.00239655, 5.46144e-09), (-0.00239655, 0.00984868), (-0.00239655, -0.335024), (-0.00239655, 0.393345), (0.470524, 4.37884e-10), (-0.00239655, 0.73132) ]
Média: 0.981853
Melhor (0.999994): (-0.00239655, 3.13536e-09)
Pior (0.553911): (-0.00239655, 0.73132)

<------Geração 96------>

[ (-0.00239655, 1.35209e-09), (-0.00239655, 3.13536e-09), (-0.00239655, 2.12441e-09), (-0.00239655, -2.39231e-09), (-0.00239655, -1.13686e-09), (-0.00239655, -2.30389e-09), (-0.00239655, -8.08096e-10), (-0.00239655, -1.8933e-09), (-0.00239655, 1.873e-09), (-0.00239655, -9.60351e-10), (-0.00239655, -9.0361e-10), (-0.00239655, -7.82183e-10), (-0.00239655, -6.55756e-10), (-0.00239655, 5.05011e-10), (-0.00239655, 3.0095e-10), (-0.00239655, 6.86184e-10), (-0.00239655, 2.43123e-09), (-0.00239655, -4.71103e-10), (-0.00239655, 5.49674e-10), (-0.00239655, -1.63257e-09), (-0.00239655, -1.18407e-09), (-0.00239655, -1.61675e-11), (-0.00239655, -1.12915e-09), (-0.00239655, 6.65999e-10), (-0.00239655, -2.4182e-09), (-0.00239655, -2.91954e-10), (-0.00239655, 5.65586e-10), (-0.00239655, -3.09887e-10), (-0.00239655, 1.54462e-09), (-0.00239655, -1.04783e-09), (-0.00239655, -5.0434e-10), (-0.00239655, -1.49804e-09), (-0.00239655, 2.53579e-09), (-0.00239655, 4.99059e-10), (-0.00239655, -1.59586e-09), (-0.00239655, -4.09832e-11), (-0.00239655, -1.22632e-09), (-0.00239655, 1.98872e-09), (-0.00239655, -3.07804e-10), (-0.00239655, 2.1118e-09), (-0.00239655, 5.46823e-10), (-0.00239655, 5.02899e-10), (-0.00239655, 7.25083e-10), (-0.00239655, -2.91638e-09), (-0.00239655, -1.36119e-09), (-0.00239655, 4.97808e-09), (-0.00239655, 0.000642726), (-0.0166718, 1.06094e-09), (-0.00239655, 0.150887), (-0.00239655, 0.333719) ]
Média: 0.997389
Melhor (0.999994): (-0.00239655, 1.35209e-09)
Pior (0.892612): (-0.00239655, 0.333719)

<------Geração 97------>

[ (-0.00239655, 5.55863e-12), (-0.00239655, 1.35209e-09), (-0.00239655, -1.44949e-09), (-0.00239655, 7.80333e-10), (-0.00239655, -7.93142e-10), (-0.00239655, 2.09388e-09), (-0.00239655, -9.10701e-10), (-0.00239655, -4.93211e-10), (-0.00239655, -1.06888e-09), (-0.00239655, 1.35209e-09), (-0.00239655, -9.2569e-11), (-0.00239655, 4.45454e-10), (-0.00239655, -2.62775e-10), (-0.00239655, -5.86095e-10), (-0.00239655, -1.89773e-09), (-0.00239655, -2.07856e-09), (-0.00239655, 6.72982e-10), (-0.00239655, -1.86727e-09), (-0.00239655, 2.39176e-09), (-0.00239655, -9.29326e-10), (-0.00239655, -3.88883e-10), (-0.00239655, -5.55909e-10), (-0.00239655, -5.92305e-10), (-0.00239655, -1.42418e-09), (-0.00239655, -1.20319e-09), (-0.00239655, -7.52101e-11), (-0.00239655, 3.13536e-09), (-0.00239655, -6.13244e-10), (-0.00239655, -1.94084e-09), (-0.00239655, -1.04193e-09), (-0.00239655, 6.19591e-11), (-0.00239655, -1.10484e-09), (-0.00239655, -1.58213e-09), (-0.00239655, -4.63791e-10), (-0.00239655, -7.41343e-13), (-0.00239655, 2.11281e-10), (-0.00239655, -1.49108e-09), (-0.00239655, 2.41326e-09), (-0.00239655, -2.11709e-09), (-0.00239655, -1.2262e-09), (-0.00239655, 2.27298e-09), (-0.00239655, 1.08388e-09), (-0.00239655, 6.41449e-10), (-0.00239655, 6.94667e-10), (-0.00239655, -2.75305e-09), (-0.00239655, 2.28653e-09), (-0.00239655, -8.74239e-10), (-0.00239655, 1.78093e-09), (-0.00239655, 1.79152e-09), (0.184427, 1.07721e-10) ]
Média: 0.999321
Melhor (0.999994): (-0.00239655, 5.55863e-12)
Pior (0.966339): (0.184427, 1.07721e-10)

<------Geração 98------>

[ (-0.00239655, 2.26178e-10), (-0.00239655, 5.55863e-12), (-0.00239655, -7.64952e-10), (-0.00239655, -1.51516e-09), (-0.00239655, -9.92153e-10), (-0.00239655, 2.54447e-10), (-0.00239655, -4.29169e-10), (-0.00239655, 4.02638e-10), (-0.00239655, 1.81394e-09), (-0.00239655, 1.34969e-10), (-0.00239655, 5.98712e-11), (-0.00239655, 1.07709e-09), (-0.00239655, 5.66717e-11), (-0.00239655, -1.61348e-10), (-0.00239655, 1.02304e-09), (-0.00239655, 2.29688e-10), (-0.00239655, -5.60442e-10), (-0.00239655, -9.62212e-10), (-0.00239655, -8.73098e-10), (-0.00239655, -1.96162e-10), (-0.00239655, -1.41531e-09), (-0.00239655, -1.55753e-09), (-0.00239655, 2.85828e-09), (-0.00239655, -9.18436e-10), (-0.00239655, 2.21094e-09), (-0.00239655, 1.35209e-09), (-0.00239655, 3.00219e-09), (-0.00239655, 2.2532e-09), (-0.00239655, -3.28431e-10), (-0.00239655, 9.91077e-12), (-0.00239655, -8.19219e-10), (-0.00239655, 9.07494e-10), (-0.00239655, -3.63316e-10), (-0.00239655, -4.93211e-10), (-0.00239655, -1.50914e-09), (-0.00239655, -1.71044e-10), (-0.00239655, -2.40892e-10), (-0.00239655, 1.63019e-09), (-0.00239655, 1.97599e-09), (-0.00239655, -4.24371e-10), (-0.00239655, 1.80322e-09), (-0.00239655, -9.45613e-10), (-0.00239655, 6.13843e-10), (-0.00239655, -0.0270311), (-0.00239655, -0.0674648), (0.143609, 2.19135e-09), (-0.00239655, -0.180364), (-0.214067, -1.42036e-09), (0.448611, -9.75645e-10), (-0.00239655, -1.08796) ]
Média: 0.978492
Melhor (0.999994): (-0.00239655, 2.26178e-10)
Pior (0.216241): (-0.00239655, -1.08796)

<------Geração 99------>

[ (-0.00239655, -7.35813e-10), (-0.00239655, -1.10942e-09), (-0.00239655, 1.43097e-09), (-0.00239655, 1.03513e-10), (-0.00239655, -1.45172e-09), (-0.00239655, -1.71044e-10), (-0.00239655, 7.32592e-10), (-0.00239655, 2.04765e-09), (-0.00239655, 9.87215e-10), (-0.00239655, -4.38919e-10), (-0.00239655, 1.04998e-09), (-0.00239655, 4.93743e-10), (-0.00239655, 5.55863e-12), (-0.00239655, 4.67156e-10), (-0.00239655, -2.79168e-10), (-0.00239655, 1.74766e-10), (-0.00239655, -5.25521e-10), (-0.00239655, 1.17069e-10), (-0.00239655, -7.91874e-10), (-0.00239655, -2.95863e-14), (-0.00239655, 1.31051e-09), (-0.00239655, 2.95799e-10), (-0.00239655, -1.23009e-10), (-0.00239655, -2.11554e-10), (-0.00239655, 4.44337e-11), (-0.00239655, -1.98702e-10), (-0.00239655, 4.72621e-11), (-0.00239655, -4.05724e-10), (-0.00239655, 1.54372e-09), (-0.00239655, -1.62379e-10), (-0.00239655, -9.23993e-11), (-0.00239655, -1.43662e-10), (-0.00239655, 9.51023e-10), (-0.00239655, -1.5059e-09), (-0.00239655, 1.26054e-10), (-0.00239655, 2.59402e-09), (-0.00239655, -5.46452e-10), (-0.00239655, -7.59104e-10), (-0.00239655, 9.74595e-10), (-0.00239655, 2.26178e-10), (-0.00239655, -4.56914e-10), (-0.00239655, 8.44252e-10), (-0.00239655, -1.07603e-09), (-0.00239655, -7.23145e-11), (0.141417, 3.86224e-10), (-0.00239655, 0.164268), (-0.00239655, -0.266462), (0.319418, -5.39256e-10), (-0.00239655, -0.329058), (-0.655576, -6.59165e-10) ]
Média: 0.986175
Melhor (0.999994): (-0.00239655, -7.35813e-10)
Pior (0.628258): (-0.655576, -6.59165e-10)

<------Geração 100------>

[ (-0.00239655, -8.19064e-10), (-0.00239655, -7.35813e-10), (-0.00239655, -4.0237e-10), (-0.00239655, 1.39955e-09), (-0.00239655, 1.18702e-09), (-0.00239655, 9.28244e-10), (-0.00239655, 5.50027e-11), (-0.00239655, -3.4256e-11), (-0.00239655, -5.3543e-11), (-0.00239655, 6.94753e-10), (-0.00239655, -5.32974e-10), (-0.00239655, -5.97689e-10), (-0.00239655, -3.02347e-10), (-0.00239655, -7.8638e-11), (-0.00239655, 2.27735e-09), (-0.00239655, 4.8099e-10), (-0.00239655, -8.30873e-12), (-0.00239655, 2.04391e-10), (-0.00239655, 1.5191e-10), (-0.00239655, -1.96583e-10), (-0.00239655, -1.98584e-10), (-0.00239655, 3.47657e-10), (-0.00239655, -5.13599e-10), (-0.00239655, 9.82889e-10), (-0.00239655, 2.91872e-11), (-0.00239655, -1.10942e-09), (-0.00239655, 1.87568e-09), (-0.00239655, -2.95411e-10), (-0.00239655, -1.2861e-09), (-0.00239655, 6.97107e-10), (-0.00239655, -2.39541e-10), (-0.00239655, 2.96819e-11), (-0.00239655, -3.46093e-11), (-0.00239655, -3.36145e-10), (-0.00239655, 1.22529e-10), (-0.00239655, 8.36311e-10), (-0.00239655, -3.36384e-10), (-0.00239655, -6.13879e-10), (-0.00239655, -2.33867e-10), (-0.00239655, 4.34237e-10), (-0.00239655, -9.40042e-11), (-0.00239655, 3.21711e-10), (-0.00239655, -3.94797e-12), (-0.00239655, 3.29425e-10), (-0.00239655, -4.48883e-10), (-0.00239655, -3.1558e-10), (-0.00239655, 0.258416), (-0.520297, -7.01689e-10), (-0.00239655, -0.694019), (-0.926979, -2.09994e-10) ]
Média: 0.972768
Melhor (0.999994): (-0.00239655, -8.19064e-10)
Pior (0.360543): (-0.926979, -2.09994e-10)

<------Geração 101------>

[ (-0.00239655, 7.79579e-10), (-0.00239655, 1.75375e-11), (-0.00239655, -1.15715e-10), (-0.00239655, 2.97891e-10), (-0.00239655, -2.44368e-10), (-0.00239655, -1.50187e-11), (-0.00239655, 5.88031e-10), (-0.00239655, -2.55095e-10), (-0.00239655, -4.3678e-10), (-0.00239655, 5.7159e-10), (-0.00239655, 7.72149e-10), (-0.00239655, 2.98669e-11), (-0.00239655, -7.35813e-10), (-0.00239655, -3.90529e-10), (-0.00239655, 7.2245e-10), (-0.00239655, 3.04283e-10), (-0.00239655, -8.08508e-10), (-0.00239655, -3.16524e-10), (-0.00239655, -3.03523e-10), (-0.00239655, -7.72764e-11), (-0.00239655, -4.46942e-10), (-0.00239655, 2.71286e-10), (-0.00239655, 4.0714e-10), (-0.00239655, 9.32256e-11), (-0.00239655, -8.19064e-10), (-0.00239655, 9.37321e-10), (-0.00239655, 2.53078e-11), (-0.00239655, 1.39955e-09), (-0.00239655, 5.44669e-10), (-0.00239655, -2.47711e-10), (-0.00239655, -1.96536e-10), (-0.00239655, 3.96435e-10), (-0.00239655, 8.70054e-10), (-0.00239655, -3.06529e-10), (-0.00239655, -4.37326e-10), (-0.00239655, -3.32821e-10), (-0.00239655, -6.91212e-11), (-0.00239655, -2.38285e-10), (-0.00239655, -3.46093e-11), (-0.00239655, 1.32182e-10), (-0.00239655, -6.65406e-10), (-0.00239655, 3.78213e-10), (-0.00239655, 5.6777e-10), (-0.00239655, 1.3695e-10), (-0.00239655, -5.52589e-11), (0.0391295, -2.88415e-10), (-0.00239655, 0.10631), (0.120807, 0.352663), (-0.00239655, 0.926091), (-0.00239655, -0.952689) ]
Média: 0.971034
Melhor (0.999994): (-0.00239655, 7.79579e-10)
Pior (0.336108): (-0.00239655, -0.952689)

<------Geração 102------>

[ (-0.00239655, 3.65125e-10), (-0.00239655, 7.79579e-10), (-0.00239655, -1.735e-10), (-0.00239655, -8.06553e-10), (-0.00239655, 4.55391e-10), (-0.00239655, -2.22365e-10), (-0.00239655, 1.88417e-10), (-0.00239655, -2.47711e-10), (-0.00239655, -4.86825e-10), (-0.00239655, -2.39096e-10), (-0.00239655, -3.04787e-11), (-0.00239655, 2.02574e-10), (-0.00239655, -8.30188e-11), (-0.00239655, -7.09022e-11), (-0.00239655, -1.6285e-10), (-0.00239655, 3.05471e-10), (-0.00239655, 1.56304e-10), (-0.00239655, 1.82201e-10), (-0.00239655, 1.83626e-10), (-0.00239655, -4.2206e-11), (-0.00239655, -2.89968e-10), (-0.00239655, 8.10307e-11), (-0.00239655, 7.61361e-10), (-0.00239655, 2.03881e-10), (-0.00239655, -2.48523e-10), (-0.00239655, 1.75375e-11), (-0.00239655, 1.44168e-10), (-0.00239655, -5.32972e-11), (-0.00239655, -2.45183e-10), (-0.00239655, -7.24698e-10), (-0.00239655, 3.48958e-10), (-0.00239655, -1.28786e-10), (-0.00239655, -2.44431e-10), (-0.00239655, 4.36886e-10), (-0.00239655, -3.53858e-10), (-0.00239655, -6.6022e-10), (-0.00239655, 4.40198e-10), (-0.00239655, 7.2245e-10), (-0.00239655, 6.18594e-11), (-0.00239655, -1.17812e-10), (-0.00239655, 3.17436e-10), (-0.00239655, -4.27919e-11), (-0.00239655, -1.0589e-10), (-0.00239655, -7.24499e-11), (-0.00239655, 3.74573e-10), (-0.0120818, 4.89883e-11), (-0.0480834, 6.71027e-11), (-0.00239655, -0.0600156), (-0.00239655, 0.446107), (-0.562001, 4.794e-12) ]
Média: 0.990466
Melhor (0.999994): (-0.00239655, 3.65125e-10)
Pior (0.715902): (-0.562001, 4.794e-12)

<------Geração 103------>

[ (-0.00239655, 4.40127e-10), (-0.00239655, -1.18497e-10), (-0.00239655, 3.65125e-10), (-0.00239655, 2.58316e-10), (-0.00239655, 3.13808e-10), (-0.00239655, 6.78632e-10), (-0.00239655, 2.89909e-10), (-0.00239655, -5.34873e-10), (-0.00239655, -2.68332e-11), (-0.00239655, -2.29528e-10), (-0.00239655, -1.15527e-10), (-0.00239655, 7.43457e-11), (-0.00239655, 1.5676e-10), (-0.00239655, -1.0589e-10), (-0.00239655, -1.83366e-10), (-0.00239655, 1.21298e-10), (-0.00239655, -1.16079e-10), (-0.00239655, 5.01826e-10), (-0.00239655, -1.1484e-11), (-0.00239655, 4.9083e-10), (-0.00239655, -5.57728e-11), (-0.00239655, 8.47065e-11), (-0.00239655, -2.29599e-10), (-0.00239655, -2.20953e-10), (-0.00239655, 1.26655e-10), (-0.00239655, 7.79579e-10), (-0.00239655, -3.36274e-10), (-0.00239655, 5.09913e-10), (-0.00239655, 2.2139e-10), (-0.00239655, -5.14437e-11), (-0.00239655, -3.82109e-11), (-0.00239655, 4.22554e-11), (-0.00239655, 7.4106e-11), (-0.00239655, 4.07876e-11), (-0.00239655, 2.53718e-10), (-0.00239655, 1.93552e-10), (-0.00239655, -5.15353e-10), (-0.00239655, -2.23266e-10), (-0.00239655, -1.6629e-10), (-0.00239655, 5.97005e-11), (-0.00239655, 3.73827e-11), (-0.00239655, 6.37016e-12), (-0.00239655, 0.0515836), (-0.00239655, 0.342629), (-0.397407, -3.98132e-10), (-0.00239655, 0.457016), (-0.00239655, -0.564988), (-0.61985, -2.44431e-10), (-0.00239655, 1.10579), (-0.916914, 1.69587) ]
Média: 0.944835
Melhor (0.999994): (-0.00239655, 4.40127e-10)
Pior (0.124972): (-0.916914, 1.69587)

<------Geração 104------>

[ (-0.00239655, -6.67739e-12), (-0.00239655, 4.40127e-10), (-0.00239655, -2.00829e-10), (-0.00239655, -5.20439e-10), (-0.00239655, -2.71642e-11), (-0.00239655, 2.55353e-10), (-0.00239655, -5.23847e-11), (-0.00239655, 3.14055e-10), (-0.00239655, -1.58299e-10), (-0.00239655, 3.98022e-10), (-0.00239655, 4.2627e-10), (-0.00239655, -2.91583e-10), (-0.00239655, 3.68217e-10), (-0.00239655, -1.9548e-10), (-0.00239655, -1.8172e-10), (-0.00239655, 3.08536e-10), (-0.00239655, 2.89909e-10), (-0.00239655, -5.3732e-11), (-0.00239655, 9.80872e-11), (-0.00239655, 3.83724e-10), (-0.00239655, -1.40162e-10), (-0.00239655, -1.09756e-10), (-0.00239655, 6.83234e-10), (-0.00239655, -2.55221e-10), (-0.00239655, -1.88863e-11), (-0.00239655, -1.18497e-10), (-0.00239655, -1.11331e-10), (-0.00239655, 2.79595e-10), (-0.00239655, -4.32197e-10), (-0.00239655, 1.28704e-10), (-0.00239655, 3.62951e-10), (-0.00239655, -1.32095e-10), (-0.00239655, 1.26309e-10), (-0.00239655, -1.69246e-10), (-0.00239655, -5.51081e-11), (-0.00239655, 7.00785e-11), (-0.00239655, 1.35223e-10), (-0.00239655, 3.15959e-10), (-0.00239655, -1.54827e-11), (-0.00239655, -1.58223e-10), (-0.00239655, -1.36506e-10), (-0.00239655, -2.38014e-11), (-0.00239655, 5.32835e-10), (-0.00239655, 4.96711e-10), (0.201024, -1.51116e-11), (0.395634, -1.07577e-10), (0.406305, 1.88112e-10), (-0.00239655, 0.462248), (-0.746964, -4.02479e-11), (-0.00239655, -0.952983) ]
Média: 0.966601
Melhor (0.999994): (-0.00239655, -6.67739e-12)
Pior (0.335831): (-0.00239655, -0.952983)

<------Geração 105------>

[ (-0.00239655, -7.12874e-12), (-0.00239655, -6.67739e-12), (-0.00239655, -2.24505e-10), (-0.00239655, -1.52912e-10), (-0.00239655, 3.39998e-10), (-0.00239655, 2.96758e-10), (-0.00239655, -9.82222e-11), (-0.00239655, 2.1584e-10), (-0.00239655, 3.08849e-10), (-0.00239655, -1.77591e-10), (-0.00239655, -1.12347e-10), (-0.00239655, -2.18718e-10), (-0.00239655, 2.01956e-10), (-0.00239655, 2.85352e-10), (-0.00239655, 8.28856e-11), (-0.00239655, -5.2797e-11), (-0.00239655, 2.59399e-10), (-0.00239655, -5.5188e-11), (-0.00239655, 1.21336e-10), (-0.00239655, 3.12405e-10), (-0.00239655, -1.44147e-10), (-0.00239655, -4.37609e-10), (-0.00239655, 2.32158e-10), (-0.00239655, -1.28024e-10), (-0.00239655, -1.53812e-10), (-0.00239655, 4.40127e-10), (-0.00239655, -1.70919e-10), (-0.00239655, -1.56271e-10), (-0.00239655, 3.88322e-10), (-0.00239655, 1.73621e-10), (-0.00239655, -1.19423e-10), (-0.00239655, -1.38435e-10), (-0.00239655, 2.47913e-10), (-0.00239655, 1.06477e-10), (-0.00239655, 2.96677e-10), (-0.00239655, 3.74217e-10), (-0.00239655, 2.52147e-10), (-0.00239655, 1.52451e-10), (-0.00239655, -1.22106e-10), (-0.00239655, -1.43814e-11), (-0.00239655, 9.82317e-11), (-0.00239655, -7.6196e-11), (-0.00862292, 7.74416e-11), (-0.00239655, -0.0526976), (-0.00239655, -0.0705257), (-0.00239655, 0.253597), (-0.306, 2.2695e-10), (-0.320356, -1.03905e-10), (-0.00239655, 0.424527), (-0.00239655, 1.42233) ]
Média: 0.971858
Melhor (0.999994): (-0.00239655, -7.12874e-12)
Pior (0.0238098): (-0.00239655, 1.42233)

<------Geração 106------>

[ (-0.00239655, 3.46521e-11), (-0.00239655, 2.53492e-10), (-0.00239655, -7.12874e-12), (-0.00239655, 2.78329e-10), (-0.00239655, 2.55293e-12), (-0.00239655, 3.78349e-10), (-0.00239655, 2.28245e-10), (-0.00239655, 1.63453e-10), (-0.00239655, 1.55755e-10), (-0.00239655, 6.08421e-11), (-0.00239655, -1.3317e-10), (-0.00239655, -1.29633e-10), (-0.00239655, 3.15192e-10), (-0.00239655, 3.58953e-10), (-0.00239655, -9.76636e-12), (-0.00239655, 2.05674e-10), (-0.00239655, -1.22186e-10), (-0.00239655, 2.39325e-11), (-0.00239655, 1.75819e-10), (-0.00239655, -8.22484e-12), (-0.00239655, 1.49566e-10), (-0.00239655, 2.33537e-11), (-0.00239655, -7.39435e-11), (-0.00239655, 1.22083e-10), (-0.00239655, -6.67739e-12), (-0.00239655, -3.65514e-11), (-0.00239655, 2.32651e-10), (-0.00239655, 2.62184e-10), (-0.00239655, 2.29714e-10), (-0.00239655, -1.9497e-10), (-0.00239655, -6.4535e-11), (-0.00239655, -5.51377e-11), (-0.00239655, -4.12781e-11), (-0.00239655, 2.4744e-10), (-0.00239655, 1.84284e-10), (-0.00239655, -9.89696e-11), (-0.00239655, -1.62254e-10), (-0.00239655, 2.84499e-11), (-0.00239655, -5.82553e-11), (-0.00239655, -1.12541e-10), (-0.00239655, 7.293e-11), (-0.00239655, 2.30815e-11), (-0.00605953, 4.26241e-11), (0.0537179, 8.4767e-11), (-0.00239655, 0.0571818), (-0.00239655, -0.244931), (-0.00239655, -0.589148), (-0.00239655, -0.640144), (-0.733625, -2.83303e-11), (-0.00239655, -0.961254) ]
Média: 0.962972
Melhor (0.999994): (-0.00239655, 3.46521e-11)
Pior (0.328063): (-0.00239655, -0.961254)

<------Geração 107------>

[ (-0.00239655, 1.76481e-12), (-0.00239655, -1.04975e-10), (-0.00239655, 3.46521e-11), (-0.00239655, 1.68789e-10), (-0.00239655, -9.40939e-12), (-0.00239655, 2.39181e-10), (-0.00239655, 9.88326e-11), (-0.00239655, -7.81962e-11), (-0.00239655, 2.43784e-11), (-0.00239655, 1.13474e-10), (-0.00239655, 2.33127e-10), (-0.00239655, 2.02087e-10), (-0.00239655, 1.88959e-10), (-0.00239655, 5.92517e-11), (-0.00239655, 1.89197e-11), (-0.00239655, -1.01612e-10), (-0.00239655, -3.57132e-12), (-0.00239655, 1.88687e-10), (-0.00239655, 2.47178e-10), (-0.00239655, -4.95434e-11), (-0.00239655, 2.9241e-11), (-0.00239655, 5.94071e-11), (-0.00239655, 9.87684e-11), (-0.00239655, 1.47564e-11), (-0.00239655, 2.53492e-10), (-0.00239655, 9.48877e-11), (-0.00239655, -6.98114e-11), (-0.00239655, -1.12633e-10), (-0.00239655, 1.36975e-10), (-0.00239655, 7.59109e-11), (-0.00239655, -1.28343e-10), (-0.00239655, 1.32772e-10), (-0.00239655, -5.73121e-11), (-0.00239655, 3.73668e-11), (-0.00239655, -4.80372e-11), (-0.00239655, -4.44525e-11), (-0.00239655, -9.51223e-11), (-0.00239655, 2.56404e-10), (-0.00239655, -1.07994e-10), (-0.00239655, 7.94099e-12), (-0.00239655, 2.20418e-10), (-0.00239655, 1.78253e-10), (-0.00239655, 2.10369e-10), (-0.00239655, 2.00591e-11), (-0.00239655, -1.10544e-10), (-0.00239655, 3.465e-11), (0.0851864, 2.19532e-10), (-0.00239655, 0.299873), (-0.00239655, 0.323395), (-0.00239655, 0.972715) ]
Média: 0.982429
Melhor (0.999994): (-0.00239655, 1.76481e-12)
Pior (0.317377): (-0.00239655, 0.972715)

<------Geração 108------>

[ (-0.00239655, 2.50865e-10), (-0.00239655, -1.40326e-11), (-0.00239655, 1.76481e-12), (-0.00239655, -1.15359e-11), (-0.00239655, 4.36799e-11), (-0.00239655, 5.54722e-12), (-0.00239655, 1.35436e-10), (-0.00239655, 2.22312e-10), (-0.00239655, 8.4462e-11), (-0.00239655, 1.76613e-10), (-0.00239655, -7.88423e-11), (-0.00239655, 1.68789e-10), (-0.00239655, 5.17727e-12), (-0.00239655, 1.60745e-10), (-0.00239655, -4.22293e-11), (-0.00239655, 2.78489e-11), (-0.00239655, 1.09311e-10), (-0.00239655, 6.61541e-11), (-0.00239655, -1.27072e-11), (-0.00239655, 5.50461e-11), (-0.00239655, -4.88035e-12), (-0.00239655, -7.81962e-11), (-0.00239655, 1.37229e-10), (-0.00239655, -1.11438e-10), (-0.00239655, 1.69058e-10), (-0.00239655, -1.04975e-10), (-0.00239655, 8.66718e-12), (-0.00239655, 1.04186e-12), (-0.00239655, 1.12803e-10), (-0.00239655, 8.63029e-11), (-0.00239655, 1.54786e-11), (-0.00239655, 1.33038e-10), (-0.00239655, -1.24928e-11), (-0.00239655, 3.55013e-12), (-0.00239655, 6.71875e-11), (-0.00239655, -1.69192e-11), (-0.00239655, -8.33102e-11), (-0.00239655, 5.53055e-12), (-0.00239655, -6.62636e-11), (-0.00239655, 1.10996e-11), (-0.00239655, 1.96596e-10), (-0.00239655, 1.60513e-12), (-0.00239655, 7.17464e-12), (-0.00239655, 9.29774e-11), (-0.00239655, 4.0959e-11), (-0.00239655, 1.50963e-11), (-0.00239655, -0.174937), (-0.00239655, -0.53041), (-0.00239655, -0.681173), (-0.80841, -7.73902e-11) ]
Média: 0.975875
Melhor (0.999994): (-0.00239655, 2.50865e-10)
Pior (0.477026): (-0.80841, -7.73902e-11)

<------Geração 109------>

[ (-0.00239655, -1.74185e-11), (-0.00239655, 2.50865e-10), (-0.00239655, 3.73052e-12), (-0.00239655, 4.03545e-12), (-0.00239655, 2.9106e-11), (-0.00239655, 4.17279e-11), (-0.00239655, -1.00992e-10), (-0.00239655, 1.60513e-12), (-0.00239655, -3.29558e-11), (-0.00239655, 1.62241e-11), (-0.00239655, 2.78826e-12), (-0.00239655, 2.02008e-12), (-0.00239655, 9.99741e-11), (-0.00239655, 1.28941e-10), (-0.00239655, 2.18151e-10), (-0.00239655, 1.90472e-10), (-0.00239655, 1.02505e-10), (-0.00239655, 3.07232e-11), (-0.00239655, 1.08332e-10), (-0.00239655, -2.69322e-11), (-0.00239655, 5.89369e-11), (-0.00239655, -7.30588e-12), (-0.00239655, 3.88854e-12), (-0.00239655, 6.43802e-11), (-0.00239655, -1.69192e-11), (-0.00239655, -1.40326e-11), (-0.00239655, 6.67166e-11), (-0.00239655, -1.63923e-12), (-0.00239655, -2.93705e-12), (-0.00239655, 8.4462e-11), (-0.00239655, -3.24651e-11), (-0.00239655, 7.80324e-11), (-0.00239655, 9.63489e-11), (-0.00239655, 8.71745e-11), (-0.00239655, 3.93594e-11), (-0.00239655, -4.08179e-11), (-0.00239655, 4.36275e-11), (-0.00239655, -1.8375e-11), (-0.00239655, 6.17791e-12), (-0.00239655, 4.03773e-12), (-0.00239655, 1.11849e-11), (-0.00239655, 1.14379e-11), (-0.00239655, 1.96293e-10), (-0.00239655, 0.00617133), (0.104439, 4.07815e-11), (-0.115002, 1.4976e-12), (0.397817, 3.55013e-12), (-0.487709, 1.75875e-10), (-0.560248, 4.2133e-11), (-0.00239655, 0.58617) ]
Média: 0.980342
Melhor (0.999994): (-0.00239655, -1.74185e-11)
Pior (0.693861): (-0.00239655, 0.58617)

<------Geração 110------>

[ (-0.00239655, -4.47844e-12), (-0.00239655, -1.74185e-11), (-0.00239655, 1.82738e-11), (-0.00239655, -1.19291e-11), (-0.00239655, 7.83464e-12), (-0.00239655, 5.23795e-11), (-0.00239655, -6.74943e-11), (-0.00239655, 1.94791e-11), (-0.00239655, 5.92192e-11), (-0.00239655, 9.61665e-11), (-0.00239655, 1.77882e-12), (-0.00239655, 7.56825e-11), (-0.00239655, -1.8375e-11), (-0.00239655, -3.61296e-11), (-0.00239655, -7.89481e-11), (-0.00239655, 2.01629e-10), (-0.00239655, 1.68649e-10), (-0.00239655, 7.29616e-11), (-0.00239655, -1.39754e-11), (-0.00239655, 1.21822e-13), (-0.00239655, 9.84437e-11), (-0.00239655, 4.89444e-11), (-0.00239655, 9.21665e-11), (-0.00239655, 3.06595e-11), (-0.00239655, -4.09661e-13), (-0.00239655, 8.00039e-11), (-0.00239655, 2.50865e-10), (-0.00239655, 9.33972e-12), (-0.00239655, 1.85376e-12), (-0.00239655, 3.93657e-11), (-0.00239655, 1.20339e-10), (-0.00239655, 4.60041e-11), (-0.00239655, 1.6793e-10), (-0.00239655, 4.02939e-11), (-0.00239655, -1.0775e-11), (-0.00239655, 1.88103e-11), (-0.00239655, -1.63904e-12), (-0.00239655, 6.08228e-12), (-0.00239655, -7.2401e-12), (-0.00239655, 1.86983e-10), (-0.00239655, 8.58734e-11), (-0.00239655, 3.23417e-12), (-0.00239655, 4.36177e-11), (-0.00239655, 1.30159e-10), (-0.00239655, 1.82944e-13), (-0.00239655, 1.23437e-10), (0.0551792, 1.67466e-10), (0.18725, 1.29522e-11), (-0.00239655, -0.37947), (-0.00239655, 1.34815) ]
Média: 0.977501
Melhor (0.999994): (-0.00239655, -4.47844e-12)
Pior (0.0503939): (-0.00239655, 1.34815)

<------Geração 111------>

[ (-0.00239655, 9.36059e-11), (-0.00239655, -4.47844e-12), (-0.00239655, 6.55727e-11), (-0.00239655, 1.06984e-10), (-0.00239655, 2.34937e-10), (-0.00239655, 1.94794e-11), (-0.00239655, 8.55682e-11), (-0.00239655, 4.35975e-12), (-0.00239655, 3.50617e-11), (-0.00239655, 1.71147e-11), (-0.00239655, 1.00278e-11), (-0.00239655, 1.03871e-10), (-0.00239655, 5.49232e-11), (-0.00239655, 1.52879e-11), (-0.00239655, 1.16025e-10), (-0.00239655, 1.7945e-11), (-0.00239655, 2.12482e-11), (-0.00239655, -1.34593e-11), (-0.00239655, 1.28743e-11), (-0.00239655, -1.76734e-11), (-0.00239655, 3.81824e-12), (-0.00239655, 1.59046e-13), (-0.00239655, 1.03101e-10), (-0.00239655, 3.59448e-13), (-0.00239655, 1.03077e-10), (-0.00239655, -1.74185e-11), (-0.00239655, 1.90255e-11), (-0.00239655, 4.76466e-11), (-0.00239655, -1.08447e-11), (-0.00239655, 1.75997e-11), (-0.00239655, 8.24816e-11), (-0.00239655, -5.20801e-11), (-0.00239655, 1.64671e-11), (-0.00239655, 6.43799e-11), (-0.00239655, -2.37841e-12), (-0.00239655, -3.82318e-12), (-0.00239655, 1.09134e-10), (-0.00239655, 8.35462e-11), (-0.00239655, -3.45073e-12), (-0.00239655, 4.90032e-11), (-0.00239655, 1.60262e-10), (-0.00239655, 1.52016e-10), (-0.00239655, -1.54035e-11), (-0.00239655, 2.47353e-11), (-0.00239655, -9.62105e-12), (-0.00239655, 1.21377e-10), (-0.00239655, 1.66171e-11), (-0.00239655, -0.0395036), (0.25731, 2.18366e-11), (-0.772706, 5.66354e-11) ]
Média: 0.98892
Melhor (0.999994): (-0.00239655, 9.36059e-11)
Pior (0.512676): (-0.772706, 5.66354e-11)

<------Geração 112------>

[ (-0.00239655, 4.47036e-11), (-0.00239655, 9.36059e-11), (-0.00239655, 2.64402e-11), (-0.00239655, 3.7135e-11), (-0.00239655, 1.58712e-11), (-0.00239655, -1.83178e-12), (-0.00239655, 1.79191e-11), (-0.00239655, 2.99236e-11), (-0.00239655, 6.80292e-11), (-0.00239655, 6.55938e-12), (-0.00239655, -2.75157e-12), (-0.00239655, 1.47036e-11), (-0.00239655, -4.52394e-11), (-0.00239655, -1.15408e-12), (-0.00239655, 5.99901e-11), (-0.00239655, 1.37089e-10), (-0.00239655, -1.47543e-11), (-0.00239655, 1.19279e-11), (-0.00239655, 2.59616e-11), (-0.00239655, 5.03607e-11), (-0.00239655, 5.51909e-11), (-0.00239655, 1.61761e-11), (-0.00239655, -1.75646e-11), (-0.00239655, 2.13015e-11), (-0.00239655, 1.60494e-11), (-0.00239655, 3.93739e-11), (-0.00239655, -4.47844e-12), (-0.00239655, 1.4983e-10), (-0.00239655, 1.61107e-11), (-0.00239655, 7.59293e-11), (-0.00239655, 1.37237e-12), (-0.00239655, 1.51914e-10), (-0.00239655, 2.00031e-11), (-0.00239655, -1.72942e-12), (-0.00239655, 3.30142e-11), (-0.00239655, 3.01112e-11), (-0.00239655, 4.8753e-11), (-0.00239655, 2.01168e-10), (-0.00239655, 5.71121e-11), (-0.00239655, 2.41078e-11), (-0.00239655, 8.75562e-11), (-0.00239655, 2.06736e-11), (-0.00239655, 1.0128e-11), (-0.00239655, 1.53219e-10), (-0.00239655, 4.77338e-11), (-0.00239655, 1.61836e-11), (-0.00239655, 1.40763e-11), (-0.00239655, 1.22097e-10), (0.0323337, 3.87025e-11), (-0.00239655, 0.469825) ]
Média: 0.995872
Melhor (0.999994): (-0.00239655, 4.47036e-11)
Pior (0.7949): (-0.00239655, 0.469825)

<------Geração 113------>

[ (-0.00239655, 6.83712e-11), (-0.00239655, 4.47036e-11), (-0.00239655, 1.91414e-11), (-0.00239655, 1.23153e-11), (-0.00239655, 5.69267e-11), (-0.00239655, 6.25083e-11), (-0.00239655, 1.37082e-10), (-0.00239655, 4.31824e-12), (-0.00239655, 8.22781e-11), (-0.00239655, 4.02374e-11), (-0.00239655, 3.98619e-13), (-0.00239655, 4.36779e-11), (-0.00239655, 2.30335e-11), (-0.00239655, 3.09391e-11), (-0.00239655, 1.9486e-11), (-0.00239655, 1.48618e-10), (-0.00239655, -5.33518e-12), (-0.00239655, 4.24412e-11), (-0.00239655, 4.677e-11), (-0.00239655, 1.1488e-10), (-0.00239655, 4.44757e-11), (-0.00239655, 9.39359e-11), (-0.00239655, 1.3232e-10), (-0.00239655, 7.28354e-11), (-0.00239655, 8.65205e-11), (-0.00239655, 9.36059e-11), (-0.00239655, 1.24269e-10), (-0.00239655, -1.29619e-11), (-0.00239655, 5.9147e-11), (-0.00239655, 3.041e-11), (-0.00239655, 5.03239e-11), (-0.00239655, 5.10253e-11), (-0.00239655, 5.20132e-12), (-0.00239655, 4.39999e-11), (-0.00239655, 8.56417e-11), (-0.00239655, 8.34077e-11), (-0.00239655, 1.17509e-10), (-0.00239655, 4.83482e-11), (-0.00239655, 8.94105e-12), (-0.00239655, 8.23414e-11), (-0.00239655, 8.72188e-12), (-0.00239655, -1.11067e-11), (-0.00239655, 1.09168e-10), (-0.00239655, 5.01269e-11), (-0.00239655, 7.13566e-12), (-0.00239655, 1.65488e-11), (-0.182863, 3.80603e-11), (0.279746, 1.27763e-10), (-0.00239655, -0.976556), (-1.12746, -2.2952e-11) ]
Média: 0.967779
Melhor (0.999994): (-0.00239655, 6.83712e-11)
Pior (0.184806): (-1.12746, -2.2952e-11)

<------Geração 114------>

[ (-0.00239655, 3.49184e-11), (-0.00239655, 6.83712e-11), (-0.00239655, 2.79379e-11), (-0.00239655, 6.00773e-11), (-0.00239655, 3.15035e-11), (-0.00239655, 4.64699e-11), (-0.00239655, 4.50508e-11), (-0.00239655, 7.27436e-11), (-0.00239655, 9.23785e-11), (-0.00239655, 1.56063e-11), (-0.00239655, 6.112e-11), (-0.00239655, -1.84413e-12), (-0.00239655, 7.60197e-11), (-0.00239655, 4.10512e-11), (-0.00239655, 1.17509e-10), (-0.00239655, 7.86137e-11), (-0.00239655, 8.56819e-11), (-0.00239655, 6.28342e-11), (-0.00239655, 3.66132e-11), (-0.00239655, 6.77168e-11), (-0.00239655, 4.39534e-11), (-0.00239655, 9.52361e-12), (-0.00239655, 3.30652e-11), (-0.00239655, 6.22701e-11), (-0.00239655, 4.12953e-11), (-0.00239655, 4.47036e-11), (-0.00239655, 1.28379e-11), (-0.00239655, 5.78337e-11), (-0.00239655, 5.31781e-11), (-0.00239655, 6.46889e-11), (-0.00239655, 1.32006e-10), (-0.00239655, 1.13757e-10), (-0.00239655, 9.48143e-11), (-0.00239655, 4.32911e-11), (-0.00239655, 1.05819e-10), (-0.00239655, 3.43378e-11), (-0.00239655, 2.10345e-11), (-0.00239655, 6.92153e-11), (-0.00239655, 2.83211e-11), (-0.00239655, 5.57719e-11), (-0.00239655, 5.74387e-11), (-0.00239655, 3.69444e-12), (-0.00239655, 3.36745e-12), (-0.00239655, 6.78702e-11), (-0.00239655, 4.90922e-11), (-0.00239655, 0.0694546), (-0.00239655, 0.105164), (0.354715, 1.93649e-11), (-0.00239655, -0.678476), (-0.00239655, 1.11275) ]
Média: 0.973309
Melhor (0.999994): (-0.00239655, 3.49184e-11)
Pior (0.19629): (-0.00239655, 1.11275)

<------Geração 115------>

[ (-0.00239655, 6.72671e-11), (-0.00239655, 3.49092e-11), (-0.00239655, 9.02698e-11), (-0.00239655, 2.76402e-11), (-0.00239655, 8.15382e-11), (-0.00239655, 5.77102e-11), (-0.00239655, 7.67932e-11), (-0.00239655, 3.90165e-11), (-0.00239655, 2.22351e-11), (-0.00239655, 4.36085e-11), (-0.00239655, 3.98603e-11), (-0.00239655, 5.9688e-11), (-0.00239655, 6.83712e-11), (-0.00239655, 6.46843e-11), (-0.00239655, 1.22059e-10), (-0.00239655, 6.72764e-11), (-0.00239655, 8.45186e-11), (-0.00239655, 2.93636e-11), (-0.00239655, 7.52448e-11), (-0.00239655, 9.1491e-11), (-0.00239655, 4.76554e-11), (-0.00239655, 5.7797e-12), (-0.00239655, 6.11932e-11), (-0.00239655, 1.76996e-11), (-0.00239655, 2.53764e-11), (-0.00239655, 3.49184e-11), (-0.00239655, 2.9186e-11), (-0.00239655, 2.33172e-11), (-0.00239655, 5.03855e-11), (-0.00239655, 6.60691e-11), (-0.00239655, 5.48699e-11), (-0.00239655, 7.26585e-11), (-0.00239655, 9.58275e-11), (-0.00239655, 3.15035e-11), (-0.00239655, 4.21852e-11), (-0.00239655, 1.27855e-11), (-0.00239655, 6.03982e-11), (-0.00239655, 3.38922e-11), (-0.00239655, 6.49534e-11), (-0.00239655, 9.35342e-12), (-0.00239655, 5.66082e-11), (-0.00239655, 8.15454e-11), (-0.00239655, 4.18826e-11), (-0.00239655, 2.43332e-11), (-0.00239655, 4.2024e-11), (-0.00239655, 5.11465e-11), (-0.00239655, 0.183568), (-0.00239655, -0.523245), (-0.53282, 7.06518e-11), (-1.17913, 5.6824e-11) ]
Média: 0.972102
Melhor (0.999994): (-0.00239655, 6.72671e-11)
Pior (0.146702): (-1.17913, 5.6824e-11)

<------Geração 116------>

[ (-0.00239655, 8.04634e-11), (-0.00239655, 4.70036e-11), (-0.00239655, 3.0393e-11), (-0.00239655, 4.06888e-11), (-0.00239655, 4.53532e-11), (-0.00239655, 8.42151e-11), (-0.00239655, 5.01721e-11), (-0.00239655, 2.29493e-11), (-0.00239655, 6.62465e-11), (-0.00239655, 2.53609e-11), (-0.00239655, 6.68727e-11), (-0.00239655, 4.15179e-11), (-0.00239655, 3.49092e-11), (-0.00239655, 6.26059e-11), (-0.00239655, 6.50625e-11), (-0.00239655, 4.55513e-11), (-0.00239655, 2.52915e-11), (-0.00239655, 4.2671e-11), (-0.00239655, 4.03247e-11), (-0.00239655, 3.39382e-11), (-0.00239655, 1.71596e-11), (-0.00239655, 5.63616e-11), (-0.00239655, 1.50106e-11), (-0.00239655, 5.1585e-11), (-0.00239655, 6.72671e-11), (-0.00239655, 4.31626e-11), (-0.00239655, 7.30774e-11), (-0.00239655, 5.03039e-11), (-0.00239655, 9.00666e-11), (-0.00239655, 7.41355e-11), (-0.00239655, 2.79538e-11), (-0.00239655, 1.16301e-10), (-0.00239655, 2.40369e-11), (-0.00239655, 5.99099e-11), (-0.00239655, 7.07697e-11), (-0.00239655, 2.3341e-11), (-0.00239655, 5.80708e-11), (-0.00239655, 4.1792e-11), (-0.00239655, 2.70084e-11), (-0.00239655, 4.24099e-11), (-0.00239655, 2.3333e-11), (-0.00239655, 5.2312e-11), (-0.00239655, 7.36536e-11), (-0.00239655, 2.48227e-11), (0.0828028, 6.59941e-11), (-0.00239655, -0.0958247), (0.1579, -0.0563117), (-0.00239655, 0.28945), (-0.00239655, -0.427879), (-0.00239655, -1.1355) ]
Média: 0.977613
Melhor (0.999994): (-0.00239655, 8.04634e-11)
Pior (0.178638): (-0.00239655, -1.1355)

<------Geração 117------>

[ (-0.00239655, 2.73414e-11), (-0.00239655, 5.93901e-11), (-0.00239655, 8.04634e-11), (-0.00239655, 3.40756e-11), (-0.00239655, 5.20386e-11), (-0.00239655, 5.63947e-11), (-0.00239655, 5.9322e-11), (-0.00239655, 4.7214e-11), (-0.00239655, 3.31852e-11), (-0.00239655, 3.67562e-11), (-0.00239655, 4.17835e-11), (-0.00239655, 4.89166e-11), (-0.00239655, 3.72571e-11), (-0.00239655, 3.84335e-11), (-0.00239655, 3.30127e-11), (-0.00239655, 4.25372e-11), (-0.00239655, 2.35171e-11), (-0.00239655, 5.29886e-11), (-0.00239655, 6.72057e-11), (-0.00239655, 6.23498e-11), (-0.00239655, 4.70823e-11), (-0.00239655, 7.15107e-11), (-0.00239655, 2.27252e-11), (-0.00239655, 3.37088e-11), (-0.00239655, 3.64655e-11), (-0.00239655, 4.70036e-11), (-0.00239655, 3.56412e-11), (-0.00239655, 7.90368e-11), (-0.00239655, 7.92924e-11), (-0.00239655, 4.91733e-11), (-0.00239655, 4.55204e-11), (-0.00239655, 5.15047e-11), (-0.00239655, 5.65306e-11), (-0.00239655, 5.9642e-11), (-0.00239655, 6.39559e-11), (-0.00239655, 8.31105e-11), (-0.00239655, 6.57856e-11), (-0.00239655, 6.57964e-11), (-0.00239655, 4.27794e-11), (-0.00239655, 3.69643e-11), (-0.00239655, 3.48133e-11), (-0.00239655, 5.42574e-11), (-0.00239655, 4.10284e-11), (-0.00239655, 4.20187e-11), (0.0138491, 7.77045e-11), (-0.133837, 2.79538e-11), (0.208643, 4.42426e-11), (-0.00239655, 0.279466), (-0.00239655, -0.341242), (-0.940024, 5.68169e-11) ]
Média: 0.981973
Melhor (0.999994): (-0.00239655, 2.73414e-11)
Pior (0.348095): (-0.940024, 5.68169e-11)

<------Geração 118------>

[ (-0.00239655, 5.10606e-11), (-0.00239655, 6.17251e-11), (-0.00239655, 2.73414e-11), (-0.00239655, 5.54489e-11), (-0.00239655, 4.67201e-11), (-0.00239655, 3.42728e-11), (-0.00239655, 6.46989e-11), (-0.00239655, 5.58852e-11), (-0.00239655, 6.90136e-11), (-0.00239655, 4.16195e-11), (-0.00239655, 4.91733e-11), (-0.00239655, 3.23158e-11), (-0.00239655, 4.70047e-11), (-0.00239655, 3.9468e-11), (-0.00239655, 3.45257e-11), (-0.00239655, 2.40457e-11), (-0.00239655, 6.44456e-11), (-0.00239655, 7.75024e-11), (-0.00239655, 4.7917e-11), (-0.00239655, 5.78248e-11), (-0.00239655, 4.06473e-11), (-0.00239655, 2.52006e-11), (-0.00239655, 2.81342e-11), (-0.00239655, 3.07337e-11), (-0.00239655, 5.93901e-11), (-0.00239655, 3.93672e-11), (-0.00239655, 5.63947e-11), (-0.00239655, 5.77607e-11), (-0.00239655, 5.38721e-11), (-0.00239655, 5.29154e-11), (-0.00239655, 3.07738e-11), (-0.00239655, 5.55807e-11), (-0.00239655, 3.16095e-11), (-0.00239655, 5.69386e-11), (-0.00239655, 4.16163e-11), (-0.00239655, 4.91733e-11), (-0.00239655, 4.65471e-11), (-0.00239655, 3.89313e-11), (-0.00239655, 4.99938e-11), (-0.00239655, 7.49434e-11), (-0.00239655, 3.67132e-11), (-0.00239655, 3.6572e-11), (-0.00239655, 5.75912e-11), (-0.00239655, 5.1442e-11), (-0.00239655, 4.04576e-11), (-0.0522923, 4.21166e-11), (-0.00239655, -0.257062), (-0.00239655, 0.332095), (-0.00239655, 0.827906), (-0.00239655, -1.18994) ]
Média: 0.968454
Melhor (0.999994): (-0.00239655, 5.10606e-11)
Pior (0.139196): (-0.00239655, -1.18994)

<------Geração 119------>

[ (-0.00239655, 4.57943e-11), (-0.00239655, 4.62596e-11), (-0.00239655, 5.10606e-11), (-0.00239655, 4.23301e-11), (-0.00239655, 4.47959e-11), (-0.00239655, 5.89114e-11), (-0.00239655, 4.19311e-11), (-0.00239655, 6.03706e-11), (-0.00239655, 3.96967e-11), (-0.00239655, 5.0137e-11), (-0.00239655, 4.71089e-11), (-0.00239655, 4.02982e-11), (-0.00239655, 4.05801e-11), (-0.00239655, 5.15503e-11), (-0.00239655, 3.64564e-11), (-0.00239655, 4.80993e-11), (-0.00239655, 4.76665e-11), (-0.00239655, 2.52627e-11), (-0.00239655, 5.75916e-11), (-0.00239655, 5.14797e-11), (-0.00239655, 3.44482e-11), (-0.00239655, 3.88301e-11), (-0.00239655, 5.72191e-11), (-0.00239655, 5.32188e-11), (-0.00239655, 6.17251e-11), (-0.00239655, 6.17473e-11), (-0.00239655, 4.13212e-11), (-0.00239655, 5.3246e-11), (-0.00239655, 5.54489e-11), (-0.00239655, 4.26122e-11), (-0.00239655, 3.44265e-11), (-0.00239655, 4.59821e-11), (-0.00239655, 3.41708e-11), (-0.00239655, 6.23263e-11), (-0.00239655, 6.16308e-11), (-0.00239655, 6.10224e-11), (-0.00239655, 6.46989e-11), (-0.00239655, 3.12991e-11), (-0.00239655, 3.67483e-11), (-0.00239655, 4.4046e-11), (-0.00239655, 4.22005e-11), (-0.00239655, 4.41558e-11), (-0.00239655, 5.71727e-11), (-0.00239655, 6.01005e-11), (-0.00239655, -0.0887042), (-0.120148, 5.26529e-11), (-0.169614, 2.80601e-11), (-0.00239655, -0.32677), (-0.00239655, 0.450788), (0.508122, 5.69386e-11) ]
Média: 0.988381
Melhor (0.999994): (-0.00239655, 4.57943e-11)
Pior (0.763145): (0.508122, 5.69386e-11)

<------Geração 120------>

[ (-0.00239655, 4.19311e-11), (-0.00239655, 4.57943e-11), (-0.00239655, 6.17269e-11), (-0.00239655, 5.40732e-11), (-0.00239655, 5.75639e-11), (-0.00239655, 4.96514e-11), (-0.00239655, 4.90176e-11), (-0.00239655, 4.37064e-11), (-0.00239655, 5.16896e-11), (-0.00239655, 5.15462e-11), (-0.00239655, 4.73191e-11), (-0.00239655, 3.44661e-11), (-0.00239655, 2.73242e-11), (-0.00239655, 5.58537e-11), (-0.00239655, 4.45065e-11), (-0.00239655, 5.89703e-11), (-0.00239655, 4.48207e-11), (-0.00239655, 3.14571e-11), (-0.00239655, 4.48015e-11), (-0.00239655, 5.15478e-11), (-0.00239655, 4.17206e-11), (-0.00239655, 4.52867e-11), (-0.00239655, 4.62826e-11), (-0.00239655, 5.53719e-11), (-0.00239655, 5.04545e-11), (-0.00239655, 4.03355e-11), (-0.00239655, 4.62596e-11), (-0.00239655, 4.88994e-11), (-0.00239655, 4.06334e-11), (-0.00239655, 5.87837e-11), (-0.00239655, 5.39998e-11), (-0.00239655, 4.99289e-11), (-0.00239655, 4.88686e-11), (-0.00239655, 5.52502e-11), (-0.00239655, 3.88665e-11), (-0.00239655, 4.59537e-11), (-0.00239655, 3.94328e-11), (-0.00239655, 5.26474e-11), (-0.00239655, 3.78649e-11), (-0.00239655, 4.50172e-11), (-0.00239655, 2.94126e-11), (-0.00239655, 5.73978e-11), (-0.00239655, 5.65844e-11), (-0.00239655, 4.63832e-11), (-0.00239655, 4.99036e-11), (-0.00239655, 6.06588e-11), (-0.00239655, 4.76155e-11), (-0.00239655, 4.03657e-11), (-0.00239655, 4.33458e-11), (-0.0307418, 4.87757e-11) ]
Média: 0.999975
Melhor (0.999994): (-0.00239655, 4.19311e-11)
Pior (0.999054): (-0.0307418, 4.87757e-11)

<------Geração 121------>

[ (-0.00239655, 5.20712e-11), (-0.00239655, 4.19311e-11), (-0.00239655, 4.53668e-11), (-0.00239655, 3.3327e-11), (-0.00239655, 5.0121e-11), (-0.00239655, 3.44369e-11), (-0.00239655, 4.53096e-11), (-0.00239655, 3.30703e-11), (-0.00239655, 4.45766e-11), (-0.00239655, 4.54863e-11), (-0.00239655, 4.16666e-11), (-0.00239655, 4.54522e-11), (-0.00239655, 3.45876e-11), (-0.00239655, 3.97956e-11), (-0.00239655, 4.40773e-11), (-0.00239655, 5.29605e-11), (-0.00239655, 4.96114e-11), (-0.00239655, 5.74982e-11), (-0.00239655, 4.51614e-11), (-0.00239655, 5.52161e-11), (-0.00239655, 4.94465e-11), (-0.00239655, 5.22831e-11), (-0.00239655, 4.91372e-11), (-0.00239655, 5.00689e-11), (-0.00239655, 5.8865e-11), (-0.00239655, 4.63616e-11), (-0.00239655, 4.57943e-11), (-0.00239655, 5.53103e-11), (-0.00239655, 5.59989e-11), (-0.00239655, 4.99531e-11), (-0.00239655, 4.70832e-11), (-0.00239655, 5.29218e-11), (-0.00239655, 4.644e-11), (-0.00239655, 4.25723e-11), (-0.00239655, 4.56306e-11), (-0.00239655, 5.2897e-11), (-0.00239655, 5.83694e-11), (-0.00239655, 4.30361e-11), (-0.00239655, 4.73409e-11), (-0.00239655, 5.16843e-11), (-0.00239655, 5.26198e-11), (-0.00239655, 4.05663e-11), (-0.00239655, 4.56744e-11), (-0.00239655, 4.93772e-11), (-0.00239655, 4.91205e-11), (-0.00239655, 4.63773e-11), (-0.00239655, 6.13791e-11), (0.27986, 4.62341e-11), (-0.339295, 4.70956e-11), (-0.00239655, -0.660344) ]
Média: 0.988723
Melhor (0.999994): (-0.00239655, 5.20712e-11)
Pior (0.623643): (-0.00239655, -0.660344)

<------Geração 122------>

[ (-0.00239655, 4.25164e-11), (-0.00239655, 5.20712e-11), (-0.00239655, 4.78962e-11), (-0.00239655, 4.8324e-11), (-0.00239655, 4.99207e-11), (-0.00239655, 4.63595e-11), (-0.00239655, 4.6694e-11), (-0.00239655, 4.91192e-11), (-0.00239655, 4.3696e-11), (-0.00239655, 4.53266e-11), (-0.00239655, 3.96823e-11), (-0.00239655, 5.03876e-11), (-0.00239655, 3.37972e-11), (-0.00239655, 4.83358e-11), (-0.00239655, 4.79149e-11), (-0.00239655, 5.0316e-11), (-0.00239655, 4.45559e-11), (-0.00239655, 5.16094e-11), (-0.00239655, 4.46812e-11), (-0.00239655, 4.44439e-11), (-0.00239655, 4.96956e-11), (-0.00239655, 5.68913e-11), (-0.00239655, 4.60266e-11), (-0.00239655, 4.07489e-11), (-0.00239655, 4.29105e-11), (-0.00239655, 4.19311e-11), (-0.00239655, 4.31408e-11), (-0.00239655, 4.31789e-11), (-0.00239655, 5.44287e-11), (-0.00239655, 3.63432e-11), (-0.00239655, 4.77539e-11), (-0.00239655, 3.77646e-11), (-0.00239655, 5.5808e-11), (-0.00239655, 3.45138e-11), (-0.00239655, 4.36259e-11), (-0.00239655, 5.08109e-11), (-0.00239655, 4.61719e-11), (-0.00239655, 4.70012e-11), (-0.00239655, 5.09363e-11), (-0.00239655, 5.1551e-11), (-0.00239655, 4.72348e-11), (-0.00239655, 4.54599e-11), (-0.00239655, 5.27825e-11), (-0.00239655, 3.85564e-11), (-0.00239655, 5.07151e-11), (-0.00239655, 4.36607e-11), (-0.00239655, 5.53546e-11), (-0.0502305, 4.29934e-11), (-0.620415, 5.12855e-11), (-0.00239655, 0.72129) ]
Média: 0.984459
Melhor (0.999994): (-0.00239655, 4.25164e-11)
Pior (0.563862): (-0.00239655, 0.72129)

<------Geração 123------>

[ (-0.00239655, 4.70995e-11), (-0.00239655, 4.25164e-11), (-0.00239655, 4.75663e-11), (-0.00239655, 4.47117e-11), (-0.00239655, 5.05051e-11), (-0.00239655, 3.93784e-11), (-0.00239655, 4.4847e-11), (-0.00239655, 5.13681e-11), (-0.00239655, 4.22245e-11), (-0.00239655, 4.269e-11), (-0.00239655, 4.7592e-11), (-0.00239655, 4.56033e-11), (-0.00239655, 4.87053e-11), (-0.00239655, 5.55172e-11), (-0.00239655, 4.94153e-11), (-0.00239655, 4.83433e-11), (-0.00239655, 5.50732e-11), (-0.00239655, 4.07021e-11), (-0.00239655, 3.58939e-11), (-0.00239655, 4.65445e-11), (-0.00239655, 4.68242e-11), (-0.00239655, 4.38067e-11), (-0.00239655, 4.73963e-11), (-0.00239655, 5.43125e-11), (-0.00239655, 4.31112e-11), (-0.00239655, 5.20712e-11), (-0.00239655, 4.72876e-11), (-0.00239655, 5.30487e-11), (-0.00239655, 3.64766e-11), (-0.00239655, 4.19627e-11), (-0.00239655, 4.32985e-11), (-0.00239655, 4.32286e-11), (-0.00239655, 5.14702e-11), (-0.00239655, 4.15125e-11), (-0.00239655, 4.89794e-11), (-0.00239655, 5.325e-11), (-0.00239655, 4.83631e-11), (-0.00239655, 4.63301e-11), (-0.00239655, 4.36345e-11), (-0.00239655, 4.58807e-11), (-0.00239655, 4.318e-11), (-0.00239655, 4.62474e-11), (-0.00239655, 4.26873e-11), (-0.00239655, 4.69712e-11), (-0.00239655, 4.72752e-11), (-0.00239655, 4.89429e-11), (-0.00239655, 5.14567e-11), (-0.00239655, -0.014321), (0.0383507, 5.14412e-11), (-0.00239655, -0.731757) ]
Média: 0.99103
Melhor (0.999994): (-0.00239655, 4.70995e-11)
Pior (0.553477): (-0.00239655, -0.731757)

<------Geração 124------>

[ (-0.00239655, 4.24763e-11), (-0.00239655, 4.99167e-11), (-0.00239655, 4.70995e-11), (-0.00239655, 4.85687e-11), (-0.00239655, 5.46841e-11), (-0.00239655, 4.68872e-11), (-0.00239655, 4.43537e-11), (-0.00239655, 4.66634e-11), (-0.00239655, 4.74979e-11), (-0.00239655, 4.63679e-11), (-0.00239655, 4.49162e-11), (-0.00239655, 4.8154e-11), (-0.00239655, 4.91235e-11), (-0.00239655, 5.13019e-11), (-0.00239655, 4.92004e-11), (-0.00239655, 4.17637e-11), (-0.00239655, 4.73587e-11), (-0.00239655, 4.64771e-11), (-0.00239655, 4.30542e-11), (-0.00239655, 4.77025e-11), (-0.00239655, 4.3396e-11), (-0.00239655, 5.19237e-11), (-0.00239655, 5.10348e-11), (-0.00239655, 5.12272e-11), (-0.00239655, 4.31752e-11), (-0.00239655, 4.25164e-11), (-0.00239655, 4.8237e-11), (-0.00239655, 4.21609e-11), (-0.00239655, 4.61746e-11), (-0.00239655, 5.13303e-11), (-0.00239655, 4.36087e-11), (-0.00239655, 4.98486e-11), (-0.00239655, 4.99667e-11), (-0.00239655, 4.72046e-11), (-0.00239655, 4.59596e-11), (-0.00239655, 4.9496e-11), (-0.00239655, 4.65753e-11), (-0.00239655, 4.80434e-11), (-0.00239655, 4.72518e-11), (-0.00239655, 4.46675e-11), (-0.00239655, 4.5063e-11), (-0.00239655, 4.8022e-11), (-0.00239655, 5.07347e-11), (-0.00239655, 4.46037e-11), (-0.00239655, -0.0768418), (-0.00239655, -0.127637), (-0.221906, 4.92477e-11), (-0.227292, 5.01458e-11), (0.614669, 4.69463e-11), (-0.00239655, -1.03937) ]
Média: 0.976059
Melhor (0.999994): (-0.00239655, 4.24763e-11)
Pior (0.25733): (-0.00239655, -1.03937)

<------Geração 125------>

[ (-0.00239655, 4.41495e-11), (-0.00239655, 4.78614e-11), (-0.00239655, 4.24763e-11), (-0.00239655, 4.72631e-11), (-0.00239655, 4.37072e-11), (-0.00239655, 4.77519e-11), (-0.00239655, 4.66942e-11), (-0.00239655, 4.98597e-11), (-0.00239655, 4.85644e-11), (-0.00239655, 4.66528e-11), (-0.00239655, 4.3821e-11), (-0.00239655, 4.44522e-11), (-0.00239655, 4.46108e-11), (-0.00239655, 4.43082e-11), (-0.00239655, 5.05786e-11), (-0.00239655, 4.33844e-11), (-0.00239655, 4.41191e-11), (-0.00239655, 4.82779e-11), (-0.00239655, 4.88004e-11), (-0.00239655, 4.756e-11), (-0.00239655, 4.78066e-11), (-0.00239655, 4.69995e-11), (-0.00239655, 4.58376e-11), (-0.00239655, 4.69844e-11), (-0.00239655, 4.9127e-11), (-0.00239655, 4.99167e-11), (-0.00239655, 4.87735e-11), (-0.00239655, 4.76213e-11), (-0.00239655, 4.86516e-11), (-0.00239655, 4.73234e-11), (-0.00239655, 4.80164e-11), (-0.00239655, 4.80676e-11), (-0.00239655, 4.30568e-11), (-0.00239655, 4.62546e-11), (-0.00239655, 5.02531e-11), (-0.00239655, 4.93341e-11), (-0.00239655, 4.76985e-11), (-0.00239655, 4.59946e-11), (-0.00239655, 5.1467e-11), (-0.00239655, 4.62891e-11), (-0.00239655, 4.46754e-11), (-0.00239655, 4.53343e-11), (-0.00239655, 4.95402e-11), (-0.00239655, 5.13333e-11), (-0.00239655, 4.9617e-11), (-0.00239655, 4.77501e-11), (-0.083019, 5.04431e-11), (-0.00239655, 0.177077), (0.431029, 4.63828e-11), (0.581818, 5.13286e-11) ]
Média: 0.989699
Melhor (0.999994): (-0.00239655, 4.41495e-11)
Pior (0.697868): (0.581818, 5.13286e-11)

<------Geração 126------>

[ (-0.00239655, 4.89631e-11), (-0.00239655, 4.91488e-11), (-0.00239655, 4.82742e-11), (-0.00239655, 4.67944e-11), (-0.00239655, 4.68788e-11), (-0.00239655, 4.49216e-11), (-0.00239655, 4.90351e-11), (-0.00239655, 4.83307e-11), (-0.00239655, 4.6657e-11), (-0.00239655, 4.81562e-11), (-0.00239655, 4.66187e-11), (-0.00239655, 4.52774e-11), (-0.00239655, 4.85789e-11), (-0.00239655, 4.8743e-11), (-0.00239655, 4.79848e-11), (-0.00239655, 5.00587e-11), (-0.00239655, 5.14153e-11), (-0.00239655, 4.99344e-11), (-0.00239655, 4.37538e-11), (-0.00239655, 4.95264e-11), (-0.00239655, 4.63575e-11), (-0.00239655, 4.54969e-11), (-0.00239655, 4.84927e-11), (-0.00239655, 4.80626e-11), (-0.00239655, 4.8415e-11), (-0.00239655, 4.85088e-11), (-0.00239655, 4.78614e-11), (-0.00239655, 4.84661e-11), (-0.00239655, 4.47033e-11), (-0.00239655, 4.32709e-11), (-0.00239655, 4.522e-11), (-0.00239655, 4.93318e-11), (-0.00239655, 4.4993e-11), (-0.00239655, 4.64853e-11), (-0.00239655, 4.79986e-11), (-0.00239655, 4.41495e-11), (-0.00239655, 5.02258e-11), (-0.00239655, 4.73805e-11), (-0.00239655, 4.78614e-11), (-0.00239655, 4.82936e-11), (-0.00239655, 4.3164e-11), (-0.00239655, 4.76705e-11), (-0.00239655, 4.72016e-11), (-0.00239655, 4.67278e-11), (-0.00239655, 4.71558e-11), (-0.00239655, 4.48966e-11), (-0.114883, 4.34537e-11), (-0.00239655, 0.138768), (0.269084, 4.49266e-11), (0.364252, 4.5644e-11) ]
Média: 0.995393
Melhor (0.999994): (-0.00239655, 4.89631e-11)
Pior (0.872986): (0.364252, 4.5644e-11)

<------Geração 127------>

[ (-0.00239655, 4.80124e-11), (-0.00239655, 4.78841e-11), (-0.00239655, 4.89631e-11), (-0.00239655, 4.53652e-11), (-0.00239655, 4.8664e-11), (-0.00239655, 4.55986e-11), (-0.00239655, 4.75452e-11), (-0.00239655, 4.39176e-11), (-0.00239655, 4.82864e-11), (-0.00239655, 4.82091e-11), (-0.00239655, 5.00446e-11), (-0.00239655, 4.67885e-11), (-0.00239655, 4.98693e-11), (-0.00239655, 4.72014e-11), (-0.00239655, 4.84745e-11), (-0.00239655, 4.40568e-11), (-0.00239655, 4.69558e-11), (-0.00239655, 4.81371e-11), (-0.00239655, 4.65131e-11), (-0.00239655, 4.92544e-11), (-0.00239655, 4.84357e-11), (-0.00239655, 4.60466e-11), (-0.00239655, 4.5425e-11), (-0.00239655, 4.62832e-11), (-0.00239655, 4.84571e-11), (-0.00239655, 4.91488e-11), (-0.00239655, 4.81212e-11), (-0.00239655, 4.73385e-11), (-0.00239655, 4.81193e-11), (-0.00239655, 4.74719e-11), (-0.00239655, 4.84578e-11), (-0.00239655, 4.67934e-11), (-0.00239655, 4.69216e-11), (-0.00239655, 4.88936e-11), (-0.00239655, 4.69513e-11), (-0.00239655, 4.64458e-11), (-0.00239655, 4.67884e-11), (-0.00239655, 4.73266e-11), (-0.00239655, 4.66018e-11), (-0.00239655, 4.5356e-11), (-0.00239655, 4.59096e-11), (-0.00239655, 4.98117e-11), (-0.00239655, 4.83859e-11), (0.0480902, 4.93527e-11), (0.150677, 4.84418e-11), (-0.24193, 4.73237e-11), (-0.00239655, 0.289496), (-0.00239655, -0.301996), (-0.00239655, -0.475319), (-1.05306, 4.81977e-11) ]
Média: 0.975665
Melhor (0.999994): (-0.00239655, 4.80124e-11)
Pior (0.245502): (-1.05306, 4.81977e-11)

<------Geração 128------>

[ (-0.00239655, 4.68677e-11), (-0.00239655, 4.80124e-11), (-0.00239655, 4.60547e-11), (-0.00239655, 4.6914e-11), (-0.00239655, 4.99448e-11), (-0.00239655, 4.62789e-11), (-0.00239655, 4.80833e-11), (-0.00239655, 4.63859e-11), (-0.00239655, 4.85756e-11), (-0.00239655, 4.71898e-11), (-0.00239655, 4.70016e-11), (-0.00239655, 4.4163e-11), (-0.00239655, 4.74678e-11), (-0.00239655, 4.78712e-11), (-0.00239655, 4.42606e-11), (-0.00239655, 4.80914e-11), (-0.00239655, 4.83205e-11), (-0.00239655, 4.85727e-11), (-0.00239655, 4.74345e-11), (-0.00239655, 4.85972e-11), (-0.00239655, 4.66317e-11), (-0.00239655, 4.83964e-11), (-0.00239655, 4.81915e-11), (-0.00239655, 4.70229e-11), (-0.00239655, 4.70622e-11), (-0.00239655, 4.78841e-11), (-0.00239655, 4.77564e-11), (-0.00239655, 4.70221e-11), (-0.00239655, 4.91594e-11), (-0.00239655, 4.53347e-11), (-0.00239655, 4.69332e-11), (-0.00239655, 4.81989e-11), (-0.00239655, 4.85237e-11), (-0.00239655, 4.88072e-11), (-0.00239655, 4.69944e-11), (-0.00239655, 4.75926e-11), (-0.00239655, 4.72919e-11), (-0.00239655, 4.60204e-11), (-0.00239655, 4.7472e-11), (-0.00239655, 4.83073e-11), (-0.00239655, 4.7282e-11), (-0.00239655, 4.8665e-11), (-0.00239655, 4.67524e-11), (-0.00239655, 4.99495e-11), (-0.00239655, 4.68467e-11), (0.180034, 4.7029e-11), (0.234197, 4.78342e-11), (-0.424539, 4.52291e-11), (-0.808114, 4.78936e-11), (1.53277, 4.70058e-11) ]
Média: 0.964501
Melhor (0.999994): (-0.00239655, 4.68677e-11)
Pior (0.00377984): (1.53277, 4.70058e-11)

<------Geração 129------>

[ (-0.00239655, 4.70499e-11), (-0.00239655, 4.68677e-11), (-0.00239655, 4.70702e-11), (-0.00239655, 4.98593e-11), (-0.00239655, 4.47189e-11), (-0.00239655, 4.98819e-11), (-0.00239655, 4.77561e-11), (-0.00239655, 4.70435e-11), (-0.00239655, 4.6221e-11), (-0.00239655, 4.84135e-11), (-0.00239655, 4.72461e-11), (-0.00239655, 4.83653e-11), (-0.00239655, 4.72411e-11), (-0.00239655, 4.77062e-11), (-0.00239655, 4.64112e-11), (-0.00239655, 4.79409e-11), (-0.00239655, 4.78841e-11), (-0.00239655, 4.72455e-11), (-0.00239655, 4.80592e-11), (-0.00239655, 4.81239e-11), (-0.00239655, 4.94056e-11), (-0.00239655, 4.89952e-11), (-0.00239655, 4.42079e-11), (-0.00239655, 4.74522e-11), (-0.00239655, 4.73873e-11), (-0.00239655, 4.77899e-11), (-0.00239655, 4.80124e-11), (-0.00239655, 4.50078e-11), (-0.00239655, 4.81984e-11), (-0.00239655, 4.8581e-11), (-0.00239655, 4.78981e-11), (-0.00239655, 4.67086e-11), (-0.00239655, 4.7567e-11), (-0.00239655, 4.77726e-11), (-0.00239655, 4.79784e-11), (-0.00239655, 4.62006e-11), (-0.00239655, 4.7616e-11), (-0.00239655, 4.65447e-11), (-0.00239655, 4.86629e-11), (-0.00239655, 4.79564e-11), (-0.00239655, 4.81295e-11), (-0.00239655, 4.7292e-11), (-0.00239655, 4.75266e-11), (-0.00239655, 4.70165e-11), (-0.00239655, 4.64274e-11), (-0.00239655, 4.65109e-11), (-0.00239655, 4.66154e-11), (-0.00239655, 4.72476e-11), (-0.00239655, 0.803089), (-0.864333, 4.7817e-11) ]
Média: 0.978071
Melhor (0.999994): (-0.00239655, 4.70499e-11)
Pior (0.42151): (-0.864333, 4.7817e-11)

<------Geração 130------>

[ (-0.00239655, 4.68958e-11), (-0.00239655, 4.70499e-11), (-0.00239655, 4.66172e-11), (-0.00239655, 4.77287e-11), (-0.00239655, 4.7615e-11), (-0.00239655, 4.80123e-11), (-0.00239655, 4.80941e-11), (-0.00239655, 4.7908e-11), (-0.00239655, 4.89914e-11), (-0.00239655, 4.57782e-11), (-0.00239655, 4.95153e-11), (-0.00239655, 4.71216e-11), (-0.00239655, 4.75817e-11), (-0.00239655, 4.47991e-11), (-0.00239655, 4.75315e-11), (-0.00239655, 4.8831e-11), (-0.00239655, 4.86658e-11), (-0.00239655, 4.67124e-11), (-0.00239655, 4.80293e-11), (-0.00239655, 4.6249e-11), (-0.00239655, 4.83354e-11), (-0.00239655, 4.76664e-11), (-0.00239655, 4.66902e-11), (-0.00239655, 4.72396e-11), (-0.00239655, 4.79321e-11), (-0.00239655, 4.68677e-11), (-0.00239655, 4.76231e-11), (-0.00239655, 4.72229e-11), (-0.00239655, 4.70668e-11), (-0.00239655, 4.6582e-11), (-0.00239655, 4.77909e-11), (-0.00239655, 4.84337e-11), (-0.00239655, 4.4342e-11), (-0.00239655, 4.75764e-11), (-0.00239655, 4.74271e-11), (-0.00239655, 4.86137e-11), (-0.00239655, 4.76651e-11), (-0.00239655, 4.70377e-11), (-0.00239655, 4.77789e-11), (-0.00239655, 4.83872e-11), (-0.00239655, 4.75049e-11), (-0.00239655, 4.63956e-11), (-0.00239655, 4.85305e-11), (-0.00239655, 4.8009e-11), (-0.00239655, 4.74861e-11), (-0.00239655, 4.6675e-11), (-0.00239655, -0.0699643), (-0.557602, 4.81921e-11), (-0.00239655, -0.567147), (-0.00239655, -0.817635) ]
Média: 0.977875
Melhor (0.999994): (-0.00239655, 4.68958e-11)
Pior (0.467825): (-0.00239655, -0.817635)

<------Geração 131------>

[ (-0.00239655, 4.57515e-11), (-0.00239655, 4.68958e-11), (-0.00239655, 4.7108e-11), (-0.00239655, 4.74891e-11), (-0.00239655, 4.75894e-11), (-0.00239655, 4.77264e-11), (-0.00239655, 4.78613e-11), (-0.00239655, 4.75162e-11), (-0.00239655, 4.71706e-11), (-0.00239655, 4.70493e-11), (-0.00239655, 4.72389e-11), (-0.00239655, 4.6737e-11), (-0.00239655, 4.74192e-11), (-0.00239655, 4.65799e-11), (-0.00239655, 4.72877e-11), (-0.00239655, 4.82753e-11), (-0.00239655, 4.89953e-11), (-0.00239655, 4.68662e-11), (-0.00239655, 4.84425e-11), (-0.00239655, 4.71956e-11), (-0.00239655, 4.83338e-11), (-0.00239655, 4.83384e-11), (-0.00239655, 4.78821e-11), (-0.00239655, 4.457e-11), (-0.00239655, 4.73531e-11), (-0.00239655, 4.75115e-11), (-0.00239655, 4.70499e-11), (-0.00239655, 4.77692e-11), (-0.00239655, 4.67812e-11), (-0.00239655, 4.72022e-11), (-0.00239655, 4.65998e-11), (-0.00239655, 4.64044e-11), (-0.00239655, 4.73598e-11), (-0.00239655, 4.75454e-11), (-0.00239655, 4.63777e-11), (-0.00239655, 4.79991e-11), (-0.00239655, 4.81145e-11), (-0.00239655, 4.64204e-11), (-0.00239655, 4.84488e-11), (-0.00239655, 4.70243e-11), (-0.00239655, 4.73574e-11), (-0.00239655, 4.82548e-11), (-0.00239655, 4.5659e-11), (-0.00239655, 4.78365e-11), (-0.00239655, 4.72269e-11), (-0.00239655, 4.83562e-11), (-0.00239655, 4.63916e-11), (-0.144175, 4.7395e-11), (-0.00239655, 0.160029), (-0.00239655, 0.271822) ]
Média: 0.99763
Melhor (0.999994): (-0.00239655, 4.57515e-11)
Pior (0.927846): (-0.00239655, 0.271822)

<------Geração 132------>

[ (-0.00239655, 4.7104e-11), (-0.00239655, 4.72891e-11), (-0.00239655, 4.57515e-11), (-0.00239655, 4.58837e-11), (-0.00239655, 4.7952e-11), (-0.00239655, 4.80899e-11), (-0.00239655, 4.73155e-11), (-0.00239655, 4.69093e-11), (-0.00239655, 4.63815e-11), (-0.00239655, 4.65485e-11), (-0.00239655, 4.78217e-11), (-0.00239655, 4.75579e-11), (-0.00239655, 4.73444e-11), (-0.00239655, 4.8061e-11), (-0.00239655, 4.70921e-11), (-0.00239655, 4.54183e-11), (-0.00239655, 4.71711e-11), (-0.00239655, 4.71209e-11), (-0.00239655, 4.74619e-11), (-0.00239655, 4.79178e-11), (-0.00239655, 4.74612e-11), (-0.00239655, 4.82316e-11), (-0.00239655, 4.75039e-11), (-0.00239655, 4.70016e-11), (-0.00239655, 4.761e-11), (-0.00239655, 4.68958e-11), (-0.00239655, 4.75511e-11), (-0.00239655, 4.80317e-11), (-0.00239655, 4.78337e-11), (-0.00239655, 4.62273e-11), (-0.00239655, 4.70414e-11), (-0.00239655, 4.65257e-11), (-0.00239655, 4.84262e-11), (-0.00239655, 4.71437e-11), (-0.00239655, 4.50928e-11), (-0.00239655, 4.81401e-11), (-0.00239655, 4.71721e-11), (-0.00239655, 4.81861e-11), (-0.00239655, 4.77988e-11), (-0.00239655, 4.8387e-11), (-0.00239655, 4.65028e-11), (-0.00239655, 4.81062e-11), (-0.00239655, 4.83708e-11), (-0.00239655, 0.295527), (-0.361248, 4.6799e-11), (-0.587896, 4.80183e-11), (-0.00239655, -0.733525), (-0.00239655, -0.77268), (0.0640328, -0.912887), (-0.00239655, -1.08227) ]
Média: 0.942787
Melhor (0.999994): (-0.00239655, 4.7104e-11)
Pior (0.220916): (-0.00239655, -1.08227)

<------Geração 133------>

[ (-0.00239655, 4.73788e-11), (-0.00239655, 4.78652e-11), (-0.00239655, 4.65277e-11), (-0.00239655, 4.7558e-11), (-0.00239655, 4.72548e-11), (-0.00239655, 4.80536e-11), (-0.00239655, 4.72798e-11), (-0.00239655, 4.6805e-11), (-0.00239655, 4.80339e-11), (-0.00239655, 4.63498e-11), (-0.00239655, 4.70514e-11), (-0.00239655, 4.71314e-11), (-0.00239655, 4.69838e-11), (-0.00239655, 4.5493e-11), (-0.00239655, 4.81186e-11), (-0.00239655, 4.79461e-11), (-0.00239655, 4.64321e-11), (-0.00239655, 4.8349e-11), (-0.00239655, 4.61998e-11), (-0.00239655, 4.78318e-11), (-0.00239655, 4.69274e-11), (-0.00239655, 4.80818e-11), (-0.00239655, 4.74974e-11), (-0.00239655, 4.68181e-11), (-0.00239655, 4.73129e-11), (-0.00239655, 4.762e-11), (-0.00239655, 4.72891e-11), (-0.00239655, 4.77968e-11), (-0.00239655, 4.75459e-11), (-0.00239655, 4.73636e-11), (-0.00239655, 4.80695e-11), (-0.00239655, 4.79563e-11), (-0.00239655, 4.81471e-11), (-0.00239655, 4.65814e-11), (-0.00239655, 4.74457e-11), (-0.00239655, 4.72995e-11), (-0.00239655, 4.69053e-11), (-0.00239655, 4.66433e-11), (-0.00239655, 4.7104e-11), (-0.00239655, 4.73635e-11), (-0.00239655, 4.79273e-11), (-0.00239655, 4.71284e-11), (-0.00239655, 4.80777e-11), (-0.00239655, 4.65553e-11), (-0.00239655, 4.7986e-11), (-0.00239655, 4.54743e-11), (-0.00239655, 4.67803e-11), (-0.00239655, 4.8373e-11), (-0.00239655, 4.79866e-11), (-0.348082, 4.71528e-11) ]
Média: 0.997666
Melhor (0.999994): (-0.00239655, 4.73788e-11)
Pior (0.883561): (-0.348082, 4.71528e-11)

<------Geração 134------>

[ (-0.00239655, 4.70812e-11), (-0.00239655, 4.76045e-11), (-0.00239655, 4.72411e-11), (-0.00239655, 4.79178e-11), (-0.00239655, 4.72704e-11), (-0.00239655, 4.71628e-11), (-0.00239655, 4.73384e-11), (-0.00239655, 4.73123e-11), (-0.00239655, 4.81368e-11), (-0.00239655, 4.79298e-11), (-0.00239655, 4.73651e-11), (-0.00239655, 4.7434e-11), (-0.00239655, 4.78652e-11), (-0.00239655, 4.55812e-11), (-0.00239655, 4.8044e-11), (-0.00239655, 4.68536e-11), (-0.00239655, 4.79598e-11), (-0.00239655, 4.7608e-11), (-0.00239655, 4.66786e-11), (-0.00239655, 4.79262e-11), (-0.00239655, 4.75142e-11), (-0.00239655, 4.72662e-11), (-0.00239655, 4.74499e-11), (-0.00239655, 4.71831e-11), (-0.00239655, 4.73925e-11), (-0.00239655, 4.73788e-11), (-0.00239655, 4.76649e-11), (-0.00239655, 4.79083e-11), (-0.00239655, 4.79866e-11), (-0.00239655, 4.78048e-11), (-0.00239655, 4.73977e-11), (-0.00239655, 4.61355e-11), (-0.00239655, 4.79824e-11), (-0.00239655, 4.72187e-11), (-0.00239655, 4.81039e-11), (-0.00239655, 4.67618e-11), (-0.00239655, 4.72968e-11), (-0.00239655, 4.66895e-11), (-0.00239655, 4.62739e-11), (-0.00239655, 4.77029e-11), (-0.00239655, 4.81673e-11), (-0.00239655, 4.79357e-11), (-0.00239655, 4.74034e-11), (-0.00239655, 4.7104e-11), (-0.00239655, 4.74641e-11), (-0.00239655, 0.0750384), (0.092718, 4.75038e-11), (-0.00239655, 0.139319), (-0.00239655, -0.603215), (0.813201, 4.76836e-11) ]
Média: 0.98233
Melhor (0.999994): (-0.00239655, 4.70812e-11)
Pior (0.472248): (0.813201, 4.76836e-11)

<------Geração 135------>

[ (-0.00239655, 4.6682e-11), (-0.00239655, 4.72974e-11), (-0.00239655, 4.70812e-11), (-0.00239655, 4.74527e-11), (-0.00239655, 4.77645e-11), (-0.00239655, 4.79712e-11), (-0.00239655, 4.73459e-11), (-0.00239655, 4.7408e-11), (-0.00239655, 4.66274e-11), (-0.00239655, 4.70016e-11), (-0.00239655, 4.71543e-11), (-0.00239655, 4.79125e-11), (-0.00239655, 4.78095e-11), (-0.00239655, 4.77031e-11), (-0.00239655, 4.75186e-11), (-0.00239655, 4.67143e-11), (-0.00239655, 4.73913e-11), (-0.00239655, 4.65723e-11), (-0.00239655, 4.67383e-11), (-0.00239655, 4.77289e-11), (-0.00239655, 4.6963e-11), (-0.00239655, 4.70425e-11), (-0.00239655, 4.78363e-11), (-0.00239655, 4.67008e-11), (-0.00239655, 4.74957e-11), (-0.00239655, 4.76045e-11), (-0.00239655, 4.67956e-11), (-0.00239655, 4.71112e-11), (-0.00239655, 4.77302e-11), (-0.00239655, 4.73866e-11), (-0.00239655, 4.71624e-11), (-0.00239655, 4.72216e-11), (-0.00239655, 4.74637e-11), (-0.00239655, 4.74219e-11), (-0.00239655, 4.72334e-11), (-0.00239655, 4.73218e-11), (-0.00239655, 4.73342e-11), (-0.00239655, 4.72849e-11), (-0.00239655, 4.67733e-11), (-0.00239655, 4.74523e-11), (-0.00239655, 4.79237e-11), (-0.00239655, 4.7246e-11), (-0.00239655, 4.75197e-11), (-0.00239655, 4.68873e-11), (-0.00239655, 4.80411e-11), (-0.010154, 4.75047e-11), (-0.00239655, 0.155478), (-0.237482, 4.72161e-11), (-0.00239655, 0.401086), (-0.00239655, 0.583699) ]
Média: 0.989277
Melhor (0.999994): (-0.00239655, 4.6682e-11)
Pior (0.696135): (-0.00239655, 0.583699)

<------Geração 136------>

[ (-0.00239655, 4.74931e-11), (-0.00239655, 4.80411e-11), (-0.00239655, 4.6682e-11), (-0.00239655, 4.70736e-11), (-0.00239655, 4.73651e-11), (-0.00239655, 4.73327e-11), (-0.00239655, 4.71263e-11), (-0.00239655, 4.71546e-11), (-0.00239655, 4.73236e-11), (-0.00239655, 4.66602e-11), (-0.00239655, 4.73109e-11), (-0.00239655, 4.7217e-11), (-0.00239655, 4.79023e-11), (-0.00239655, 4.7356e-11), (-0.00239655, 4.76001e-11), (-0.00239655, 4.68273e-11), (-0.00239655, 4.72605e-11), (-0.00239655, 4.72979e-11), (-0.00239655, 4.74979e-11), (-0.00239655, 4.73708e-11), (-0.00239655, 4.76723e-11), (-0.00239655, 4.75543e-11), (-0.00239655, 4.68073e-11), (-0.00239655, 4.70003e-11), (-0.00239655, 4.75255e-11), (-0.00239655, 4.72974e-11), (-0.00239655, 4.72589e-11), (-0.00239655, 4.7168e-11), (-0.00239655, 4.76092e-11), (-0.00239655, 4.70798e-11), (-0.00239655, 4.72131e-11), (-0.00239655, 4.74288e-11), (-0.00239655, 4.69614e-11), (-0.00239655, 4.74061e-11), (-0.00239655, 4.74893e-11), (-0.00239655, 4.73156e-11), (-0.00239655, 4.73284e-11), (-0.00239655, 4.73884e-11), (-0.00239655, 4.71007e-11), (-0.00239655, 4.7409e-11), (-0.00239655, 4.72662e-11), (-0.00239655, 4.72805e-11), (-0.00239655, 4.75352e-11), (-0.00239655, 4.75355e-11), (-0.00239655, 4.76062e-11), (-0.00239655, 4.72254e-11), (-0.0810721, 4.69373e-11), (-0.00239655, -0.196263), (-0.00239655, 0.204919), (0.360948, 4.6693e-11) ]
Média: 0.995777
Melhor (0.999994): (-0.00239655, 4.74931e-11)
Pior (0.875179): (0.360948, 4.6693e-11)

<------Geração 137------>

[ (-0.00239655, 4.70914e-11), (-0.00239655, 4.74931e-11), (-0.00239655, 4.71137e-11), (-0.00239655, 4.73871e-11), (-0.00239655, 4.7364e-11), (-0.00239655, 4.74034e-11), (-0.00239655, 4.73502e-11), (-0.00239655, 4.73653e-11), (-0.00239655, 4.73015e-11), (-0.00239655, 4.74324e-11), (-0.00239655, 4.73105e-11), (-0.00239655, 4.74927e-11), (-0.00239655, 4.71665e-11), (-0.00239655, 4.74469e-11), (-0.00239655, 4.71786e-11), (-0.00239655, 4.71356e-11), (-0.00239655, 4.75781e-11), (-0.00239655, 4.75836e-11), (-0.00239655, 4.70208e-11), (-0.00239655, 4.74555e-11), (-0.00239655, 4.74194e-11), (-0.00239655, 4.73e-11), (-0.00239655, 4.70596e-11), (-0.00239655, 4.72212e-11), (-0.00239655, 4.70177e-11), (-0.00239655, 4.80411e-11), (-0.00239655, 4.67393e-11), (-0.00239655, 4.73813e-11), (-0.00239655, 4.74254e-11), (-0.00239655, 4.72665e-11), (-0.00239655, 4.72381e-11), (-0.00239655, 4.75448e-11), (-0.00239655, 4.72692e-11), (-0.00239655, 4.74273e-11), (-0.00239655, 4.68894e-11), (-0.00239655, 4.7325e-11), (-0.00239655, 4.73615e-11), (-0.00239655, 4.68696e-11), (-0.00239655, 4.68757e-11), (-0.00239655, 4.6682e-11), (-0.00239655, 4.77423e-11), (-0.00239655, 4.7316e-11), (-0.00239655, 4.76347e-11), (-0.00239655, 4.73812e-11), (-0.00239655, 4.69659e-11), (-0.00239655, 4.73356e-11), (-0.00239655, 4.74869e-11), (0.0333941, 4.73641e-11), (-0.0697919, 4.73589e-11), (-0.00239655, -0.167627) ]
Média: 0.999318
Melhor (0.999994): (-0.00239655, 4.70914e-11)
Pior (0.972131): (-0.00239655, -0.167627)

<------Geração 138------>

[ (-0.00239655, 4.75154e-11), (-0.00239655, 4.70914e-11), (-0.00239655, 4.7336e-11), (-0.00239655, 4.74998e-11), (-0.00239655, 4.73411e-11), (-0.00239655, 4.72019e-11), (-0.00239655, 4.80352e-11), (-0.00239655, 4.72736e-11), (-0.00239655, 4.76251e-11), (-0.00239655, 4.76685e-11), (-0.00239655, 4.7294e-11), (-0.00239655, 4.71749e-11), (-0.00239655, 4.71232e-11), (-0.00239655, 4.73162e-11), (-0.00239655, 4.72845e-11), (-0.00239655, 4.72371e-11), (-0.00239655, 4.73704e-11), (-0.00239655, 4.73574e-11), (-0.00239655, 4.71518e-11), (-0.00239655, 4.72464e-11), (-0.00239655, 4.68883e-11), (-0.00239655, 4.73141e-11), (-0.00239655, 4.71133e-11), (-0.00239655, 4.74875e-11), (-0.00239655, 4.74123e-11), (-0.00239655, 4.74931e-11), (-0.00239655, 4.73182e-11), (-0.00239655, 4.72649e-11), (-0.00239655, 4.70808e-11), (-0.00239655, 4.72762e-11), (-0.00239655, 4.75803e-11), (-0.00239655, 4.73838e-11), (-0.00239655, 4.72692e-11), (-0.00239655, 4.74481e-11), (-0.00239655, 4.69982e-11), (-0.00239655, 4.73317e-11), (-0.00239655, 4.72573e-11), (-0.00239655, 4.71449e-11), (-0.00239655, 4.75223e-11), (-0.00239655, 4.74088e-11), (-0.00239655, 4.73003e-11), (-0.00239655, 4.7439e-11), (-0.00239655, 4.73873e-11), (-0.00239655, -0.0302992), (-0.085431, 4.74181e-11), (-0.00239655, -0.210079), (-0.32742, 4.71026e-11), (-0.00239655, 0.367983), (0.480888, 4.73502e-11), (0.844484, 4.76104e-11) ]
Média: 0.97884
Melhor (0.999994): (-0.00239655, 4.75154e-11)
Pior (0.441136): (0.844484, 4.76104e-11)

<------Geração 139------>

[ (-0.00239655, 4.72798e-11), (-0.00239655, 4.75154e-11), (-0.00239655, 4.7291e-11), (-0.00239655, 4.71917e-11), (-0.00239655, 4.72768e-11), (-0.00239655, 4.71375e-11), (-0.00239655, 4.7163e-11), (-0.00239655, 4.76663e-11), (-0.00239655, 4.71983e-11), (-0.00239655, 4.72949e-11), (-0.00239655, 4.74543e-11), (-0.00239655, 4.74952e-11), (-0.00239655, 4.733e-11), (-0.00239655, 4.79984e-11), (-0.00239655, 4.74836e-11), (-0.00239655, 4.7456e-11), (-0.00239655, 4.71871e-11), (-0.00239655, 4.73665e-11), (-0.00239655, 4.71551e-11), (-0.00239655, 4.72983e-11), (-0.00239655, 4.7338e-11), (-0.00239655, 4.7176e-11), (-0.00239655, 4.72881e-11), (-0.00239655, 4.73165e-11), (-0.00239655, 4.77413e-11), (-0.00239655, 4.71903e-11), (-0.00239655, 4.71865e-11), (-0.00239655, 4.72427e-11), (-0.00239655, 4.73381e-11), (-0.00239655, 4.73593e-11), (-0.00239655, 4.76053e-11), (-0.00239655, 4.73382e-11), (-0.00239655, 4.73574e-11), (-0.00239655, 4.73345e-11), (-0.00239655, 4.76458e-11), (-0.00239655, 4.73835e-11), (-0.00239655, 4.73176e-11), (-0.00239655, 4.7402e-11), (-0.00239655, 4.72026e-11), (-0.00239655, 4.70914e-11), (-0.0136444, 4.75713e-11), (-0.00239655, 0.0522182), (-0.0660444, 4.74228e-11), (-0.0725164, 4.73988e-11), (-0.00239655, -0.109918), (-0.00239655, -0.299712), (-0.569772, 4.79621e-11), (-0.00239655, -0.670658), (-0.00239655, 0.726577), (-0.00239655, 0.979962) ]
Média: 0.961595
Melhor (0.999994): (-0.00239655, 4.72798e-11)
Pior (0.310671): (-0.00239655, 0.979962)

<------Geração 140------>

[ (-0.00239655, 4.72879e-11), (-0.00239655, 4.76357e-11), (-0.00239655, 4.72918e-11), (-0.00239655, 4.71534e-11), (-0.00239655, 4.71922e-11), (-0.00239655, 4.7593e-11), (-0.00239655, 4.74252e-11), (-0.00239655, 4.77007e-11), (-0.00239655, 4.79074e-11), (-0.00239655, 4.73252e-11), (-0.00239655, 4.73765e-11), (-0.00239655, 4.73906e-11), (-0.00239655, 4.75154e-11), (-0.00239655, 4.74918e-11), (-0.00239655, 4.76788e-11), (-0.00239655, 4.7329e-11), (-0.00239655, 4.75507e-11), (-0.00239655, 4.73314e-11), (-0.00239655, 4.72681e-11), (-0.00239655, 4.73366e-11), (-0.00239655, 4.72942e-11), (-0.00239655, 4.72613e-11), (-0.00239655, 4.73257e-11), (-0.00239655, 4.75458e-11), (-0.00239655, 4.72798e-11), (-0.00239655, 4.72315e-11), (-0.00239655, 4.73517e-11), (-0.00239655, 4.73898e-11), (-0.00239655, 4.73093e-11), (-0.00239655, 4.73324e-11), (-0.00239655, 4.73415e-11), (-0.00239655, 4.73402e-11), (-0.00239655, 4.74766e-11), (-0.00239655, 4.74096e-11), (-0.00239655, 4.72422e-11), (-0.00239655, 4.72494e-11), (-0.00239655, 4.72472e-11), (-0.00239655, 4.73505e-11), (-0.00239655, 4.7327e-11), (-0.00239655, 4.7739e-11), (-0.00239655, 4.73589e-11), (-0.00239655, 4.75453e-11), (-0.00239655, 4.73334e-11), (-0.00239655, 4.73225e-11), (-0.00239655, 4.71985e-11), (-0.00239655, -0.0977619), (-0.00239655, -0.172932), (-0.00239655, -0.257987), (-0.555162, 4.74202e-11), (1.10944, 4.73005e-11) ]
Média: 0.976327
Melhor (0.999994): (-0.00239655, 4.72879e-11)
Pior (0.198911): (1.10944, 4.73005e-11)

<------Geração 141------>

[ (-0.00239655, 4.73294e-11), (-0.00239655, 4.72879e-11), (-0.00239655, 4.7371e-11), (-0.00239655, 4.74015e-11), (-0.00239655, 4.73262e-11), (-0.00239655, 4.73372e-11), (-0.00239655, 4.75227e-11), (-0.00239655, 4.73744e-11), (-0.00239655, 4.76887e-11), (-0.00239655, 4.74571e-11), (-0.00239655, 4.72996e-11), (-0.00239655, 4.73507e-11), (-0.00239655, 4.73275e-11), (-0.00239655, 4.74578e-11), (-0.00239655, 4.72748e-11), (-0.00239655, 4.72986e-11), (-0.00239655, 4.73285e-11), (-0.00239655, 4.73898e-11), (-0.00239655, 4.74625e-11), (-0.00239655, 4.74202e-11), (-0.00239655, 4.75807e-11), (-0.00239655, 4.73087e-11), (-0.00239655, 4.73329e-11), (-0.00239655, 4.73668e-11), (-0.00239655, 4.72829e-11), (-0.00239655, 4.73772e-11), (-0.00239655, 4.76357e-11), (-0.00239655, 4.72485e-11), (-0.00239655, 4.72778e-11), (-0.00239655, 4.73337e-11), (-0.00239655, 4.73371e-11), (-0.00239655, 4.73164e-11), (-0.00239655, 4.72676e-11), (-0.00239655, 4.73429e-11), (-0.00239655, 4.72295e-11), (-0.00239655, 4.73271e-11), (-0.00239655, 4.74119e-11), (-0.00239655, 4.72981e-11), (-0.00239655, 4.76806e-11), (-0.00239655, 4.73677e-11), (-0.00239655, 4.73319e-11), (-0.00239655, 4.73261e-11), (-0.00239655, 4.74599e-11), (-0.00239655, 4.73315e-11), (-0.00239655, 4.73584e-11), (0.0951771, 4.74199e-11), (-0.00239655, 0.251306), (-0.259186, 4.72545e-11), (-0.53131, 4.74925e-11), (-0.00239655, 0.793449) ]
Média: 0.981963
Melhor (0.999994): (-0.00239655, 4.73294e-11)
Pior (0.491956): (-0.00239655, 0.793449)

<------Geração 142------>

[ (-0.00239655, 4.74032e-11), (-0.00239655, 4.73294e-11), (-0.00239655, 4.73524e-11), (-0.00239655, 4.72932e-11), (-0.00239655, 4.75708e-11), (-0.00239655, 4.73476e-11), (-0.00239655, 4.72904e-11), (-0.00239655, 4.74449e-11), (-0.00239655, 4.73226e-11), (-0.00239655, 4.73392e-11), (-0.00239655, 4.73664e-11), (-0.00239655, 4.74289e-11), (-0.00239655, 4.73271e-11), (-0.00239655, 4.73123e-11), (-0.00239655, 4.73847e-11), (-0.00239655, 4.74513e-11), (-0.00239655, 4.75853e-11), (-0.00239655, 4.74429e-11), (-0.00239655, 4.73163e-11), (-0.00239655, 4.74619e-11), (-0.00239655, 4.74029e-11), (-0.00239655, 4.72761e-11), (-0.00239655, 4.7362e-11), (-0.00239655, 4.72651e-11), (-0.00239655, 4.73496e-11), (-0.00239655, 4.72884e-11), (-0.00239655, 4.72879e-11), (-0.00239655, 4.75059e-11), (-0.00239655, 4.73384e-11), (-0.00239655, 4.73372e-11), (-0.00239655, 4.73996e-11), (-0.00239655, 4.72918e-11), (-0.00239655, 4.73445e-11), (-0.00239655, 4.73139e-11), (-0.00239655, 4.73678e-11), (-0.00239655, 4.74291e-11), (-0.00239655, 4.73303e-11), (-0.00239655, 4.74543e-11), (-0.00239655, 4.73957e-11), (-0.00239655, 4.73865e-11), (-0.00239655, 4.73264e-11), (-0.00239655, 4.73307e-11), (-0.00239655, 4.73287e-11), (-0.00239655, 4.73919e-11), (-0.00239655, 4.73433e-11), (-0.00239655, 4.74228e-11), (-0.00239655, 0.328544), (-0.395052, 4.73096e-11), (-0.466685, 4.73308e-11), (0.952258, 4.73175e-11) ]
Média: 0.977625
Melhor (0.999994): (-0.00239655, 4.74032e-11)
Pior (0.336517): (0.952258, 4.73175e-11)

<------Geração 143------>

[ (-0.00239655, 4.73786e-11), (-0.00239655, 4.73392e-11), (-0.00239655, 4.73217e-11), (-0.00239655, 4.74052e-11), (-0.00239655, 4.74589e-11), (-0.00239655, 4.73527e-11), (-0.00239655, 4.73478e-11), (-0.00239655, 4.73891e-11), (-0.00239655, 4.73178e-11), (-0.00239655, 4.73526e-11), (-0.00239655, 4.73294e-11), (-0.00239655, 4.74142e-11), (-0.00239655, 4.73294e-11), (-0.00239655, 4.73477e-11), (-0.00239655, 4.73469e-11), (-0.00239655, 4.73756e-11), (-0.00239655, 4.74091e-11), (-0.00239655, 4.74645e-11), (-0.00239655, 4.73315e-11), (-0.00239655, 4.73255e-11), (-0.00239655, 4.73452e-11), (-0.00239655, 4.73888e-11), (-0.00239655, 4.74029e-11), (-0.00239655, 4.7433e-11), (-0.00239655, 4.74032e-11), (-0.00239655, 4.74107e-11), (-0.00239655, 4.74067e-11), (-0.00239655, 4.74468e-11), (-0.00239655, 4.72925e-11), (-0.00239655, 4.73849e-11), (-0.00239655, 4.72962e-11), (-0.00239655, 4.73e-11), (-0.00239655, 4.756e-11), (-0.00239655, 4.74525e-11), (-0.00239655, 4.74245e-11), (-0.00239655, 4.75743e-11), (-0.00239655, 4.75557e-11), (-0.00239655, 4.73839e-11), (-0.00239655, 4.7402e-11), (-0.00239655, 4.73633e-11), (-0.00239655, 4.74182e-11), (-0.00239655, 4.72921e-11), (-0.00239655, 4.74248e-11), (-0.00239655, 4.73281e-11), (-0.00239655, 4.73617e-11), (-0.00239655, 4.73686e-11), (-0.00239655, -0.0116572), (-0.00239655, 0.266489), (-0.00239655, -0.31731), (-0.582748, 4.73092e-11) ]
Média: 0.990595
Melhor (0.999994): (-0.00239655, 4.73786e-11)
Pior (0.697013): (-0.582748, 4.73092e-11)

<------Geração 144------>

[ (-0.00239655, 4.75112e-11), (-0.00239655, 4.73007e-11), (-0.00239655, 4.73786e-11), (-0.00239655, 4.73956e-11), (-0.00239655, 4.73765e-11), (-0.00239655, 4.73807e-11), (-0.00239655, 4.73774e-11), (-0.00239655, 4.74067e-11), (-0.00239655, 4.73843e-11), (-0.00239655, 4.73216e-11), (-0.00239655, 4.7398e-11), (-0.00239655, 4.73992e-11), (-0.00239655, 4.73902e-11), (-0.00239655, 4.73905e-11), (-0.00239655, 4.73989e-11), (-0.00239655, 4.73984e-11), (-0.00239655, 4.74156e-11), (-0.00239655, 4.74028e-11), (-0.00239655, 4.73472e-11), (-0.00239655, 4.73386e-11), (-0.00239655, 4.74379e-11), (-0.00239655, 4.74214e-11), (-0.00239655, 4.73513e-11), (-0.00239655, 4.73933e-11), (-0.00239655, 4.73836e-11), (-0.00239655, 4.73392e-11), (-0.00239655, 4.74353e-11), (-0.00239655, 4.73538e-11), (-0.00239655, 4.73639e-11), (-0.00239655, 4.74427e-11), (-0.00239655, 4.7347e-11), (-0.00239655, 4.74284e-11), (-0.00239655, 4.73874e-11), (-0.00239655, 4.73862e-11), (-0.00239655, 4.73739e-11), (-0.00239655, 4.73573e-11), (-0.00239655, 4.73242e-11), (-0.00239655, 4.7387e-11), (-0.00239655, 4.73827e-11), (-0.00239655, 4.74149e-11), (-0.00239655, 4.73368e-11), (-0.00239655, 4.7303e-11), (-0.00239655, 4.73471e-11), (-0.00239655, 4.73386e-11), (-0.00239655, 4.74283e-11), (-0.00239655, 4.75459e-11), (-0.00239655, 4.73644e-11), (-0.00239655, -0.102219), (-0.372582, 4.73718e-11), (-0.00239655, 0.608561) ]
Média: 0.990595
Melhor (0.999994): (-0.00239655, 4.75112e-11)
Pior (0.673041): (-0.00239655, 0.608561)

<------Geração 145------>

[ (-0.00239655, 4.73963e-11), (-0.00239655, 4.75112e-11), (-0.00239655, 4.74043e-11), (-0.00239655, 4.74058e-11), (-0.00239655, 4.74103e-11), (-0.00239655, 4.73882e-11), (-0.00239655, 4.75459e-11), (-0.00239655, 4.74841e-11), (-0.00239655, 4.73824e-11), (-0.00239655, 4.73973e-11), (-0.00239655, 4.73762e-11), (-0.00239655, 4.7397e-11), (-0.00239655, 4.73306e-11), (-0.00239655, 4.73679e-11), (-0.00239655, 4.74928e-11), (-0.00239655, 4.73692e-11), (-0.00239655, 4.73334e-11), (-0.00239655, 4.73819e-11), (-0.00239655, 4.73955e-11), (-0.00239655, 4.73626e-11), (-0.00239655, 4.73861e-11), (-0.00239655, 4.73392e-11), (-0.00239655, 4.73544e-11), (-0.00239655, 4.73207e-11), (-0.00239655, 4.73912e-11), (-0.00239655, 4.73007e-11), (-0.00239655, 4.73981e-11), (-0.00239655, 4.73807e-11), (-0.00239655, 4.73321e-11), (-0.00239655, 4.73392e-11), (-0.00239655, 4.74138e-11), (-0.00239655, 4.73573e-11), (-0.00239655, 4.74236e-11), (-0.00239655, 4.73919e-11), (-0.00239655, 4.73063e-11), (-0.00239655, 4.74076e-11), (-0.00239655, 4.7417e-11), (-0.00239655, 4.73503e-11), (-0.00239655, 4.73768e-11), (-0.00239655, 4.7366e-11), (-0.00239655, 4.74211e-11), (-0.00239655, 4.73883e-11), (-0.00239655, 4.73632e-11), (-0.00239655, 4.73813e-11), (-0.00239655, 4.74196e-11), (-0.00239655, 4.73903e-11), (-0.00239655, 4.73888e-11), (-0.00239655, 4.73557e-11), (-0.00239655, 0.437212), (-0.453543, 4.74192e-11) ]
Média: 0.992564
Melhor (0.999994): (-0.00239655, 4.73963e-11)
Pior (0.807895): (-0.453543, 4.74192e-11)

<------Geração 146------>

[ (-0.00239655, 4.73938e-11), (-0.00239655, 4.73963e-11), (-0.00239655, 4.747e-11), (-0.00239655, 4.74322e-11), (-0.00239655, 4.73948e-11), (-0.00239655, 4.74023e-11), (-0.00239655, 4.73903e-11), (-0.00239655, 4.73861e-11), (-0.00239655, 4.74076e-11), (-0.00239655, 4.73849e-11), (-0.00239655, 4.73807e-11), (-0.00239655, 4.73422e-11), (-0.00239655, 4.73836e-11), (-0.00239655, 4.74164e-11), (-0.00239655, 4.73901e-11), (-0.00239655, 4.73933e-11), (-0.00239655, 4.73903e-11), (-0.00239655, 4.74043e-11), (-0.00239655, 4.74516e-11), (-0.00239655, 4.75073e-11), (-0.00239655, 4.73543e-11), (-0.00239655, 4.73634e-11), (-0.00239655, 4.73233e-11), (-0.00239655, 4.73736e-11), (-0.00239655, 4.75112e-11), (-0.00239655, 4.75083e-11), (-0.00239655, 4.74562e-11), (-0.00239655, 4.73572e-11), (-0.00239655, 4.73063e-11), (-0.00239655, 4.74214e-11), (-0.00239655, 4.73882e-11), (-0.00239655, 4.73737e-11), (-0.00239655, 4.7407e-11), (-0.00239655, 4.73532e-11), (-0.00239655, 4.7402e-11), (-0.00239655, 4.7345e-11), (-0.00239655, 4.74008e-11), (-0.00239655, 4.7374e-11), (-0.00239655, 4.73664e-11), (-0.00239655, 4.73644e-11), (-0.00239655, 4.74299e-11), (-0.00239655, 4.73897e-11), (-0.00239655, 4.7406e-11), (-0.00239655, 4.73417e-11), (-0.00239655, 4.73664e-11), (0.0524327, 4.74136e-11), (0.18484, 4.73708e-11), (-0.00239655, -0.330912), (-0.00239655, 0.333533), (-0.384154, 4.73906e-11) ]
Média: 0.992194
Melhor (0.999994): (-0.00239655, 4.73938e-11)
Pior (0.859437): (-0.384154, 4.73906e-11)

<------Geração 147------>

[ (-0.00239655, 4.73749e-11), (-0.00239655, 4.74478e-11), (-0.00239655, 4.73607e-11), (-0.00239655, 4.73857e-11), (-0.00239655, 4.73971e-11), (-0.00239655, 4.74018e-11), (-0.00239655, 4.73932e-11), (-0.00239655, 4.74134e-11), (-0.00239655, 4.73788e-11), (-0.00239655, 4.73821e-11), (-0.00239655, 4.73879e-11), (-0.00239655, 4.74915e-11), (-0.00239655, 4.73936e-11), (-0.00239655, 4.73963e-11), (-0.00239655, 4.74007e-11), (-0.00239655, 4.74951e-11), (-0.00239655, 4.74098e-11), (-0.00239655, 4.73636e-11), (-0.00239655, 4.74163e-11), (-0.00239655, 4.73799e-11), (-0.00239655, 4.73948e-11), (-0.00239655, 4.74749e-11), (-0.00239655, 4.74163e-11), (-0.00239655, 4.73389e-11), (-0.00239655, 4.74026e-11), (-0.00239655, 4.73717e-11), (-0.00239655, 4.73938e-11), (-0.00239655, 4.73737e-11), (-0.00239655, 4.73457e-11), (-0.00239655, 4.73757e-11), (-0.00239655, 4.74013e-11), (-0.00239655, 4.73553e-11), (-0.00239655, 4.75058e-11), (-0.00239655, 4.73885e-11), (-0.00239655, 4.73897e-11), (-0.00239655, 4.73933e-11), (-0.00239655, 4.73897e-11), (-0.00239655, 4.74306e-11), (-0.00239655, 4.74137e-11), (-0.00239655, 4.73702e-11), (-0.00239655, 4.73706e-11), (-0.00239655, 4.73891e-11), (-0.00239655, 4.74041e-11), (-0.00239655, 4.73709e-11), (-0.00239655, 4.73872e-11), (-0.00239655, 4.73903e-11), (-0.00239655, 4.7386e-11), (-0.00239655, 4.73917e-11), (0.00970919, 4.73825e-11), (-0.555574, 4.73855e-11) ]
Média: 0.994426
Melhor (0.999994): (-0.00239655, 4.73749e-11)
Pior (0.721679): (-0.555574, 4.73855e-11)

<------Geração 148------>

[ (-0.00239655, 4.73779e-11), (-0.00239655, 4.73722e-11), (-0.00239655, 4.73645e-11), (-0.00239655, 4.73827e-11), (-0.00239655, 4.73718e-11), (-0.00239655, 4.73831e-11), (-0.00239655, 4.73818e-11), (-0.00239655, 4.74796e-11), (-0.00239655, 4.74111e-11), (-0.00239655, 4.73844e-11), (-0.00239655, 4.73918e-11), (-0.00239655, 4.73483e-11), (-0.00239655, 4.74478e-11), (-0.00239655, 4.73923e-11), (-0.00239655, 4.73655e-11), (-0.00239655, 4.7377e-11), (-0.00239655, 4.7402e-11), (-0.00239655, 4.73934e-11), (-0.00239655, 4.74007e-11), (-0.00239655, 4.73892e-11), (-0.00239655, 4.74047e-11), (-0.00239655, 4.73931e-11), (-0.00239655, 4.74027e-11), (-0.00239655, 4.73731e-11), (-0.00239655, 4.74553e-11), (-0.00239655, 4.73749e-11), (-0.00239655, 4.73939e-11), (-0.00239655, 4.73913e-11), (-0.00239655, 4.7386e-11), (-0.00239655, 4.73769e-11), (-0.00239655, 4.74903e-11), (-0.00239655, 4.74215e-11), (-0.00239655, 4.73861e-11), (-0.00239655, 4.74392e-11), (-0.00239655, 4.74092e-11), (-0.00239655, 4.73765e-11), (-0.00239655, 4.73894e-11), (-0.00239655, 4.74015e-11), (-0.00239655, 4.74099e-11), (-0.00239655, 4.74139e-11), (-0.00239655, 4.7412e-11), (-0.00239655, 4.73638e-11), (-0.00239655, 4.73894e-11), (-0.00239655, 4.73822e-11), (-0.00239655, 0.164793), (-0.00239655, 0.196584), (-0.00239655, -0.352139), (-0.00239655, -0.588561), (-0.723682, 4.73938e-11), (-0.00239655, -0.928668) ]
Média: 0.968553
Melhor (0.999994): (-0.00239655, 4.73779e-11)
Pior (0.358923): (-0.00239655, -0.928668)

<------Geração 149------>

[ (-0.00239655, 4.7445e-11), (-0.00239655, 4.73881e-11), (-0.00239655, 4.73779e-11), (-0.00239655, 4.73831e-11), (-0.00239655, 4.7372e-11), (-0.00239655, 4.73922e-11), (-0.00239655, 4.73869e-11), (-0.00239655, 4.73823e-11), (-0.00239655, 4.73842e-11), (-0.00239655, 4.74659e-11), (-0.00239655, 4.74181e-11), (-0.00239655, 4.73829e-11), (-0.00239655, 4.74099e-11), (-0.00239655, 4.7395e-11), (-0.00239655, 4.73805e-11), (-0.00239655, 4.74275e-11), (-0.00239655, 4.73692e-11), (-0.00239655, 4.74024e-11), (-0.00239655, 4.73825e-11), (-0.00239655, 4.74028e-11), (-0.00239655, 4.74024e-11), (-0.00239655, 4.74126e-11), (-0.00239655, 4.73929e-11), (-0.00239655, 4.74473e-11), (-0.00239655, 4.73817e-11), (-0.00239655, 4.73722e-11), (-0.00239655, 4.737e-11), (-0.00239655, 4.73749e-11), (-0.00239655, 4.74325e-11), (-0.00239655, 4.73815e-11), (-0.00239655, 4.73932e-11), (-0.00239655, 4.73877e-11), (-0.00239655, 4.74184e-11), (-0.00239655, 4.74139e-11), (-0.00239655, 4.74039e-11), (-0.00239655, 4.73956e-11), (-0.00239655, 4.73866e-11), (-0.00239655, 4.74024e-11), (-0.00239655, 4.73757e-11), (-0.00239655, 4.73756e-11), (-0.00239655, 4.73894e-11), (-0.00239655, 4.73801e-11), (-0.00239655, 4.74312e-11), (-0.00239655, -0.128289), (-0.210379, 4.73788e-11), (0.21641, 4.74017e-11), (0.522624, 4.73725e-11), (-0.00239655, 0.631509), (1.1515, 4.73968e-11), (-1.19227, 4.73905e-11) ]
Média: 0.951997
Melhor (0.999994): (-0.00239655, 4.7445e-11)
Pior (0.137601): (-1.19227, 4.73905e-11)

<------Geração 150------>

[ (-0.00239655, 4.74405e-11), (-0.00239655, 4.7445e-11), (-0.00239655, 4.74024e-11), (-0.00239655, 4.74331e-11), (-0.00239655, 4.7455e-11), (-0.00239655, 4.74301e-11), (-0.00239655, 4.73785e-11), (-0.00239655, 4.73897e-11), (-0.00239655, 4.73923e-11), (-0.00239655, 4.73886e-11), (-0.00239655, 4.7394e-11), (-0.00239655, 4.7415e-11), (-0.00239655, 4.73793e-11), (-0.00239655, 4.74065e-11), (-0.00239655, 4.74104e-11), (-0.00239655, 4.73992e-11), (-0.00239655, 4.74326e-11), (-0.00239655, 4.7392e-11), (-0.00239655, 4.74046e-11), (-0.00239655, 4.74058e-11), (-0.00239655, 4.74033e-11), (-0.00239655, 4.73908e-11), (-0.00239655, 4.73907e-11), (-0.00239655, 4.74339e-11), (-0.00239655, 4.74146e-11), (-0.00239655, 4.73881e-11), (-0.00239655, 4.73916e-11), (-0.00239655, 4.74376e-11), (-0.00239655, 4.73897e-11), (-0.00239655, 4.73903e-11), (-0.00239655, 4.73787e-11), (-0.00239655, 4.73886e-11), (-0.00239655, 4.74384e-11), (-0.00239655, 4.73817e-11), (-0.00239655, 4.73842e-11), (-0.00239655, 4.7437e-11), (-0.00239655, 4.74145e-11), (-0.00239655, 4.73849e-11), (-0.00239655, 4.74001e-11), (-0.00239655, 4.73929e-11), (-0.00239655, 4.74156e-11), (-0.00239655, 4.74114e-11), (-0.00239655, 4.73877e-11), (-0.00239655, 4.73792e-11), (-0.00239655, 4.74181e-11), (-0.00239655, 4.73835e-11), (-0.00239655, 0.0349774), (-0.00239655, 0.0390153), (-0.00239655, -0.480878), (-0.00239655, -0.798348) ]
Média: 0.985399
Melhor (0.999994): (-0.00239655, 4.74405e-11)
Pior (0.487064): (-0.00239655, -0.798348)

<------Geração 151------>

[ (-0.00239655, 4.7446e-11), (-0.00239655, 4.74261e-11), (-0.00239655, 4.74405e-11), (-0.00239655, 4.74189e-11), (-0.00239655, 4.73885e-11), (-0.00239655, 4.7455e-11), (-0.00239655, 4.74316e-11), (-0.00239655, 4.74082e-11), (-0.00239655, 4.74056e-11), (-0.00239655, 4.73887e-11), (-0.00239655, 4.7388e-11), (-0.00239655, 4.74341e-11), (-0.00239655, 4.7399e-11), (-0.00239655, 4.74097e-11), (-0.00239655, 4.73806e-11), (-0.00239655, 4.74283e-11), (-0.00239655, 4.7383e-11), (-0.00239655, 4.74154e-11), (-0.00239655, 4.73954e-11), (-0.00239655, 4.73985e-11), (-0.00239655, 4.73928e-11), (-0.00239655, 4.74247e-11), (-0.00239655, 4.74055e-11), (-0.00239655, 4.7419e-11), (-0.00239655, 4.7445e-11), (-0.00239655, 4.73845e-11), (-0.00239655, 4.74278e-11), (-0.00239655, 4.7392e-11), (-0.00239655, 4.73795e-11), (-0.00239655, 4.74049e-11), (-0.00239655, 4.74121e-11), (-0.00239655, 4.74402e-11), (-0.00239655, 4.73995e-11), (-0.00239655, 4.74369e-11), (-0.00239655, 4.73879e-11), (-0.00239655, 4.74398e-11), (-0.00239655, 4.74218e-11), (-0.00239655, 4.73824e-11), (-0.00239655, 4.73982e-11), (-0.00239655, 4.74164e-11), (-0.00239655, 4.73927e-11), (-0.00239655, 4.74218e-11), (-0.00239655, 4.7418e-11), (-0.00239655, -0.0181728), (0.083252, 4.74467e-11), (0.112233, 4.74046e-11), (-0.00239655, -0.144112), (-0.00239655, 0.189892), (-0.00239655, 0.624252), (-0.0632236, 1.37165) ]
Média: 0.972444
Melhor (0.999994): (-0.00239655, 4.7446e-11)
Pior (0.0403116): (-0.0632236, 1.37165)

<------Geração 152------>

[ (-0.00239655, 4.74088e-11), (-0.00239655, 4.74284e-11), (-0.00239655, 4.74123e-11), (-0.00239655, 4.7446e-11), (-0.00239655, 4.74384e-11), (-0.00239655, 4.74221e-11), (-0.00239655, 4.74207e-11), (-0.00239655, 4.74426e-11), (-0.00239655, 4.74075e-11), (-0.00239655, 4.74084e-11), (-0.00239655, 4.74195e-11), (-0.00239655, 4.74143e-11), (-0.00239655, 4.74252e-11), (-0.00239655, 4.7385e-11), (-0.00239655, 4.73961e-11), (-0.00239655, 4.73958e-11), (-0.00239655, 4.74044e-11), (-0.00239655, 4.74142e-11), (-0.00239655, 4.74154e-11), (-0.00239655, 4.73888e-11), (-0.00239655, 4.74069e-11), (-0.00239655, 4.74003e-11), (-0.00239655, 4.7393e-11), (-0.00239655, 4.74261e-11), (-0.00239655, 4.73873e-11), (-0.00239655, 4.74312e-11), (-0.00239655, 4.74198e-11), (-0.00239655, 4.74119e-11), (-0.00239655, 4.74133e-11), (-0.00239655, 4.73891e-11), (-0.00239655, 4.74403e-11), (-0.00239655, 4.7434e-11), (-0.00239655, 4.74e-11), (-0.00239655, 4.74158e-11), (-0.00239655, 4.74154e-11), (-0.00239655, 4.74449e-11), (-0.00239655, 4.73877e-11), (-0.00239655, 4.74049e-11), (-0.00239655, 4.7438e-11), (-0.00239655, -0.00607042), (-0.0291062, 4.74246e-11), (0.0304599, 4.74261e-11), (0.0423227, 4.74299e-11), (0.0578598, 4.74224e-11), (0.126978, 4.74142e-11), (-0.00239655, 0.2088), (-0.00239655, -0.496616), (0.520189, 4.74359e-11), (0.553548, 4.73936e-11), (-0.00239655, 0.596517) ]
Média: 0.977344
Melhor (0.999994): (-0.00239655, 4.74088e-11)
Pior (0.684285): (-0.00239655, 0.596517)

<------Geração 153------>

[ (-0.00239655, 4.74034e-11), (-0.00239655, 4.74051e-11), (-0.00239655, 4.74088e-11), (-0.00239655, 4.73963e-11), (-0.00239655, 4.74378e-11), (-0.00239655, 4.74173e-11), (-0.00239655, 4.74054e-11), (-0.00239655, 4.74e-11), (-0.00239655, 4.73978e-11), (-0.00239655, 4.73999e-11), (-0.00239655, 4.74231e-11), (-0.00239655, 4.74197e-11), (-0.00239655, 4.73933e-11), (-0.00239655, 4.74272e-11), (-0.00239655, 4.74211e-11), (-0.00239655, 4.7409e-11), (-0.00239655, 4.74196e-11), (-0.00239655, 4.73952e-11), (-0.00239655, 4.74306e-11), (-0.00239655, 4.74164e-11), (-0.00239655, 4.74221e-11), (-0.00239655, 4.74106e-11), (-0.00239655, 4.74146e-11), (-0.00239655, 4.74193e-11), (-0.00239655, 4.74015e-11), (-0.00239655, 4.74307e-11), (-0.00239655, 4.74386e-11), (-0.00239655, 4.7399e-11), (-0.00239655, 4.73856e-11), (-0.00239655, 4.74083e-11), (-0.00239655, 4.73928e-11), (-0.00239655, 4.74197e-11), (-0.00239655, 4.74098e-11), (-0.00239655, 4.74284e-11), (-0.00239655, 4.74278e-11), (-0.00239655, 4.74318e-11), (-0.00239655, 4.74195e-11), (-0.00239655, 4.74107e-11), (-0.00239655, 4.74224e-11), (-0.00239655, 4.7413e-11), (-0.00239655, 4.74216e-11), (-0.00239655, 4.7408e-11), (-0.00239655, -0.00022686), (-0.216847, 4.74123e-11), (-0.406558, 4.74259e-11), (-0.409612, 4.73963e-11), (0.411346, 4.73898e-11), (-0.41454, 4.74127e-11), (-0.00239655, 0.519404), (0.669807, 4.74054e-11) ]
Média: 0.973676
Melhor (0.999994): (-0.00239655, 4.74034e-11)
Pior (0.614462): (0.669807, 4.74054e-11)

<------Geração 154------>

[ (-0.00239655, 4.74102e-11), (-0.00239655, 4.74157e-11), (-0.00239655, 4.74068e-11), (-0.00239655, 4.74258e-11), (-0.00239655, 4.74044e-11), (-0.00239655, 4.74198e-11), (-0.00239655, 4.74079e-11), (-0.00239655, 4.74196e-11), (-0.00239655, 4.7415e-11), (-0.00239655, 4.74072e-11), (-0.00239655, 4.74093e-11), (-0.00239655, 4.74112e-11), (-0.00239655, 4.73962e-11), (-0.00239655, 4.74115e-11), (-0.00239655, 4.74284e-11), (-0.00239655, 4.7395e-11), (-0.00239655, 4.74064e-11), (-0.00239655, 4.74199e-11), (-0.00239655, 4.74112e-11), (-0.00239655, 4.7421e-11), (-0.00239655, 4.73983e-11), (-0.00239655, 4.74195e-11), (-0.00239655, 4.74298e-11), (-0.00239655, 4.74138e-11), (-0.00239655, 4.74132e-11), (-0.00239655, 4.74251e-11), (-0.00239655, 4.74051e-11), (-0.00239655, 4.74114e-11), (-0.00239655, 4.74215e-11), (-0.00239655, 4.74199e-11), (-0.00239655, 4.74078e-11), (-0.00239655, 4.74192e-11), (-0.00239655, 4.74211e-11), (-0.00239655, 4.74088e-11), (-0.00239655, 4.74179e-11), (-0.00239655, 4.74051e-11), (-0.00239655, 4.7417e-11), (-0.00239655, 4.74034e-11), (-0.00239655, 4.74163e-11), (-0.00239655, 4.74009e-11), (-0.00239655, 4.74107e-11), (-0.00239655, 4.74207e-11), (-0.00239655, 4.74241e-11), (-0.00239655, 4.74124e-11), (-0.00239655, 4.74109e-11), (-0.00239655, 4.74128e-11), (-0.00239655, 4.74216e-11), (-0.00239655, 4.74258e-11), (0.572922, -0.455086), (-0.00239655, 0.750599) ]
Média: 0.98176
Melhor (0.999994): (-0.00239655, 4.74102e-11)
Pior (0.534728): (-0.00239655, 0.750599)

<------Geração 155------>

[ (-0.00239655, 4.74293e-11), (-0.00239655, 4.74169e-11), (-0.00239655, 4.74195e-11), (-0.00239655, 4.74102e-11), (-0.00239655, 4.7409e-11), (-0.00239655, 4.73972e-11), (-0.00239655, 4.74152e-11), (-0.00239655, 4.74167e-11), (-0.00239655, 4.74022e-11), (-0.00239655, 4.74186e-11), (-0.00239655, 4.7409e-11), (-0.00239655, 4.74119e-11), (-0.00239655, 4.74152e-11), (-0.00239655, 4.74084e-11), (-0.00239655, 4.7411e-11), (-0.00239655, 4.74089e-11), (-0.00239655, 4.74023e-11), (-0.00239655, 4.74101e-11), (-0.00239655, 4.74052e-11), (-0.00239655, 4.74084e-11), (-0.00239655, 4.74261e-11), (-0.00239655, 4.74012e-11), (-0.00239655, 4.7417e-11), (-0.00239655, 4.74177e-11), (-0.00239655, 4.74157e-11), (-0.00239655, 4.74198e-11), (-0.00239655, 4.74034e-11), (-0.00239655, 4.7403e-11), (-0.00239655, 4.74072e-11), (-0.00239655, 4.74197e-11), (-0.00239655, 4.74106e-11), (-0.00239655, 4.74126e-11), (-0.00239655, 4.74167e-11), (-0.00239655, 4.74168e-11), (-0.00239655, 4.74082e-11), (-0.00239655, 4.74142e-11), (-0.00239655, 4.74072e-11), (-0.00239655, 4.74218e-11), (-0.00239655, 4.74185e-11), (-0.00239655, 4.73971e-11), (-0.00239655, 4.74182e-11), (-0.00239655, 4.74082e-11), (-0.00239655, 4.74131e-11), (-0.00239655, 4.74112e-11), (-0.00239655, 4.74163e-11), (-0.00239655, 0.186882), (-0.00239655, -0.245882), (0.308144, 4.74254e-11), (0.769266, 4.74069e-11), (-0.979711, 4.74154e-11) ]
Média: 0.972817
Melhor (0.999994): (-0.00239655, 4.74293e-11)
Pior (0.310905): (-0.979711, 4.74154e-11)

<------Geração 156------>

[ (-0.00239655, 4.74089e-11), (-0.00239655, 4.74293e-11), (-0.00239655, 4.74144e-11), (-0.00239655, 4.7412e-11), (-0.00239655, 4.74117e-11), (-0.00239655, 4.74068e-11), (-0.00239655, 4.74031e-11), (-0.00239655, 4.74185e-11), (-0.00239655, 4.74214e-11), (-0.00239655, 4.74179e-11), (-0.00239655, 4.74051e-11), (-0.00239655, 4.74054e-11), (-0.00239655, 4.74059e-11), (-0.00239655, 4.74134e-11), (-0.00239655, 4.74095e-11), (-0.00239655, 4.74093e-11), (-0.00239655, 4.74157e-11), (-0.00239655, 4.74173e-11), (-0.00239655, 4.74169e-11), (-0.00239655, 4.74128e-11), (-0.00239655, 4.74214e-11), (-0.00239655, 4.74141e-11), (-0.00239655, 4.7415e-11), (-0.00239655, 4.74121e-11), (-0.00239655, 4.74138e-11), (-0.00239655, 4.74063e-11), (-0.00239655, 4.74169e-11), (-0.00239655, 4.74199e-11), (-0.00239655, 4.74164e-11), (-0.00239655, 4.74047e-11), (-0.00239655, 4.74169e-11), (-0.00239655, 4.73976e-11), (-0.00239655, 4.74222e-11), (-0.00239655, 4.74164e-11), (-0.00239655, 4.74124e-11), (-0.00239655, 4.74154e-11), (-0.00239655, 4.73971e-11), (-0.00239655, 4.74093e-11), (-0.00239655, 4.74066e-11), (-0.00239655, 4.74053e-11), (-0.00239655, 4.74176e-11), (-0.00239655, 4.74095e-11), (-0.00239655, 4.74199e-11), (-0.00239655, 4.74115e-11), (-0.00239655, 4.74247e-11), (-0.00239655, 4.7402e-11), (-0.00239655, 4.74107e-11), (-0.136828, 4.74104e-11), (-0.00239655, -0.665671), (-0.00239655, 0.769899) ]
Média: 0.982301
Melhor (0.999994): (-0.00239655, 4.74089e-11)
Pior (0.515474): (-0.00239655, 0.769899)

<------Geração 157------>

[ (-0.00239655, 4.74192e-11), (-0.00239655, 4.74089e-11), (-0.00239655, 4.7408e-11), (-0.00239655, 4.74147e-11), (-0.00239655, 4.74142e-11), (-0.00239655, 4.74118e-11), (-0.00239655, 4.74121e-11), (-0.00239655, 4.74164e-11), (-0.00239655, 4.74104e-11), (-0.00239655, 4.74152e-11), (-0.00239655, 4.74158e-11), (-0.00239655, 4.74135e-11), (-0.00239655, 4.74134e-11), (-0.00239655, 4.74053e-11), (-0.00239655, 4.74139e-11), (-0.00239655, 4.74149e-11), (-0.00239655, 4.74135e-11), (-0.00239655, 4.74175e-11), (-0.00239655, 4.74107e-11), (-0.00239655, 4.74055e-11), (-0.00239655, 4.74181e-11), (-0.00239655, 4.74138e-11), (-0.00239655, 4.74197e-11), (-0.00239655, 4.74137e-11), (-0.00239655, 4.74204e-11), (-0.00239655, 4.74293e-11), (-0.00239655, 4.74126e-11), (-0.00239655, 4.7406e-11), (-0.00239655, 4.74071e-11), (-0.00239655, 4.74051e-11), (-0.00239655, 4.74095e-11), (-0.00239655, 4.74079e-11), (-0.00239655, 4.74126e-11), (-0.00239655, 4.74152e-11), (-0.00239655, 4.74239e-11), (-0.00239655, 4.74136e-11), (-0.00239655, 4.74095e-11), (-0.00239655, 4.74188e-11), (-0.00239655, 4.74093e-11), (-0.00239655, 4.74119e-11), (-0.00239655, 4.7417e-11), (-0.00239655, 4.74124e-11), (-0.00239655, 4.74136e-11), (-0.00239655, 4.74084e-11), (-0.00239655, 4.74152e-11), (-0.00239655, 0.0564775), (-0.00239655, 0.182434), (-0.00239655, -0.3462), (-0.00239655, 0.362177), (-0.00239655, 0.477896) ]
Média: 0.990221
Melhor (0.999994): (-0.00239655, 4.74192e-11)
Pior (0.788345): (-0.00239655, 0.477896)

<------Geração 158------>

[ (-0.00239655, 4.741e-11), (-0.00239655, 4.742e-11), (-0.00239655, 4.74192e-11), (-0.00239655, 4.7416e-11), (-0.00239655, 4.74119e-11), (-0.00239655, 4.74147e-11), (-0.00239655, 4.74139e-11), (-0.00239655, 4.74058e-11), (-0.00239655, 4.74078e-11), (-0.00239655, 4.74056e-11), (-0.00239655, 4.7414e-11), (-0.00239655, 4.74187e-11), (-0.00239655, 4.74139e-11), (-0.00239655, 4.74133e-11), (-0.00239655, 4.74172e-11), (-0.00239655, 4.74163e-11), (-0.00239655, 4.74199e-11), (-0.00239655, 4.74091e-11), (-0.00239655, 4.74135e-11), (-0.00239655, 4.74278e-11), (-0.00239655, 4.74144e-11), (-0.00239655, 4.74112e-11), (-0.00239655, 4.74127e-11), (-0.00239655, 4.74088e-11), (-0.00239655, 4.74089e-11), (-0.00239655, 4.74137e-11), (-0.00239655, 4.74115e-11), (-0.00239655, 4.74139e-11), (-0.00239655, 4.74126e-11), (-0.00239655, 4.74092e-11), (-0.00239655, 4.74145e-11), (-0.00239655, 4.74068e-11), (-0.00239655, 4.74114e-11), (-0.00239655, 4.74191e-11), (-0.00239655, 4.74154e-11), (-0.00239655, 4.74073e-11), (-0.00239655, 4.74096e-11), (-0.00239655, 4.74097e-11), (-0.00239655, 4.74112e-11), (-0.00239655, 4.74136e-11), (-0.00239655, 4.74121e-11), (-0.00239655, 4.7411e-11), (-0.00239655, 4.74115e-11), (-0.00239655, 4.74131e-11), (-0.00239655, 4.74096e-11), (-0.00239655, 0.0585749), (-0.215892, 4.74071e-11), (-0.00239655, 0.223627), (-0.00239655, 0.298824), (0.516543, 4.74053e-11) ]
Média: 0.991407
Melhor (0.999994): (-0.00239655, 4.741e-11)
Pior (0.755949): (0.516543, 4.74053e-11)

<------Geração 159------>

[ (-0.00239655, 4.74094e-11), (-0.00239655, 4.741e-11), (-0.00239655, 4.74083e-11), (-0.00239655, 4.7413e-11), (-0.00239655, 4.74134e-11), (-0.00239655, 4.74119e-11), (-0.00239655, 4.74158e-11), (-0.00239655, 4.74107e-11), (-0.00239655, 4.74118e-11), (-0.00239655, 4.74186e-11), (-0.00239655, 4.74125e-11), (-0.00239655, 4.74087e-11), (-0.00239655, 4.74107e-11), (-0.00239655, 4.74177e-11), (-0.00239655, 4.74125e-11), (-0.00239655, 4.74155e-11), (-0.00239655, 4.74104e-11), (-0.00239655, 4.74149e-11), (-0.00239655, 4.74146e-11), (-0.00239655, 4.74153e-11), (-0.00239655, 4.74139e-11), (-0.00239655, 4.74151e-11), (-0.00239655, 4.74177e-11), (-0.00239655, 4.74102e-11), (-0.00239655, 4.74257e-11), (-0.00239655, 4.74135e-11), (-0.00239655, 4.742e-11), (-0.00239655, 4.74096e-11), (-0.00239655, 4.74116e-11), (-0.00239655, 4.74078e-11), (-0.00239655, 4.74145e-11), (-0.00239655, 4.74113e-11), (-0.00239655, 4.7414e-11), (-0.00239655, 4.74117e-11), (-0.00239655, 4.74148e-11), (-0.00239655, 4.74096e-11), (-0.00239655, 4.74127e-11), (-0.00239655, 4.74133e-11), (-0.00239655, 4.74127e-11), (-0.00239655, 4.74176e-11), (-0.00239655, 4.74082e-11), (-0.00239655, 4.74121e-11), (-0.00239655, 4.74144e-11), (-0.00239655, 4.74063e-11), (-0.00239655, 4.74182e-11), (-0.00239655, 4.74073e-11), (-0.00239655, 4.74182e-11), (0.0147405, 4.74101e-11), (-0.00239655, -0.140456), (-0.520543, 4.74163e-11) ]
Média: 0.994648
Melhor (0.999994): (-0.00239655, 4.74094e-11)
Pior (0.752504): (-0.520543, 4.74163e-11)

<------Geração 160------>

[ (-0.00239655, 4.74067e-11), (-0.00239655, 4.74094e-11), (-0.00239655, 4.74099e-11), (-0.00239655, 4.74131e-11), (-0.00239655, 4.74143e-11), (-0.00239655, 4.74157e-11), (-0.00239655, 4.74103e-11), (-0.00239655, 4.74095e-11), (-0.00239655, 4.74127e-11), (-0.00239655, 4.741e-11), (-0.00239655, 4.74187e-11), (-0.00239655, 4.74158e-11), (-0.00239655, 4.7412e-11), (-0.00239655, 4.74112e-11), (-0.00239655, 4.74141e-11), (-0.00239655, 4.74141e-11), (-0.00239655, 4.7412e-11), (-0.00239655, 4.74149e-11), (-0.00239655, 4.74136e-11), (-0.00239655, 4.7412e-11), (-0.00239655, 4.74146e-11), (-0.00239655, 4.74123e-11), (-0.00239655, 4.74117e-11), (-0.00239655, 4.74163e-11), (-0.00239655, 4.74127e-11), (-0.00239655, 4.74185e-11), (-0.00239655, 4.741e-11), (-0.00239655, 4.74119e-11), (-0.00239655, 4.74137e-11), (-0.00239655, 4.74087e-11), (-0.00239655, 4.74083e-11), (-0.00239655, 4.74133e-11), (-0.00239655, 4.74104e-11), (-0.00239655, 4.74087e-11), (-0.00239655, 4.74127e-11), (-0.00239655, 4.74129e-11), (-0.00239655, 4.74104e-11), (-0.00239655, 4.74132e-11), (-0.00239655, 4.74141e-11), (-0.00239655, 4.74127e-11), (-0.00239655, 4.74138e-11), (-0.00239655, 4.74135e-11), (-0.00239655, 4.74103e-11), (-0.00239655, 4.74145e-11), (-0.00239655, 4.7413e-11), (-0.00239655, 4.7415e-11), (-0.00239655, 4.7409e-11), (-0.00239655, 4.74119e-11), (-0.00239655, 4.74151e-11), (-0.00239655, 0.0514085) ]
Média: 0.999941
Melhor (0.999994): (-0.00239655, 4.74067e-11)
Pior (0.997351): (-0.00239655, 0.0514085)

<------Geração 161------>

[ (-0.00239655, 4.74112e-11), (-0.00239655, 4.74113e-11), (-0.00239655, 4.74067e-11), (-0.00239655, 4.74118e-11), (-0.00239655, 4.74118e-11), (-0.00239655, 4.74167e-11), (-0.00239655, 4.74136e-11), (-0.00239655, 4.74101e-11), (-0.00239655, 4.74145e-11), (-0.00239655, 4.74138e-11), (-0.00239655, 4.74151e-11), (-0.00239655, 4.74151e-11), (-0.00239655, 4.74096e-11), (-0.00239655, 4.74135e-11), (-0.00239655, 4.74095e-11), (-0.00239655, 4.74172e-11), (-0.00239655, 4.74095e-11), (-0.00239655, 4.74122e-11), (-0.00239655, 4.74095e-11), (-0.00239655, 4.74119e-11), (-0.00239655, 4.74135e-11), (-0.00239655, 4.74131e-11), (-0.00239655, 4.74132e-11), (-0.00239655, 4.74125e-11), (-0.00239655, 4.74124e-11), (-0.00239655, 4.74094e-11), (-0.00239655, 4.7411e-11), (-0.00239655, 4.74117e-11), (-0.00239655, 4.74113e-11), (-0.00239655, 4.74158e-11), (-0.00239655, 4.74122e-11), (-0.00239655, 4.74112e-11), (-0.00239655, 4.74085e-11), (-0.00239655, 4.74099e-11), (-0.00239655, 4.74136e-11), (-0.00239655, 4.74085e-11), (-0.00239655, 4.7414e-11), (-0.00239655, 4.74129e-11), (-0.00239655, 4.74104e-11), (-0.00239655, 4.74132e-11), (-0.00239655, 4.74125e-11), (-0.00239655, 4.74105e-11), (-0.108095, 4.74114e-11), (-0.00239655, 0.212799), (0.253073, 4.74114e-11), (-0.00239655, 0.30007), (-0.328417, 4.74142e-11), (-0.00239655, 0.355615), (-0.394321, 4.74103e-11), (-0.00239655, 0.517653) ]
Média: 0.983502
Melhor (0.999994): (-0.00239655, 4.74112e-11)
Pior (0.75499): (-0.00239655, 0.517653)

<------Geração 162------>

[ (-0.00239655, 4.74103e-11), (-0.00239655, 4.7409e-11), (-0.00239655, 4.7411e-11), (-0.00239655, 4.74086e-11), (-0.00239655, 4.74137e-11), (-0.00239655, 4.74117e-11), (-0.00239655, 4.7413e-11), (-0.00239655, 4.74118e-11), (-0.00239655, 4.74095e-11), (-0.00239655, 4.74142e-11), (-0.00239655, 4.74127e-11), (-0.00239655, 4.74095e-11), (-0.00239655, 4.74119e-11), (-0.00239655, 4.74089e-11), (-0.00239655, 4.74121e-11), (-0.00239655, 4.74107e-11), (-0.00239655, 4.74134e-11), (-0.00239655, 4.74136e-11), (-0.00239655, 4.74118e-11), (-0.00239655, 4.74086e-11), (-0.00239655, 4.74136e-11), (-0.00239655, 4.74116e-11), (-0.00239655, 4.74098e-11), (-0.00239655, 4.74125e-11), (-0.00239655, 4.74128e-11), (-0.00239655, 4.74101e-11), (-0.00239655, 4.74113e-11), (-0.00239655, 4.74122e-11), (-0.00239655, 4.74127e-11), (-0.00239655, 4.74104e-11), (-0.00239655, 4.74119e-11), (-0.00239655, 4.74099e-11), (-0.00239655, 4.74134e-11), (-0.00239655, 4.74123e-11), (-0.00239655, 4.74119e-11), (-0.00239655, 4.74102e-11), (-0.00239655, 4.74109e-11), (-0.00239655, 4.74112e-11), (-0.00239655, 4.74122e-11), (-0.00239655, 4.74125e-11), (-0.00239655, 4.74151e-11), (-0.00239655, 4.74111e-11), (-0.00239655, 4.74098e-11), (-0.00239655, 4.74111e-11), (-0.00239655, 4.74136e-11), (-0.00239655, 4.74106e-11), (-0.00239655, 4.7413e-11), (0.0173978, 4.74118e-11), (-0.88867, 4.74122e-11), (0.901525, 0.0489013) ]
Média: 0.975617
Melhor (0.999994): (-0.00239655, 4.74103e-11)
Pior (0.383815): (0.901525, 0.0489013)

<------Geração 163------>

[ (-0.00239655, 4.74134e-11), (-0.00239655, 4.74117e-11), (-0.00239655, 4.74103e-11), (-0.00239655, 4.74097e-11), (-0.00239655, 4.74127e-11), (-0.00239655, 4.74129e-11), (-0.00239655, 4.74116e-11), (-0.00239655, 4.74119e-11), (-0.00239655, 4.74135e-11), (-0.00239655, 4.74111e-11), (-0.00239655, 4.7411e-11), (-0.00239655, 4.74126e-11), (-0.00239655, 4.74099e-11), (-0.00239655, 4.74111e-11), (-0.00239655, 4.74121e-11), (-0.00239655, 4.74104e-11), (-0.00239655, 4.74125e-11), (-0.00239655, 4.74091e-11), (-0.00239655, 4.74107e-11), (-0.00239655, 4.74089e-11), (-0.00239655, 4.74119e-11), (-0.00239655, 4.74116e-11), (-0.00239655, 4.7413e-11), (-0.00239655, 4.74115e-11), (-0.00239655, 4.74105e-11), (-0.00239655, 4.7409e-11), (-0.00239655, 4.74093e-11), (-0.00239655, 4.74116e-11), (-0.00239655, 4.74104e-11), (-0.00239655, 4.74133e-11), (-0.00239655, 4.74129e-11), (-0.00239655, 4.74119e-11), (-0.00239655, 4.74128e-11), (-0.00239655, 4.74128e-11), (-0.00239655, 4.74132e-11), (-0.00239655, 4.74119e-11), (-0.00239655, 4.74109e-11), (-0.00239655, 4.74142e-11), (-0.00239655, 4.74123e-11), (-0.00239655, 4.741e-11), (-0.00239655, 4.74111e-11), (-0.00239655, 4.741e-11), (-0.00239655, 4.74131e-11), (-0.00239655, 4.74109e-11), (-0.00239655, 4.74112e-11), (-0.00239655, 4.74106e-11), (-0.00239655, -0.0459816), (-0.00239655, -0.267681), (-0.00239655, -0.271512), (-0.695643, 4.74094e-11) ]
Média: 0.988896
Melhor (0.999994): (-0.00239655, 4.74134e-11)
Pior (0.589188): (-0.695643, 4.74094e-11)

<------Geração 164------>

[ (-0.00239655, 4.74121e-11), (-0.00239655, 4.74134e-11), (-0.00239655, 4.74128e-11), (-0.00239655, 4.74101e-11), (-0.00239655, 4.74104e-11), (-0.00239655, 4.74114e-11), (-0.00239655, 4.74131e-11), (-0.00239655, 4.74113e-11), (-0.00239655, 4.74119e-11), (-0.00239655, 4.74114e-11), (-0.00239655, 4.74133e-11), (-0.00239655, 4.74118e-11), (-0.00239655, 4.74125e-11), (-0.00239655, 4.74101e-11), (-0.00239655, 4.74113e-11), (-0.00239655, 4.7412e-11), (-0.00239655, 4.74118e-11), (-0.00239655, 4.74108e-11), (-0.00239655, 4.74103e-11), (-0.00239655, 4.74111e-11), (-0.00239655, 4.74121e-11), (-0.00239655, 4.74128e-11), (-0.00239655, 4.74112e-11), (-0.00239655, 4.74113e-11), (-0.00239655, 4.74115e-11), (-0.00239655, 4.74117e-11), (-0.00239655, 4.74109e-11), (-0.00239655, 4.74121e-11), (-0.00239655, 4.74096e-11), (-0.00239655, 4.74107e-11), (-0.00239655, 4.74128e-11), (-0.00239655, 4.74098e-11), (-0.00239655, 4.74104e-11), (-0.00239655, 4.74108e-11), (-0.00239655, 4.74132e-11), (-0.00239655, 4.74105e-11), (-0.00239655, 4.74115e-11), (-0.00239655, 4.74113e-11), (-0.00239655, 4.74111e-11), (-0.00239655, 4.74124e-11), (-0.00239655, 4.74107e-11), (-0.00239655, 4.74127e-11), (-0.00239655, 4.74129e-11), (-0.00239655, 4.74126e-11), (-0.00239655, 4.74131e-11), (-0.129635, 4.74115e-11), (-0.249092, 4.74123e-11), (0.32622, 4.74098e-11), (-0.618464, 0.297009), (0.818414, 4.741e-11) ]
Média: 0.9777
Melhor (0.999994): (-0.00239655, 4.74121e-11)
Pior (0.467052): (0.818414, 4.741e-11)

<------Geração 165------>

[ (-0.00239655, 4.74124e-11), (-0.00239655, 4.74118e-11), (-0.00239655, 4.74121e-11), (-0.00239655, 4.74122e-11), (-0.00239655, 4.74121e-11), (-0.00239655, 4.7411e-11), (-0.00239655, 4.74111e-11), (-0.00239655, 4.74106e-11), (-0.00239655, 4.74129e-11), (-0.00239655, 4.74128e-11), (-0.00239655, 4.74126e-11), (-0.00239655, 4.74122e-11), (-0.00239655, 4.74114e-11), (-0.00239655, 4.74119e-11), (-0.00239655, 4.74107e-11), (-0.00239655, 4.74125e-11), (-0.00239655, 4.74115e-11), (-0.00239655, 4.7412e-11), (-0.00239655, 4.7411e-11), (-0.00239655, 4.74118e-11), (-0.00239655, 4.74122e-11), (-0.00239655, 4.74112e-11), (-0.00239655, 4.74108e-11), (-0.00239655, 4.74113e-11), (-0.00239655, 4.74102e-11), (-0.00239655, 4.74134e-11), (-0.00239655, 4.74122e-11), (-0.00239655, 4.74128e-11), (-0.00239655, 4.74125e-11), (-0.00239655, 4.7413e-11), (-0.00239655, 4.74101e-11), (-0.00239655, 4.74122e-11), (-0.00239655, 4.74104e-11), (-0.00239655, 4.74114e-11), (-0.00239655, 4.74118e-11), (-0.00239655, 4.74106e-11), (-0.00239655, 4.74131e-11), (-0.00239655, 4.74126e-11), (-0.00239655, 4.74125e-11), (-0.00239655, 4.74123e-11), (-0.00239655, 4.74104e-11), (-0.00239655, 4.74122e-11), (-0.00239655, 4.74122e-11), (-0.00239655, 4.74121e-11), (-0.00239655, 4.74114e-11), (-0.00239655, 0.386036), (-0.00239655, -0.638841), (-0.00239655, -0.680917), (-0.74486, 4.74123e-11), (-0.00239655, -0.800587) ]
Média: 0.962622
Melhor (0.999994): (-0.00239655, 4.74124e-11)
Pior (0.48483): (-0.00239655, -0.800587)

<------Geração 166------>

[ (-0.00239655, 4.74104e-11), (-0.00239655, 4.7411e-11), (-0.00239655, 4.74121e-11), (-0.00239655, 4.74118e-11), (-0.00239655, 4.74106e-11), (-0.00239655, 4.74122e-11), (-0.00239655, 4.74117e-11), (-0.00239655, 4.74113e-11), (-0.00239655, 4.74121e-11), (-0.00239655, 4.74109e-11), (-0.00239655, 4.74127e-11), (-0.00239655, 4.74107e-11), (-0.00239655, 4.74121e-11), (-0.00239655, 4.74118e-11), (-0.00239655, 4.74115e-11), (-0.00239655, 4.74128e-11), (-0.00239655, 4.74105e-11), (-0.00239655, 4.74132e-11), (-0.00239655, 4.74113e-11), (-0.00239655, 4.74112e-11), (-0.00239655, 4.74133e-11), (-0.00239655, 4.74111e-11), (-0.00239655, 4.74122e-11), (-0.00239655, 4.74114e-11), (-0.00239655, 4.74104e-11), (-0.00239655, 4.74114e-11), (-0.00239655, 4.74124e-11), (-0.00239655, 4.74117e-11), (-0.00239655, 4.74124e-11), (-0.00239655, 4.74124e-11), (-0.00239655, 4.74115e-11), (-0.00239655, 4.74125e-11), (-0.00239655, 4.74124e-11), (-0.00239655, 4.7412e-11), (-0.00239655, 4.74112e-11), (-0.00239655, 4.74121e-11), (-0.00239655, 4.7412e-11), (-0.00239655, 4.74114e-11), (-0.00239655, 4.74121e-11), (-0.00239655, 4.74126e-11), (-0.00239655, 4.74118e-11), (-0.00239655, 4.74124e-11), (-0.00239655, 4.74126e-11), (-0.00239655, 4.74117e-11), (-0.00239655, 4.74104e-11), (-0.00239655, 4.74122e-11), (-0.00239655, 0.145794), (0.317405, 4.74122e-11), (0.380563, 4.74112e-11), (-0.798934, 4.74105e-11) ]
Média: 0.98459
Melhor (0.999994): (-0.00239655, 4.74104e-11)
Pior (0.486483): (-0.798934, 4.74105e-11)

<------Geração 167------>

[ (-0.00239655, 4.74114e-11), (-0.00239655, 4.74116e-11), (-0.00239655, 4.74117e-11), (-0.00239655, 4.74118e-11), (-0.00239655, 4.7412e-11), (-0.00239655, 4.74109e-11), (-0.00239655, 4.74114e-11), (-0.00239655, 4.74105e-11), (-0.00239655, 4.74118e-11), (-0.00239655, 4.74105e-11), (-0.00239655, 4.74119e-11), (-0.00239655, 4.74107e-11), (-0.00239655, 4.7411e-11), (-0.00239655, 4.74114e-11), (-0.00239655, 4.74122e-11), (-0.00239655, 4.74113e-11), (-0.00239655, 4.74124e-11), (-0.00239655, 4.74121e-11), (-0.00239655, 4.74115e-11), (-0.00239655, 4.74117e-11), (-0.00239655, 4.74122e-11), (-0.00239655, 4.74118e-11), (-0.00239655, 4.74124e-11), (-0.00239655, 4.74126e-11), (-0.00239655, 4.74112e-11), (-0.00239655, 4.74104e-11), (-0.00239655, 4.74116e-11), (-0.00239655, 4.74106e-11), (-0.00239655, 4.74121e-11), (-0.00239655, 4.74118e-11), (-0.00239655, 4.74118e-11), (-0.00239655, 4.74114e-11), (-0.00239655, 4.74125e-11), (-0.00239655, 4.74116e-11), (-0.00239655, 4.74114e-11), (-0.00239655, 4.74117e-11), (-0.00239655, 4.74114e-11), (-0.00239655, 4.74123e-11), (-0.00239655, 4.74121e-11), (-0.00239655, 4.74114e-11), (-0.00239655, 4.74117e-11), (-0.00239655, 4.74126e-11), (-0.00239655, 4.7412e-11), (-0.00239655, 4.74118e-11), (-0.00239655, 4.74127e-11), (-0.264925, 4.74128e-11), (-0.00239655, 0.297839), (0.318289, 4.74113e-11), (-0.322977, 4.74125e-11), (-0.00239655, 0.748562) ]
Média: 0.983657
Melhor (0.999994): (-0.00239655, 4.74114e-11)
Pior (0.536757): (-0.00239655, 0.748562)

<------Geração 168------>

[ (-0.00239655, 4.7411e-11), (-0.00239655, 4.74114e-11), (-0.00239655, 4.74114e-11), (-0.00239655, 4.74125e-11), (-0.00239655, 4.74111e-11), (-0.00239655, 4.74112e-11), (-0.00239655, 4.74118e-11), (-0.00239655, 4.7411e-11), (-0.00239655, 4.74119e-11), (-0.00239655, 4.74113e-11), (-0.00239655, 4.74118e-11), (-0.00239655, 4.74116e-11), (-0.00239655, 4.74106e-11), (-0.00239655, 4.74114e-11), (-0.00239655, 4.74109e-11), (-0.00239655, 4.74125e-11), (-0.00239655, 4.74118e-11), (-0.00239655, 4.7412e-11), (-0.00239655, 4.74118e-11), (-0.00239655, 4.74123e-11), (-0.00239655, 4.74126e-11), (-0.00239655, 4.74114e-11), (-0.00239655, 4.74116e-11), (-0.00239655, 4.74117e-11), (-0.00239655, 4.74117e-11), (-0.00239655, 4.74116e-11), (-0.00239655, 4.74118e-11), (-0.00239655, 4.74123e-11), (-0.00239655, 4.74123e-11), (-0.00239655, 4.7412e-11), (-0.00239655, 4.74118e-11), (-0.00239655, 4.74116e-11), (-0.00239655, 4.74116e-11), (-0.00239655, 4.74121e-11), (-0.00239655, 4.74119e-11), (-0.00239655, 4.74121e-11), (-0.00239655, 4.74121e-11), (-0.00239655, 4.74105e-11), (-0.00239655, 4.74112e-11), (-0.00239655, 4.7412e-11), (-0.00239655, 4.7412e-11), (-0.00239655, 4.7412e-11), (-0.00239655, 4.7412e-11), (-0.00239655, 4.74113e-11), (-0.00239655, 0.0356842), (-0.156479, 4.74123e-11), (-0.00239655, 0.325595), (0.418596, 4.74107e-11), (-0.00239655, -0.454212), (-0.00239655, 0.547492) ]
Média: 0.984853
Melhor (0.999994): (-0.00239655, 4.7411e-11)
Pior (0.728889): (-0.00239655, 0.547492)

<------Geração 169------>

[ (-0.00239655, 4.74117e-11), (-0.00239655, 4.74117e-11), (-0.00239655, 4.74117e-11), (-0.00239655, 4.74117e-11), (-0.00239655, 4.74116e-11), (-0.00239655, 4.74112e-11), (-0.00239655, 4.74112e-11), (-0.00239655, 4.74116e-11), (-0.00239655, 4.7412e-11), (-0.00239655, 4.74112e-11), (-0.00239655, 4.74119e-11), (-0.00239655, 4.74125e-11), (-0.00239655, 4.74114e-11), (-0.00239655, 4.74122e-11), (-0.00239655, 4.74117e-11), (-0.00239655, 4.74115e-11), (-0.00239655, 4.74116e-11), (-0.00239655, 4.74119e-11), (-0.00239655, 4.74117e-11), (-0.00239655, 4.7412e-11), (-0.00239655, 4.74117e-11), (-0.00239655, 4.74121e-11), (-0.00239655, 4.7412e-11), (-0.00239655, 4.7412e-11), (-0.00239655, 4.74123e-11), (-0.00239655, 4.7411e-11), (-0.00239655, 4.74122e-11), (-0.00239655, 4.74113e-11), (-0.00239655, 4.74116e-11), (-0.00239655, 4.74107e-11), (-0.00239655, 4.74114e-11), (-0.00239655, 4.74124e-11), (-0.00239655, 4.74118e-11), (-0.00239655, 4.74114e-11), (-0.00239655, 4.74116e-11), (-0.00239655, 4.74117e-11), (-0.00239655, 4.74116e-11), (-0.00239655, 4.74108e-11), (-0.00239655, 4.74115e-11), (-0.00239655, 4.74118e-11), (-0.00239655, 4.74115e-11), (-0.00239655, 4.74116e-11), (-0.00239655, 4.74114e-11), (-0.00239655, 4.74123e-11), (-0.00239655, 4.74115e-11), (-0.00239655, 4.74117e-11), (-0.00239655, 4.74115e-11), (-0.216176, 4.7411e-11), (-0.00239655, 0.33758), (0.49313, 4.74115e-11) ]
Média: 0.992393
Melhor (0.999994): (-0.00239655, 4.74117e-11)
Pior (0.775772): (0.49313, 4.74115e-11)

<------Geração 170------>

[ (-0.00239655, 4.74114e-11), (-0.00239655, 4.74117e-11), (-0.00239655, 4.74117e-11), (-0.00239655, 4.74115e-11), (-0.00239655, 4.74113e-11), (-0.00239655, 4.74113e-11), (-0.00239655, 4.74118e-11), (-0.00239655, 4.74115e-11), (-0.00239655, 4.74117e-11), (-0.00239655, 4.74107e-11), (-0.00239655, 4.74118e-11), (-0.00239655, 4.74121e-11), (-0.00239655, 4.74122e-11), (-0.00239655, 4.7412e-11), (-0.00239655, 4.74115e-11), (-0.00239655, 4.74116e-11), (-0.00239655, 4.74117e-11), (-0.00239655, 4.74118e-11), (-0.00239655, 4.74116e-11), (-0.00239655, 4.74115e-11), (-0.00239655, 4.74119e-11), (-0.00239655, 4.74116e-11), (-0.00239655, 4.74113e-11), (-0.00239655, 4.74119e-11), (-0.00239655, 4.74117e-11), (-0.00239655, 4.74117e-11), (-0.00239655, 4.74119e-11), (-0.00239655, 4.74117e-11), (-0.00239655, 4.74121e-11), (-0.00239655, 4.74117e-11), (-0.00239655, 4.7412e-11), (-0.00239655, 4.74124e-11), (-0.00239655, 4.74123e-11), (-0.00239655, 4.74113e-11), (-0.00239655, 4.74116e-11), (-0.00239655, 4.74119e-11), (-0.00239655, 4.74119e-11), (-0.00239655, 4.74114e-11), (-0.00239655, 4.74121e-11), (-0.00239655, 4.74113e-11), (-0.00239655, 4.74122e-11), (-0.00239655, 4.74117e-11), (-0.00239655, 4.7412e-11), (-0.00239655, 4.74117e-11), (-0.00239655, 4.74116e-11), (-0.0259232, 4.74118e-11), (-0.00239655, -0.314709), (0.362307, 4.74116e-11), (-0.00239655, -0.495863), (-0.00239655, -0.505216) ]
Média: 0.986331
Melhor (0.999994): (-0.00239655, 4.74114e-11)
Pior (0.765607): (-0.00239655, -0.505216)

<------Geração 171------>

[ (-0.00239655, 4.74122e-11), (-0.00239655, 4.74118e-11), (-0.00239655, 4.74114e-11), (-0.00239655, 4.74118e-11), (-0.00239655, 4.74118e-11), (-0.00239655, 4.74119e-11), (-0.00239655, 4.74117e-11), (-0.00239655, 4.74121e-11), (-0.00239655, 4.74115e-11), (-0.00239655, 4.74117e-11), (-0.00239655, 4.74113e-11), (-0.00239655, 4.74117e-11), (-0.00239655, 4.74117e-11), (-0.00239655, 4.74119e-11), (-0.00239655, 4.74118e-11), (-0.00239655, 4.74116e-11), (-0.00239655, 4.74117e-11), (-0.00239655, 4.74117e-11), (-0.00239655, 4.74115e-11), (-0.00239655, 4.74119e-11), (-0.00239655, 4.74119e-11), (-0.00239655, 4.74119e-11), (-0.00239655, 4.74114e-11), (-0.00239655, 4.74116e-11), (-0.00239655, 4.74116e-11), (-0.00239655, 4.74114e-11), (-0.00239655, 4.74114e-11), (-0.00239655, 4.74115e-11), (-0.00239655, 4.74117e-11), (-0.00239655, 4.74113e-11), (-0.00239655, 4.74114e-11), (-0.00239655, 4.74119e-11), (-0.00239655, 4.74115e-11), (-0.00239655, 4.74117e-11), (-0.00239655, 4.74119e-11), (-0.00239655, 4.74111e-11), (-0.00239655, 4.74121e-11), (-0.00239655, 4.74108e-11), (-0.00239655, 4.74118e-11), (-0.00239655, 4.74116e-11), (-0.00239655, 4.74117e-11), (-0.00239655, 4.74113e-11), (-0.00239655, 4.74117e-11), (-0.00239655, 4.74119e-11), (-0.00239655, 4.74117e-11), (-0.454161, 0.241023), (-0.00239655, -0.586479), (0.673005, 4.74117e-11), (-0.00239655, -0.775891), (-0.00239655, -1.06309) ]
Média: 0.956182
Melhor (0.999994): (-0.00239655, 4.74122e-11)
Pior (0.236954): (-0.00239655, -1.06309)

<------Geração 172------>

[ (-0.00239655, 4.74115e-11), (-0.00239655, 4.74115e-11), (-0.00239655, 4.74117e-11), (-0.00239655, 4.74122e-11), (-0.00239655, 4.74117e-11), (-0.00239655, 4.74118e-11), (-0.00239655, 4.74117e-11), (-0.00239655, 4.74114e-11), (-0.00239655, 4.74115e-11), (-0.00239655, 4.74116e-11), (-0.00239655, 4.74119e-11), (-0.00239655, 4.74116e-11), (-0.00239655, 4.74117e-11), (-0.00239655, 4.74118e-11), (-0.00239655, 4.74118e-11), (-0.00239655, 4.74118e-11), (-0.00239655, 4.74118e-11), (-0.00239655, 4.74114e-11), (-0.00239655, 4.74119e-11), (-0.00239655, 4.74117e-11), (-0.00239655, 4.74116e-11), (-0.00239655, 4.74119e-11), (-0.00239655, 4.7412e-11), (-0.00239655, 4.74114e-11), (-0.00239655, 4.74118e-11), (-0.00239655, 4.74116e-11), (-0.00239655, 4.74117e-11), (-0.00239655, 4.7412e-11), (-0.00239655, 4.74118e-11), (-0.00239655, 4.74116e-11), (-0.00239655, 4.74115e-11), (-0.00239655, 4.74116e-11), (-0.00239655, 4.74116e-11), (-0.00239655, 4.74112e-11), (-0.00239655, 4.74117e-11), (-0.00239655, 4.74117e-11), (-0.00239655, 4.74117e-11), (-0.00239655, 4.74115e-11), (-0.00239655, 4.74118e-11), (-0.00239655, 4.74118e-11), (-0.00239655, 4.74122e-11), (-0.00239655, 4.74115e-11), (-0.00239655, 4.74118e-11), (-0.00239655, 4.74114e-11), (-0.219139, 4.74118e-11), (-0.300236, 4.74116e-11), (0.42867, 4.74118e-11), (0.435796, 4.74116e-11), (-0.00239655, -0.687076), (-0.00239655, 0.995534) ]
Média: 0.968154
Melhor (0.999994): (-0.00239655, 4.74115e-11)
Pior (0.296397): (-0.00239655, 0.995534)

<------Geração 173------>

[ (-0.00239655, 4.74115e-11), (-0.00239655, 4.74116e-11), (-0.00239655, 4.74115e-11), (-0.00239655, 4.74118e-11), (-0.00239655, 4.74114e-11), (-0.00239655, 4.74117e-11), (-0.00239655, 4.74118e-11), (-0.00239655, 4.74117e-11), (-0.00239655, 4.74115e-11), (-0.00239655, 4.74117e-11), (-0.00239655, 4.74119e-11), (-0.00239655, 4.74118e-11), (-0.00239655, 4.74119e-11), (-0.00239655, 4.74117e-11), (-0.00239655, 4.74117e-11), (-0.00239655, 4.74117e-11), (-0.00239655, 4.74115e-11), (-0.00239655, 4.74118e-11), (-0.00239655, 4.74117e-11), (-0.00239655, 4.74117e-11), (-0.00239655, 4.74119e-11), (-0.00239655, 4.74117e-11), (-0.00239655, 4.74117e-11), (-0.00239655, 4.74115e-11), (-0.00239655, 4.74115e-11), (-0.00239655, 4.74113e-11), (-0.00239655, 4.74118e-11), (-0.00239655, 4.7412e-11), (-0.00239655, 4.74116e-11), (-0.00239655, 4.74118e-11), (-0.00239655, 4.74121e-11), (-0.00239655, 4.74116e-11), (-0.00239655, 4.74117e-11), (-0.00239655, 4.74118e-11), (-0.00239655, 4.74115e-11), (-0.00239655, 4.74116e-11), (-0.00239655, 4.74117e-11), (-0.00239655, 4.74118e-11), (-0.00239655, 4.74117e-11), (-0.00239655, 4.7412e-11), (-0.00239655, 4.74118e-11), (-0.00239655, 4.74118e-11), (-0.00239655, 4.74115e-11), (-0.00239655, 4.74116e-11), (-0.00239655, 4.74117e-11), (-0.00239655, 4.74118e-11), (-0.00239655, -0.280953), (-0.00239655, 0.32806), (0.841344, 4.74115e-11), (-1.11192, 4.74116e-11) ]
Média: 0.969201
Melhor (0.999994): (-0.00239655, 4.74115e-11)
Pior (0.196949): (-1.11192, 4.74116e-11)

<------Geração 174------>

[ (-0.00239655, 4.74118e-11), (-0.00239655, 4.74117e-11), (-0.00239655, 4.74115e-11), (-0.00239655, 4.74118e-11), (-0.00239655, 4.74116e-11), (-0.00239655, 4.74119e-11), (-0.00239655, 4.74117e-11), (-0.00239655, 4.74116e-11), (-0.00239655, 4.74117e-11), (-0.00239655, 4.74118e-11), (-0.00239655, 4.74116e-11), (-0.00239655, 4.74117e-11), (-0.00239655, 4.74118e-11), (-0.00239655, 4.74117e-11), (-0.00239655, 4.74118e-11), (-0.00239655, 4.74117e-11), (-0.00239655, 4.74119e-11), (-0.00239655, 4.74117e-11), (-0.00239655, 4.74117e-11), (-0.00239655, 4.74118e-11), (-0.00239655, 4.74115e-11), (-0.00239655, 4.74117e-11), (-0.00239655, 4.74116e-11), (-0.00239655, 4.74117e-11), (-0.00239655, 4.74118e-11), (-0.00239655, 4.74116e-11), (-0.00239655, 4.74116e-11), (-0.00239655, 4.74117e-11), (-0.00239655, 4.74116e-11), (-0.00239655, 4.74118e-11), (-0.00239655, 4.74117e-11), (-0.00239655, 4.74119e-11), (-0.00239655, 4.74117e-11), (-0.00239655, 4.74116e-11), (-0.00239655, 4.74118e-11), (-0.00239655, 4.74117e-11), (-0.00239655, 4.74118e-11), (-0.00239655, 4.74116e-11), (-0.00239655, 4.74117e-11), (-0.00239655, 4.74117e-11), (-0.00239655, 4.74116e-11), (-0.00239655, 4.74119e-11), (-0.00239655, 4.74117e-11), (-0.00239655, 4.74118e-11), (-0.00239655, -0.189786), (-0.199963, 4.74118e-11), (0.24634, 4.74117e-11), (-0.00239655, -0.341907), (-0.00239655, -0.479447), (-0.00239655, -0.579756) ]
Média: 0.984789
Melhor (0.999994): (-0.00239655, 4.74118e-11)
Pior (0.699754): (-0.00239655, -0.579756)

<------Geração 175------>

[ (-0.00239655, 4.74118e-11), (-0.00239655, 4.74116e-11), (-0.00239655, 4.74118e-11), (-0.00239655, 4.74118e-11), (-0.00239655, 4.74118e-11), (-0.00239655, 4.74116e-11), (-0.00239655, 4.74116e-11), (-0.00239655, 4.74117e-11), (-0.00239655, 4.74117e-11), (-0.00239655, 4.74117e-11), (-0.00239655, 4.74117e-11), (-0.00239655, 4.74118e-11), (-0.00239655, 4.74116e-11), (-0.00239655, 4.74118e-11), (-0.00239655, 4.74118e-11), (-0.00239655, 4.74117e-11), (-0.00239655, 4.74117e-11), (-0.00239655, 4.74118e-11), (-0.00239655, 4.74119e-11), (-0.00239655, 4.74115e-11), (-0.00239655, 4.74117e-11), (-0.00239655, 4.74117e-11), (-0.00239655, 4.74117e-11), (-0.00239655, 4.74118e-11), (-0.00239655, 4.74117e-11), (-0.00239655, 4.74117e-11), (-0.00239655, 4.74118e-11), (-0.00239655, 4.74118e-11), (-0.00239655, 4.74119e-11), (-0.00239655, 4.74117e-11), (-0.00239655, 4.74118e-11), (-0.00239655, 4.74116e-11), (-0.00239655, 4.74117e-11), (-0.00239655, 4.74117e-11), (-0.00239655, 4.74118e-11), (-0.00239655, 4.74118e-11), (-0.00239655, 4.74117e-11), (-0.00239655, 4.74118e-11), (-0.00239655, 4.74117e-11), (-0.00239655, 4.74117e-11), (-0.00239655, 4.74117e-11), (-0.00239655, 4.74117e-11), (-0.00239655, 0.189976), (-0.00239655, -0.220015), (-0.22779, 4.74118e-11), (0.282693, 4.74117e-11), (-0.33809, 4.74118e-11), (0.419521, 4.74118e-11), (-0.00239655, 0.874039), (1.11406, 4.74119e-11) ]
Média: 0.962371
Melhor (0.999994): (-0.00239655, 4.74118e-11)
Pior (0.195259): (1.11406, 4.74119e-11)

<------Geração 176------>

[ (-0.00239655, 4.74117e-11), (-0.00239655, 4.74118e-11), (-0.00239655, 4.74118e-11), (-0.00239655, 4.74118e-11), (-0.00239655, 4.74117e-11), (-0.00239655, 4.74117e-11), (-0.00239655, 4.74117e-11), (-0.00239655, 4.74118e-11), (-0.00239655, 4.74118e-11), (-0.00239655, 4.74118e-11), (-0.00239655, 4.74118e-11), (-0.00239655, 4.74116e-11), (-0.00239655, 4.74118e-11), (-0.00239655, 4.74117e-11), (-0.00239655, 4.74117e-11), (-0.00239655, 4.74116e-11), (-0.00239655, 4.74118e-11), (-0.00239655, 4.74117e-11), (-0.00239655, 4.74118e-11), (-0.00239655, 4.74117e-11), (-0.00239655, 4.74118e-11), (-0.00239655, 4.74118e-11), (-0.00239655, 4.74116e-11), (-0.00239655, 4.74118e-11), (-0.00239655, 4.74119e-11), (-0.00239655, 4.74117e-11), (-0.00239655, 4.74117e-11), (-0.00239655, 4.74117e-11), (-0.00239655, 4.74117e-11), (-0.00239655, 4.74117e-11), (-0.00239655, 4.74117e-11), (-0.00239655, 4.74119e-11), (-0.00239655, 4.74118e-11), (-0.00239655, 4.74117e-11), (-0.00239655, 4.74116e-11), (-0.00239655, 4.74116e-11), (-0.00239655, 4.74118e-11), (-0.00239655, 4.74118e-11), (-0.00239655, 4.74117e-11), (-0.00239655, 4.74117e-11), (-0.0105295, 4.74117e-11), (-0.00239655, 0.110156), (-0.173996, 4.74118e-11), (0.437928, 4.74118e-11), (-0.00239655, 0.471503), (-0.00239655, 0.569433), (-0.00239655, 0.599388), (-0.00239655, 0.602123), (-0.598104, 0.0812073), (-0.99037, 4.74117e-11) ]
Média: 0.952396
Melhor (0.999994): (-0.00239655, 4.74117e-11)
Pior (0.301112): (-0.99037, 4.74117e-11)

<------Geração 177------>

[ (-0.00239655, 4.74117e-11), (-0.00239655, 4.74117e-11), (-0.00239655, 4.74117e-11), (-0.00239655, 4.74118e-11), (-0.00239655, 4.74117e-11), (-0.00239655, 4.74118e-11), (-0.00239655, 4.74118e-11), (-0.00239655, 4.74118e-11), (-0.00239655, 4.74118e-11), (-0.00239655, 4.74117e-11), (-0.00239655, 4.74116e-11), (-0.00239655, 4.74117e-11), (-0.00239655, 4.74117e-11), (-0.00239655, 4.74118e-11), (-0.00239655, 4.74118e-11), (-0.00239655, 4.74117e-11), (-0.00239655, 4.74118e-11), (-0.00239655, 4.74118e-11), (-0.00239655, 4.74118e-11), (-0.00239655, 4.74117e-11), (-0.00239655, 4.74117e-11), (-0.00239655, 4.74118e-11), (-0.00239655, 4.74117e-11), (-0.00239655, 4.74118e-11), (-0.00239655, 4.74117e-11), (-0.00239655, 4.74118e-11), (-0.00239655, 4.74117e-11), (-0.00239655, 4.74117e-11), (-0.00239655, 4.74117e-11), (-0.00239655, 4.74118e-11), (-0.00239655, 4.74117e-11), (-0.00239655, 4.74117e-11), (-0.00239655, 4.74117e-11), (-0.00239655, 4.74118e-11), (-0.00239655, 4.74117e-11), (-0.00239655, 4.74117e-11), (-0.00239655, 4.74117e-11), (-0.00239655, 4.74118e-11), (-0.00239655, 4.74117e-11), (-0.00239655, 4.74118e-11), (-0.00239655, 4.74117e-11), (-0.00239655, 4.74118e-11), (-0.00239655, 4.74118e-11), (-0.00239655, 4.74117e-11), (-0.00239655, 4.74117e-11), (-0.00239655, 4.74117e-11), (-0.00239655, 4.74117e-11), (-0.124927, 4.74117e-11), (-0.158994, 4.74118e-11), (-0.00239655, 0.399692) ]
Média: 0.996151
Melhor (0.999994): (-0.00239655, 4.74117e-11)
Pior (0.848458): (-0.00239655, 0.399692)

<------Geração 178------>

[ (-0.00239655, 4.74117e-11), (-0.00239655, 4.74117e-11), (-0.00239655, 4.74117e-11), (-0.00239655, 4.74117e-11), (-0.00239655, 4.74118e-11), (-0.00239655, 4.74117e-11), (-0.00239655, 4.74118e-11), (-0.00239655, 4.74118e-11), (-0.00239655, 4.74117e-11), (-0.00239655, 4.74117e-11), (-0.00239655, 4.74118e-11), (-0.00239655, 4.74118e-11), (-0.00239655, 4.74117e-11), (-0.00239655, 4.74118e-11), (-0.00239655, 4.74118e-11), (-0.00239655, 4.74117e-11), (-0.00239655, 4.74118e-11), (-0.00239655, 4.74118e-11), (-0.00239655, 4.74116e-11), (-0.00239655, 4.74117e-11), (-0.00239655, 4.74117e-11), (-0.00239655, 4.74118e-11), (-0.00239655, 4.74117e-11), (-0.00239655, 4.74117e-11), (-0.00239655, 4.74117e-11), (-0.00239655, 4.74117e-11), (-0.00239655, 4.74117e-11), (-0.00239655, 4.74118e-11), (-0.00239655, 4.74118e-11), (-0.00239655, 4.74117e-11), (-0.00239655, 4.74117e-11), (-0.00239655, 4.74117e-11), (-0.00239655, 4.74117e-11), (-0.00239655, 4.74118e-11), (-0.00239655, 4.74117e-11), (-0.00239655, 4.74118e-11), (-0.00239655, 4.74117e-11), (-0.00239655, 4.74118e-11), (-0.00239655, 4.74117e-11), (-0.00239655, 4.74117e-11), (-0.00239655, 4.74118e-11), (-0.00239655, 4.74117e-11), (-0.00239655, 4.74118e-11), (-0.0976634, 4.74117e-11), (-0.00239655, -0.13989), (-0.279267, 4.74117e-11), (0.553125, 4.74117e-11), (-0.00239655, -1.10854), (-0.00239655, -1.36682), (-0.00239655, -1.68091) ]
Média: 0.937516
Melhor (0.999994): (-0.00239655, 4.74117e-11)
Pior (0.0148226): (-0.00239655, -1.68091)

<------Geração 179------>

[ (-0.00239655, 4.74117e-11), (-0.00239655, 4.74117e-11), (-0.00239655, 4.74118e-11), (-0.00239655, 4.74118e-11), (-0.00239655, 4.74117e-11), (-0.00239655, 4.74117e-11), (-0.00239655, 4.74117e-11), (-0.00239655, 4.74117e-11), (-0.00239655, 4.74117e-11), (-0.00239655, 4.74117e-11), (-0.00239655, 4.74118e-11), (-0.00239655, 4.74117e-11), (-0.00239655, 4.74117e-11), (-0.00239655, 4.74118e-11), (-0.00239655, 4.74117e-11), (-0.00239655, 4.74118e-11), (-0.00239655, 4.74118e-11), (-0.00239655, 4.74118e-11), (-0.00239655, 4.74117e-11), (-0.00239655, 4.74117e-11), (-0.00239655, 4.74118e-11), (-0.00239655, 4.74118e-11), (-0.00239655, 4.74117e-11), (-0.00239655, 4.74117e-11), (-0.00239655, 4.74117e-11), (-0.00239655, 4.74118e-11), (-0.00239655, 4.74117e-11), (-0.00239655, 4.74118e-11), (-0.00239655, 4.74117e-11), (-0.00239655, 4.74118e-11), (-0.00239655, 4.74117e-11), (-0.00239655, 4.74118e-11), (-0.00239655, 4.74117e-11), (-0.00239655, 4.74117e-11), (-0.00239655, 4.74117e-11), (-0.00239655, 4.74118e-11), (-0.00239655, 4.74117e-11), (-0.00239655, 4.74118e-11), (-0.00239655, 4.74118e-11), (-0.00239655, 4.74118e-11), (-0.00239655, 4.74117e-11), (-0.00239655, 4.74117e-11), (-0.00239655, 4.74117e-11), (-0.0618042, 4.74117e-11), (-0.0870363, 4.74118e-11), (-0.149029, 4.74117e-11), (-0.00239655, -0.26659), (-0.00239655, -0.42731), (-0.575806, 4.74117e-11), (-0.931612, 4.74117e-11) ]
Média: 0.975689
Melhor (0.999994): (-0.00239655, 4.74117e-11)
Pior (0.356111): (-0.931612, 4.74117e-11)

<------Geração 180------>

[ (-0.00239655, 4.74117e-11), (-0.00239655, 4.74117e-11), (-0.00239655, 4.74117e-11), (-0.00239655, 4.74118e-11), (-0.00239655, 4.74117e-11), (-0.00239655, 4.74117e-11), (-0.00239655, 4.74117e-11), (-0.00239655, 4.74118e-11), (-0.00239655, 4.74118e-11), (-0.00239655, 4.74117e-11), (-0.00239655, 4.74117e-11), (-0.00239655, 4.74118e-11), (-0.00239655, 4.74118e-11), (-0.00239655, 4.74118e-11), (-0.00239655, 4.74117e-11), (-0.00239655, 4.74117e-11), (-0.00239655, 4.74118e-11), (-0.00239655, 4.74118e-11), (-0.00239655, 4.74118e-11), (-0.00239655, 4.74117e-11), (-0.00239655, 4.74117e-11), (-0.00239655, 4.74118e-11), (-0.00239655, 4.74117e-11), (-0.00239655, 4.74118e-11), (-0.00239655, 4.74117e-11), (-0.00239655, 4.74118e-11), (-0.00239655, 4.74117e-11), (-0.00239655, 4.74117e-11), (-0.00239655, 4.74118e-11), (-0.00239655, 4.74117e-11), (-0.00239655, 4.74117e-11), (-0.00239655, 4.74117e-11), (-0.00239655, 4.74117e-11), (-0.00239655, 4.74118e-11), (-0.00239655, 4.74117e-11), (-0.00239655, 4.74118e-11), (-0.00239655, 4.74118e-11), (-0.00239655, 4.74118e-11), (-0.00239655, 4.74118e-11), (-0.00239655, 4.74117e-11), (-0.00239655, 4.74117e-11), (-0.00239655, 4.74117e-11), (-0.00239655, 4.74117e-11), (-0.00239655, 4.74117e-11), (-0.0451072, 4.74117e-11), (0.120356, 4.74117e-11), (-0.123435, 4.74118e-11), (-0.00239655, -0.250764), (-0.00239655, 0.389603), (-0.542302, 4.74118e-11) ]
Média: 0.989912
Melhor (0.999994): (-0.00239655, 4.74117e-11)
Pior (0.733494): (-0.542302, 4.74118e-11)

<------Geração 181------>

[ (-0.00239655, 4.74117e-11), (-0.00239655, 4.74117e-11), (-0.00239655, 4.74118e-11), (-0.00239655, 4.74117e-11), (-0.00239655, 4.74117e-11), (-0.00239655, 4.74118e-11), (-0.00239655, 4.74117e-11), (-0.00239655, 4.74117e-11), (-0.00239655, 4.74117e-11), (-0.00239655, 4.74117e-11), (-0.00239655, 4.74117e-11), (-0.00239655, 4.74117e-11), (-0.00239655, 4.74118e-11), (-0.00239655, 4.74117e-11), (-0.00239655, 4.74117e-11), (-0.00239655, 4.74117e-11), (-0.00239655, 4.74117e-11), (-0.00239655, 4.74118e-11), (-0.00239655, 4.74117e-11), (-0.00239655, 4.74117e-11), (-0.00239655, 4.74117e-11), (-0.00239655, 4.74117e-11), (-0.00239655, 4.74117e-11), (-0.00239655, 4.74117e-11), (-0.00239655, 4.74117e-11), (-0.00239655, 4.74117e-11), (-0.00239655, 4.74117e-11), (-0.00239655, 4.74117e-11), (-0.00239655, 4.74118e-11), (-0.00239655, 4.74118e-11), (-0.00239655, 4.74118e-11), (-0.00239655, 4.74118e-11), (-0.00239655, 4.74117e-11), (-0.00239655, 4.74117e-11), (-0.00239655, 4.74118e-11), (-0.00239655, 4.74118e-11), (-0.00239655, 4.74118e-11), (-0.00239655, 4.74118e-11), (-0.00239655, 4.74117e-11), (-0.00239655, 4.74118e-11), (-0.00239655, 4.74118e-11), (-0.00239655, 4.74117e-11), (-0.00239655, 4.74117e-11), (-0.00239655, 4.74117e-11), (-0.00239655, 4.74117e-11), (0.0582709, 4.74118e-11), (-0.00239655, -0.269306), (-0.00239655, 0.413397), (-0.00239655, 0.503123), (-0.00239655, 0.695843) ]
Média: 0.982407
Melhor (0.999994): (-0.00239655, 4.74117e-11)
Pior (0.588987): (-0.00239655, 0.695843)

<------Geração 182------>

[ (-0.00239655, 4.74117e-11), (-0.00239655, 4.74118e-11), (-0.00239655, 4.74117e-11), (-0.00239655, 4.74117e-11), (-0.00239655, 4.74118e-11), (-0.00239655, 4.74117e-11), (-0.00239655, 4.74117e-11), (-0.00239655, 4.74117e-11), (-0.00239655, 4.74117e-11), (-0.00239655, 4.74117e-11), (-0.00239655, 4.74118e-11), (-0.00239655, 4.74117e-11), (-0.00239655, 4.74118e-11), (-0.00239655, 4.74117e-11), (-0.00239655, 4.74117e-11), (-0.00239655, 4.74117e-11), (-0.00239655, 4.74118e-11), (-0.00239655, 4.74117e-11), (-0.00239655, 4.74117e-11), (-0.00239655, 4.74117e-11), (-0.00239655, 4.74117e-11), (-0.00239655, 4.74117e-11), (-0.00239655, 4.74117e-11), (-0.00239655, 4.74117e-11), (-0.00239655, 4.74118e-11), (-0.00239655, 4.74117e-11), (-0.00239655, 4.74117e-11), (-0.00239655, 4.74117e-11), (-0.00239655, 4.74117e-11), (-0.00239655, 4.74117e-11), (-0.00239655, 4.74118e-11), (-0.00239655, 4.74117e-11), (-0.00239655, 4.74117e-11), (-0.00239655, 4.74117e-11), (-0.00239655, 4.74118e-11), (-0.00239655, 4.74117e-11), (-0.00239655, 4.74117e-11), (-0.00239655, 4.74118e-11), (-0.00239655, 4.74117e-11), (-0.00239655, 4.74118e-11), (-0.00239655, 4.74117e-11), (-0.00239655, 0.00767193), (0.0490195, 4.74117e-11), (-0.126888, 4.74118e-11), (0.252667, 4.74117e-11), (0.295154, 4.74118e-11), (-0.324563, 4.74117e-11), (-0.45041, 4.74117e-11), (-0.00239655, -1.06212), (1.34211, 4.74117e-11) ]
Média: 0.956668
Melhor (0.999994): (-0.00239655, 4.74117e-11)
Pior (0.053006): (1.34211, 4.74117e-11)

<------Geração 183------>

[ (-0.00239655, 4.74117e-11), (-0.00239655, 4.74117e-11), (-0.00239655, 4.74117e-11), (-0.00239655, 4.74117e-11), (-0.00239655, 4.74117e-11), (-0.00239655, 4.74117e-11), (-0.00239655, 4.74117e-11), (-0.00239655, 4.74117e-11), (-0.00239655, 4.74117e-11), (-0.00239655, 4.74117e-11), (-0.00239655, 4.74118e-11), (-0.00239655, 4.74117e-11), (-0.00239655, 4.74117e-11), (-0.00239655, 4.74117e-11), (-0.00239655, 4.74117e-11), (-0.00239655, 4.74117e-11), (-0.00239655, 4.74117e-11), (-0.00239655, 4.74118e-11), (-0.00239655, 4.74117e-11), (-0.00239655, 4.74117e-11), (-0.00239655, 4.74117e-11), (-0.00239655, 4.74117e-11), (-0.00239655, 4.74118e-11), (-0.00239655, 4.74117e-11), (-0.00239655, 4.74118e-11), (-0.00239655, 4.74117e-11), (-0.00239655, 4.74118e-11), (-0.00239655, 4.74117e-11), (-0.00239655, 4.74117e-11), (-0.00239655, 4.74117e-11), (-0.00239655, 4.74117e-11), (-0.00239655, 4.74118e-11), (-0.00239655, 4.74118e-11), (-0.00239655, 4.74118e-11), (-0.00239655, 4.74117e-11), (-0.00239655, 4.74117e-11), (-0.00239655, 4.74117e-11), (-0.00239655, 4.74118e-11), (-0.00239655, 4.74117e-11), (-0.00239655, 4.74117e-11), (-0.00239655, 4.74118e-11), (-0.00239655, 4.74117e-11), (-0.00239655, 4.74117e-11), (-0.00239655, 4.74117e-11), (-0.185076, 4.74117e-11), (0.194266, 4.74117e-11), (-0.00239655, 0.473201), (0.488983, 4.74117e-11), (0.651658, 4.74117e-11), (0.937788, 4.74117e-11) ]
Média: 0.969644
Melhor (0.999994): (-0.00239655, 4.74117e-11)
Pior (0.350222): (0.937788, 4.74117e-11)

<------Geração 184------>

[ (-0.00239655, 4.74117e-11), (-0.00239655, 4.74117e-11), (-0.00239655, 4.74117e-11), (-0.00239655, 4.74117e-11), (-0.00239655, 4.74117e-11), (-0.00239655, 4.74118e-11), (-0.00239655, 4.74117e-11), (-0.00239655, 4.74117e-11), (-0.00239655, 4.74117e-11), (-0.00239655, 4.74117e-11), (-0.00239655, 4.74117e-11), (-0.00239655, 4.74117e-11), (-0.00239655, 4.74117e-11), (-0.00239655, 4.74117e-11), (-0.00239655, 4.74117e-11), (-0.00239655, 4.74118e-11), (-0.00239655, 4.74117e-11), (-0.00239655, 4.74117e-11), (-0.00239655, 4.74117e-11), (-0.00239655, 4.74117e-11), (-0.00239655, 4.74117e-11), (-0.00239655, 4.74117e-11), (-0.00239655, 4.74117e-11), (-0.00239655, 4.74118e-11), (-0.00239655, 4.74118e-11), (-0.00239655, 4.74117e-11), (-0.00239655, 4.74117e-11), (-0.00239655, 4.74117e-11), (-0.00239655, 4.74117e-11), (-0.00239655, 4.74117e-11), (-0.00239655, 4.74117e-11), (-0.00239655, 4.74117e-11), (-0.00239655, 4.74117e-11), (-0.00239655, 4.74117e-11), (-0.00239655, 4.74117e-11), (-0.00239655, 4.74117e-11), (-0.00239655, 4.74117e-11), (-0.00239655, 4.74117e-11), (-0.00239655, 4.74117e-11), (-0.00239655, 4.74117e-11), (-0.00239655, 4.74117e-11), (-0.00239655, 4.74117e-11), (-0.00239655, 4.74117e-11), (-0.00239655, 4.74118e-11), (-0.00239655, 4.74117e-11), (-0.00239655, 4.74118e-11), (-0.00239655, 4.74117e-11), (-0.00239655, -0.193682), (-0.00239655, 0.343925), (-0.539721, 4.74117e-11) ]
Média: 0.991693
Melhor (0.999994): (-0.00239655, 4.74117e-11)
Pior (0.735773): (-0.539721, 4.74117e-11)

<------Geração 185------>

[ (-0.00239655, 4.74117e-11), (-0.00239655, 4.74117e-11), (-0.00239655, 4.74117e-11), (-0.00239655, 4.74117e-11), (-0.00239655, 4.74117e-11), (-0.00239655, 4.74117e-11), (-0.00239655, 4.74117e-11), (-0.00239655, 4.74117e-11), (-0.00239655, 4.74117e-11), (-0.00239655, 4.74117e-11), (-0.00239655, 4.74117e-11), (-0.00239655, 4.74117e-11), (-0.00239655, 4.74117e-11), (-0.00239655, 4.74117e-11), (-0.00239655, 4.74117e-11), (-0.00239655, 4.74117e-11), (-0.00239655, 4.74117e-11), (-0.00239655, 4.74117e-11), (-0.00239655, 4.74117e-11), (-0.00239655, 4.74117e-11), (-0.00239655, 4.74117e-11), (-0.00239655, 4.74117e-11), (-0.00239655, 4.74117e-11), (-0.00239655, 4.74118e-11), (-0.00239655, 4.74117e-11), (-0.00239655, 4.74117e-11), (-0.00239655, 4.74118e-11), (-0.00239655, 4.74117e-11), (-0.00239655, 4.74117e-11), (-0.00239655, 4.74117e-11), (-0.00239655, 4.74117e-11), (-0.00239655, 4.74117e-11), (-0.00239655, 4.74117e-11), (-0.00239655, 4.74117e-11), (-0.00239655, 4.74117e-11), (-0.00239655, 4.74117e-11), (-0.00239655, 4.74117e-11), (-0.00239655, 4.74117e-11), (-0.00239655, 4.74117e-11), (-0.00239655, 4.74117e-11), (-0.00239655, 4.74117e-11), (-0.00239655, 4.74117e-11), (-0.00239655, 4.74117e-11), (-0.00239655, 4.74117e-11), (-0.00239655, 4.74117e-11), (-0.00239655, 4.74117e-11), (-0.00239655, 4.74117e-11), (0.26372, 0.321456), (0.526265, 4.74117e-11), (-0.676044, 4.74117e-11) ]
Média: 0.983848
Melhor (0.999994): (-0.00239655, 4.74117e-11)
Pior (0.608386): (-0.676044, 4.74117e-11)

<------Geração 186------>

[ (-0.00239655, 4.74117e-11), (-0.00239655, 4.74117e-11), (-0.00239655, 4.74117e-11), (-0.00239655, 4.74117e-11), (-0.00239655, 4.74117e-11), (-0.00239655, 4.74117e-11), (-0.00239655, 4.74117e-11), (-0.00239655, 4.74117e-11), (-0.00239655, 4.74117e-11), (-0.00239655, 4.74117e-11), (-0.00239655, 4.74117e-11), (-0.00239655, 4.74117e-11), (-0.00239655, 4.74117e-11), (-0.00239655, 4.74117e-11), (-0.00239655, 4.74117e-11), (-0.00239655, 4.74117e-11), (-0.00239655, 4.74117e-11), (-0.00239655, 4.74117e-11), (-0.00239655, 4.74117e-11), (-0.00239655, 4.74117e-11), (-0.00239655, 4.74117e-11), (-0.00239655, 4.74117e-11), (-0.00239655, 4.74117e-11), (-0.00239655, 4.74117e-11), (-0.00239655, 4.74117e-11), (-0.00239655, 4.74117e-11), (-0.00239655, 4.74117e-11), (-0.00239655, 4.74117e-11), (-0.00239655, 4.74117e-11), (-0.00239655, 4.74117e-11), (-0.00239655, 4.74118e-11), (-0.00239655, 4.74117e-11), (-0.00239655, 4.74117e-11), (-0.00239655, 4.74117e-11), (-0.00239655, 4.74117e-11), (-0.00239655, 4.74117e-11), (-0.00239655, 4.74117e-11), (-0.00239655, 4.74117e-11), (-0.00239655, 4.74117e-11), (-0.00239655, 4.74117e-11), (-0.00239655, 4.74117e-11), (-0.00239655, 4.74117e-11), (-0.00239655, 4.74117e-11), (0.0322695, 4.74117e-11), (-0.00239655, 0.0623234), (-0.100086, 4.74117e-11), (-0.00239655, -0.338835), (-0.00239655, 0.415846), (-0.00239655, -0.658181), (-0.00239655, -1.27747) ]
Média: 0.968433
Melhor (0.999994): (-0.00239655, 4.74117e-11)
Pior (0.0849541): (-0.00239655, -1.27747)

<------Geração 187------>

[ (-0.00239655, 4.74117e-11), (-0.00239655, 4.74117e-11), (-0.00239655, 4.74117e-11), (-0.00239655, 4.74117e-11), (-0.00239655, 4.74117e-11), (-0.00239655, 4.74117e-11), (-0.00239655, 4.74117e-11), (-0.00239655, 4.74118e-11), (-0.00239655, 4.74117e-11), (-0.00239655, 4.74117e-11), (-0.00239655, 4.74117e-11), (-0.00239655, 4.74117e-11), (-0.00239655, 4.74117e-11), (-0.00239655, 4.74117e-11), (-0.00239655, 4.74117e-11), (-0.00239655, 4.74117e-11), (-0.00239655, 4.74117e-11), (-0.00239655, 4.74117e-11), (-0.00239655, 4.74117e-11), (-0.00239655, 4.74117e-11), (-0.00239655, 4.74117e-11), (-0.00239655, 4.74117e-11), (-0.00239655, 4.74117e-11), (-0.00239655, 4.74117e-11), (-0.00239655, 4.74117e-11), (-0.00239655, 4.74117e-11), (-0.00239655, 4.74117e-11), (-0.00239655, 4.74117e-11), (-0.00239655, 4.74117e-11), (-0.00239655, 4.74117e-11), (-0.00239655, 4.74117e-11), (-0.00239655, 4.74117e-11), (-0.00239655, 4.74117e-11), (-0.00239655, 4.74117e-11), (-0.00239655, 4.74117e-11), (-0.00239655, 4.74117e-11), (-0.00239655, 4.74117e-11), (-0.00239655, 4.74117e-11), (-0.00239655, 4.74117e-11), (-0.00239655, 4.74117e-11), (-0.00239655, 4.74117e-11), (-0.00239655, 4.74117e-11), (0.0107826, 4.74117e-11), (-0.00239655, -0.0241321), (-0.0311062, 4.74117e-11), (-0.00239655, -0.147324), (-0.240221, 4.74117e-11), (-0.253926, 4.74117e-11), (0.106615, -0.237303), (-0.266479, 0.75999) ]
Média: 0.985411
Melhor (0.999994): (-0.00239655, 4.74117e-11)
Pior (0.480075): (-0.266479, 0.75999)

<------Geração 188------>

[ (-0.00239655, 4.74117e-11), (-0.00239655, 4.74117e-11), (-0.00239655, 4.74117e-11), (-0.00239655, 4.74117e-11), (-0.00239655, 4.74117e-11), (-0.00239655, 4.74117e-11), (-0.00239655, 4.74117e-11), (-0.00239655, 4.74117e-11), (-0.00239655, 4.74117e-11), (-0.00239655, 4.74117e-11), (-0.00239655, 4.74117e-11), (-0.00239655, 4.74117e-11), (-0.00239655, 4.74117e-11), (-0.00239655, 4.74117e-11), (-0.00239655, 4.74117e-11), (-0.00239655, 4.74117e-11), (-0.00239655, 4.74117e-11), (-0.00239655, 4.74117e-11), (-0.00239655, 4.74117e-11), (-0.00239655, 4.74117e-11), (-0.00239655, 4.74117e-11), (-0.00239655, 4.74117e-11), (-0.00239655, 4.74117e-11), (-0.00239655, 4.74117e-11), (-0.00239655, 4.74117e-11), (-0.00239655, 4.74117e-11), (-0.00239655, 4.74117e-11), (-0.00239655, 4.74117e-11), (-0.00239655, 4.74117e-11), (-0.00239655, 4.74118e-11), (-0.00239655, 4.74117e-11), (-0.00239655, 4.74117e-11), (-0.00239655, 4.74117e-11), (-0.00239655, 4.74117e-11), (-0.00239655, 4.74117e-11), (-0.00239655, 4.74117e-11), (-0.00239655, 4.74117e-11), (-0.00239655, 4.74117e-11), (-0.00239655, 4.74117e-11), (-0.00239655, 4.74117e-11), (-0.00239655, 4.74117e-11), (-0.00239655, 4.74117e-11), (-0.00239655, -0.0124857), (0.174927, 4.74118e-11), (-0.00239655, -0.193147), (-0.00239655, 0.287703), (-0.298358, 4.74117e-11), (-0.41236, 4.74117e-11), (-0.00239655, -0.600568), (-0.755744, 4.74117e-11) ]
Média: 0.976294
Melhor (0.999994): (-0.00239655, 4.74117e-11)
Pior (0.529603): (-0.755744, 4.74117e-11)

<------Geração 189------>

[ (-0.00239655, 4.74117e-11), (-0.00239655, 4.74117e-11), (-0.00239655, 4.74117e-11), (-0.00239655, 4.74117e-11), (-0.00239655, 4.74117e-11), (-0.00239655, 4.74117e-11), (-0.00239655, 4.74117e-11), (-0.00239655, 4.74117e-11), (-0.00239655, 4.74117e-11), (-0.00239655, 4.74117e-11), (-0.00239655, 4.74117e-11), (-0.00239655, 4.74117e-11), (-0.00239655, 4.74117e-11), (-0.00239655, 4.74117e-11), (-0.00239655, 4.74117e-11), (-0.00239655, 4.74117e-11), (-0.00239655, 4.74117e-11), (-0.00239655, 4.74117e-11), (-0.00239655, 4.74117e-11), (-0.00239655, 4.74117e-11), (-0.00239655, 4.74117e-11), (-0.00239655, 4.74117e-11), (-0.00239655, 4.74117e-11), (-0.00239655, 4.74117e-11), (-0.00239655, 4.74117e-11), (-0.00239655, 4.74117e-11), (-0.00239655, 4.74117e-11), (-0.00239655, 4.74117e-11), (-0.00239655, 4.74117e-11), (-0.00239655, 4.74117e-11), (-0.00239655, 4.74117e-11), (-0.00239655, 4.74117e-11), (-0.00239655, 4.74117e-11), (-0.00239655, 4.74117e-11), (-0.00239655, 4.74117e-11), (-0.00239655, 4.74117e-11), (-0.00239655, 4.74117e-11), (-0.00239655, 4.74117e-11), (-0.00239655, 4.74117e-11), (-0.00239655, 4.74117e-11), (-0.00239655, 4.74117e-11), (-0.00239655, 4.74117e-11), (-0.00239655, 4.74117e-11), (-0.00239655, -0.0151279), (0.0175933, 4.74117e-11), (-0.072842, 4.74117e-11), (0.195352, 4.74117e-11), (0.202124, 4.74117e-11), (-0.252533, 4.74117e-11), (0.588309, 4.74117e-11) ]
Média: 0.990905
Melhor (0.999994): (-0.00239655, 4.74117e-11)
Pior (0.691892): (0.588309, 4.74117e-11)

<------Geração 190------>

[ (-0.00239655, 4.74117e-11), (-0.00239655, 4.74117e-11), (-0.00239655, 4.74117e-11), (-0.00239655, 4.74117e-11), (-0.00239655, 4.74117e-11), (-0.00239655, 4.74117e-11), (-0.00239655, 4.74117e-11), (-0.00239655, 4.74117e-11), (-0.00239655, 4.74117e-11), (-0.00239655, 4.74117e-11), (-0.00239655, 4.74117e-11), (-0.00239655, 4.74117e-11), (-0.00239655, 4.74117e-11), (-0.00239655, 4.74117e-11), (-0.00239655, 4.74117e-11), (-0.00239655, 4.74117e-11), (-0.00239655, 4.74117e-11), (-0.00239655, 4.74117e-11), (-0.00239655, 4.74117e-11), (-0.00239655, 4.74117e-11), (-0.00239655, 4.74117e-11), (-0.00239655, 4.74117e-11), (-0.00239655, 4.74117e-11), (-0.00239655, 4.74117e-11), (-0.00239655, 4.74117e-11), (-0.00239655, 4.74117e-11), (-0.00239655, 4.74117e-11), (-0.00239655, 4.74117e-11), (-0.00239655, 4.74117e-11), (-0.00239655, 4.74117e-11), (-0.00239655, 4.74117e-11), (-0.00239655, 4.74117e-11), (-0.00239655, 4.74117e-11), (-0.00239655, 4.74117e-11), (-0.00239655, 4.74117e-11), (-0.00239655, 4.74117e-11), (-0.00239655, 4.74117e-11), (-0.00239655, 4.74117e-11), (-0.00239655, 4.74117e-11), (-0.00239655, 4.74117e-11), (-0.00239655, 4.74117e-11), (-0.00239655, 4.74117e-11), (-0.00239655, 4.74117e-11), (0.126045, 4.74117e-11), (0.181548, 4.74117e-11), (0.183164, 4.74117e-11), (-0.00239655, -0.243886), (0.313012, 4.74117e-11), (-0.00239655, 0.351133), (-0.00239655, -0.800825) ]
Média: 0.98262
Melhor (0.999994): (-0.00239655, 4.74117e-11)
Pior (0.484592): (-0.00239655, -0.800825)

<------Geração 191------>

[ (-0.00239655, 4.74117e-11), (-0.00239655, 4.74117e-11), (-0.00239655, 4.74117e-11), (-0.00239655, 4.74117e-11), (-0.00239655, 4.74117e-11), (-0.00239655, 4.74117e-11), (-0.00239655, 4.74117e-11), (-0.00239655, 4.74117e-11), (-0.00239655, 4.74117e-11), (-0.00239655, 4.74117e-11), (-0.00239655, 4.74117e-11), (-0.00239655, 4.74117e-11), (-0.00239655, 4.74117e-11), (-0.00239655, 4.74117e-11), (-0.00239655, 4.74117e-11), (-0.00239655, 4.74117e-11), (-0.00239655, 4.74117e-11), (-0.00239655, 4.74117e-11), (-0.00239655, 4.74117e-11), (-0.00239655, 4.74117e-11), (-0.00239655, 4.74117e-11), (-0.00239655, 4.74117e-11), (-0.00239655, 4.74117e-11), (-0.00239655, 4.74117e-11), (-0.00239655, 4.74117e-11), (-0.00239655, 4.74117e-11), (-0.00239655, 4.74117e-11), (-0.00239655, 4.74117e-11), (-0.00239655, 4.74117e-11), (-0.00239655, 4.74117e-11), (-0.00239655, 4.74117e-11), (-0.00239655, 4.74117e-11), (-0.00239655, 4.74117e-11), (-0.00239655, 4.74117e-11), (-0.00239655, 4.74117e-11), (-0.00239655, 4.74117e-11), (-0.00239655, 4.74117e-11), (-0.00239655, 4.74117e-11), (-0.00239655, 4.74117e-11), (-0.00239655, 4.74117e-11), (-0.00239655, 4.74117e-11), (-0.00239655, 4.74117e-11), (-0.00239655, 4.74117e-11), (-0.00239655, 4.74117e-11), (-0.00239655, 4.74117e-11), (-0.00239655, 4.74117e-11), (-0.00239655, -0.168933), (-0.312261, 4.74117e-11), (0.414482, 4.74117e-11), (-1.07077, 4.74117e-11) ]
Média: 0.978903
Melhor (0.999994): (-0.00239655, 4.74117e-11)
Pior (0.230492): (-1.07077, 4.74117e-11)

<------Geração 192------>

[ (-0.00239655, 4.74117e-11), (-0.00239655, 4.74117e-11), (-0.00239655, 4.74117e-11), (-0.00239655, 4.74117e-11), (-0.00239655, 4.74117e-11), (-0.00239655, 4.74117e-11), (-0.00239655, 4.74117e-11), (-0.00239655, 4.74117e-11), (-0.00239655, 4.74117e-11), (-0.00239655, 4.74117e-11), (-0.00239655, 4.74117e-11), (-0.00239655, 4.74117e-11), (-0.00239655, 4.74117e-11), (-0.00239655, 4.74117e-11), (-0.00239655, 4.74117e-11), (-0.00239655, 4.74117e-11), (-0.00239655, 4.74117e-11), (-0.00239655, 4.74117e-11), (-0.00239655, 4.74117e-11), (-0.00239655, 4.74117e-11), (-0.00239655, 4.74117e-11), (-0.00239655, 4.74117e-11), (-0.00239655, 4.74117e-11), (-0.00239655, 4.74117e-11), (-0.00239655, 4.74117e-11), (-0.00239655, 4.74117e-11), (-0.00239655, 4.74117e-11), (-0.00239655, 4.74117e-11), (-0.00239655, 4.74117e-11), (-0.00239655, 4.74117e-11), (-0.00239655, 4.74117e-11), (-0.00239655, 4.74117e-11), (-0.00239655, 4.74117e-11), (-0.00239655, 4.74117e-11), (-0.00239655, 4.74117e-11), (-0.00239655, 4.74117e-11), (-0.00239655, 4.74117e-11), (-0.00239655, 4.74117e-11), (-0.00239655, 4.74117e-11), (-0.00239655, 4.74117e-11), (-0.00239655, 4.74117e-11), (-0.00239655, 4.74117e-11), (-0.00239655, 4.74117e-11), (-0.00239655, 4.74117e-11), (-0.00239655, 4.74117e-11), (-0.00239655, 4.74117e-11), (-0.191963, 4.74117e-11), (-0.23198, 4.74117e-11), (-0.00239655, -0.950696), (-0.00239655, -1.25956) ]
Média: 0.966869
Melhor (0.999994): (-0.00239655, 4.74117e-11)
Pior (0.0950635): (-0.00239655, -1.25956)

<------Geração 193------>

[ (-0.00239655, 4.74117e-11), (-0.00239655, 4.74117e-11), (-0.00239655, 4.74117e-11), (-0.00239655, 4.74117e-11), (-0.00239655, 4.74117e-11), (-0.00239655, 4.74117e-11), (-0.00239655, 4.74117e-11), (-0.00239655, 4.74117e-11), (-0.00239655, 4.74117e-11), (-0.00239655, 4.74117e-11), (-0.00239655, 4.74117e-11), (-0.00239655, 4.74117e-11), (-0.00239655, 4.74117e-11), (-0.00239655, 4.74117e-11), (-0.00239655, 4.74117e-11), (-0.00239655, 4.74117e-11), (-0.00239655, 4.74117e-11), (-0.00239655, 4.74117e-11), (-0.00239655, 4.74117e-11), (-0.00239655, 4.74117e-11), (-0.00239655, 4.74117e-11), (-0.00239655, 4.74117e-11), (-0.00239655, 4.74117e-11), (-0.00239655, 4.74117e-11), (-0.00239655, 4.74117e-11), (-0.00239655, 4.74117e-11), (-0.00239655, 4.74117e-11), (-0.00239655, 4.74117e-11), (-0.00239655, 4.74117e-11), (-0.00239655, 4.74117e-11), (-0.00239655, 4.74117e-11), (-0.00239655, 4.74117e-11), (-0.00239655, 4.74117e-11), (-0.00239655, 4.74117e-11), (-0.00239655, 4.74117e-11), (-0.00239655, 4.74117e-11), (-0.00239655, 4.74117e-11), (-0.00239655, 4.74117e-11), (-0.00239655, 4.74117e-11), (-0.00239655, 4.74117e-11), (-0.00239655, 4.74117e-11), (-0.00239655, 4.74117e-11), (-0.00239655, 4.74117e-11), (-0.00239655, 4.74117e-11), (-0.00239655, 4.74117e-11), (-0.00239655, 4.74117e-11), (-0.0705137, 4.74117e-11), (0.257998, 4.74117e-11), (-0.00239655, -0.337649), (-0.00239655, -0.339877) ]
Média: 0.994171
Melhor (0.999994): (-0.00239655, 4.74117e-11)
Pior (0.888769): (-0.00239655, -0.339877)

<------Geração 194------>

[ (-0.00239655, 4.74117e-11), (-0.00239655, 4.74117e-11), (-0.00239655, 4.74117e-11), (-0.00239655, 4.74117e-11), (-0.00239655, 4.74117e-11), (-0.00239655, 4.74117e-11), (-0.00239655, 4.74117e-11), (-0.00239655, 4.74117e-11), (-0.00239655, 4.74117e-11), (-0.00239655, 4.74117e-11), (-0.00239655, 4.74117e-11), (-0.00239655, 4.74117e-11), (-0.00239655, 4.74117e-11), (-0.00239655, 4.74117e-11), (-0.00239655, 4.74117e-11), (-0.00239655, 4.74117e-11), (-0.00239655, 4.74117e-11), (-0.00239655, 4.74117e-11), (-0.00239655, 4.74117e-11), (-0.00239655, 4.74117e-11), (-0.00239655, 4.74117e-11), (-0.00239655, 4.74117e-11), (-0.00239655, 4.74117e-11), (-0.00239655, 4.74117e-11), (-0.00239655, 4.74117e-11), (-0.00239655, 4.74117e-11), (-0.00239655, 4.74117e-11), (-0.00239655, 4.74117e-11), (-0.00239655, 4.74117e-11), (-0.00239655, 4.74117e-11), (-0.00239655, 4.74117e-11), (-0.00239655, 4.74117e-11), (-0.00239655, 4.74117e-11), (-0.00239655, 4.74117e-11), (-0.00239655, 4.74117e-11), (-0.00239655, 4.74117e-11), (-0.00239655, 4.74117e-11), (-0.00239655, 4.74117e-11), (-0.00239655, 4.74117e-11), (-0.00239655, 4.74117e-11), (-0.00239655, 4.74117e-11), (-0.00239655, -0.0244961), (-0.0592097, 4.74117e-11), (-0.00239655, 0.099223), (-0.00239655, 0.114254), (0.293532, 4.74117e-11), (0.334431, 4.74117e-11), (-0.00239655, 0.376455), (0.594993, 4.74117e-11), (-0.994186, 4.74117e-11) ]
Média: 0.972585
Melhor (0.999994): (-0.00239655, 4.74117e-11)
Pior (0.297628): (-0.994186, 4.74117e-11)

<------Geração 195------>

[ (-0.00239655, 4.74117e-11), (-0.00239655, 4.74117e-11), (-0.00239655, 4.74117e-11), (-0.00239655, 4.74117e-11), (-0.00239655, 4.74117e-11), (-0.00239655, 4.74117e-11), (-0.00239655, 4.74117e-11), (-0.00239655, 4.74117e-11), (-0.00239655, 4.74117e-11), (-0.00239655, 4.74117e-11), (-0.00239655, 4.74117e-11), (-0.00239655, 4.74117e-11), (-0.00239655, 4.74117e-11), (-0.00239655, 4.74117e-11), (-0.00239655, 4.74117e-11), (-0.00239655, 4.74117e-11), (-0.00239655, 4.74117e-11), (-0.00239655, 4.74117e-11), (-0.00239655, 4.74117e-11), (-0.00239655, 4.74117e-11), (-0.00239655, 4.74117e-11), (-0.00239655, 4.74117e-11), (-0.00239655, 4.74117e-11), (-0.00239655, 4.74117e-11), (-0.00239655, 4.74117e-11), (-0.00239655, 4.74117e-11), (-0.00239655, 4.74117e-11), (-0.00239655, 4.74117e-11), (-0.00239655, 4.74117e-11), (-0.00239655, 4.74117e-11), (-0.00239655, 4.74117e-11), (-0.00239655, 4.74117e-11), (-0.00239655, 4.74117e-11), (-0.00239655, 4.74117e-11), (-0.00239655, 4.74117e-11), (-0.00239655, 4.74117e-11), (-0.00239655, 4.74117e-11), (-0.00239655, 4.74117e-11), (-0.00239655, 4.74117e-11), (-0.00239655, 4.74117e-11), (-0.00239655, 4.74117e-11), (-0.00239655, 4.74117e-11), (-0.00239655, 4.74117e-11), (-0.00239655, 4.74117e-11), (-0.00239655, 4.74117e-11), (-0.00239655, 4.74117e-11), (-0.00239655, 4.74117e-11), (-0.00239655, 4.74117e-11), (0.154621, 4.74117e-11), (0.202226, 4.74117e-11) ]
Média: 0.998712
Melhor (0.999994): (-0.00239655, 4.74117e-11)
Pior (0.959622): (0.202226, 4.74117e-11)

<------Geração 196------>

[ (-0.00239655, 4.74117e-11), (-0.00239655, 4.74117e-11), (-0.00239655, 4.74117e-11), (-0.00239655, 4.74117e-11), (-0.00239655, 4.74117e-11), (-0.00239655, 4.74117e-11), (-0.00239655, 4.74117e-11), (-0.00239655, 4.74117e-11), (-0.00239655, 4.74117e-11), (-0.00239655, 4.74117e-11), (-0.00239655, 4.74117e-11), (-0.00239655, 4.74117e-11), (-0.00239655, 4.74117e-11), (-0.00239655, 4.74117e-11), (-0.00239655, 4.74117e-11), (-0.00239655, 4.74117e-11), (-0.00239655, 4.74117e-11), (-0.00239655, 4.74117e-11), (-0.00239655, 4.74117e-11), (-0.00239655, 4.74117e-11), (-0.00239655, 4.74117e-11), (-0.00239655, 4.74117e-11), (-0.00239655, 4.74117e-11), (-0.00239655, 4.74117e-11), (-0.00239655, 4.74117e-11), (-0.00239655, 4.74117e-11), (-0.00239655, 4.74117e-11), (-0.00239655, 4.74117e-11), (-0.00239655, 4.74117e-11), (-0.00239655, 4.74117e-11), (-0.00239655, 4.74117e-11), (-0.00239655, 4.74117e-11), (-0.00239655, 4.74117e-11), (-0.00239655, 4.74117e-11), (-0.00239655, 4.74117e-11), (-0.00239655, 4.74117e-11), (-0.00239655, 4.74117e-11), (-0.00239655, 4.74117e-11), (-0.00239655, 4.74117e-11), (-0.00239655, 4.74117e-11), (-0.00239655, 4.74117e-11), (-0.00239655, 4.74117e-11), (-0.00239655, 4.74117e-11), (-0.00239655, 4.74117e-11), (0.143262, 4.74117e-11), (-0.00239655, 0.143358), (-0.154101, 4.74117e-11), (-0.292438, 4.74117e-11), (0.328506, 4.74117e-11), (0.361453, 4.74117e-11) ]
Média: 0.992456
Melhor (0.999994): (-0.00239655, 4.74117e-11)
Pior (0.874845): (0.361453, 4.74117e-11)

<------Geração 197------>

[ (-0.00239655, 4.74117e-11), (-0.00239655, 4.74117e-11), (-0.00239655, 4.74117e-11), (-0.00239655, 4.74117e-11), (-0.00239655, 4.74117e-11), (-0.00239655, 4.74117e-11), (-0.00239655, 4.74117e-11), (-0.00239655, 4.74117e-11), (-0.00239655, 4.74117e-11), (-0.00239655, 4.74117e-11), (-0.00239655, 4.74117e-11), (-0.00239655, 4.74117e-11), (-0.00239655, 4.74117e-11), (-0.00239655, 4.74117e-11), (-0.00239655, 4.74117e-11), (-0.00239655, 4.74117e-11), (-0.00239655, 4.74117e-11), (-0.00239655, 4.74117e-11), (-0.00239655, 4.74117e-11), (-0.00239655, 4.74117e-11), (-0.00239655, 4.74117e-11), (-0.00239655, 4.74117e-11), (-0.00239655, 4.74117e-11), (-0.00239655, 4.74117e-11), (-0.00239655, 4.74117e-11), (-0.00239655, 4.74117e-11), (-0.00239655, 4.74117e-11), (-0.00239655, 4.74117e-11), (-0.00239655, 4.74117e-11), (-0.00239655, 4.74117e-11), (-0.00239655, 4.74117e-11), (-0.00239655, 4.74117e-11), (-0.00239655, 4.74117e-11), (-0.00239655, 4.74117e-11), (-0.00239655, 4.74117e-11), (-0.00239655, 4.74117e-11), (-0.00239655, 4.74117e-11), (-0.00239655, 4.74117e-11), (-0.00239655, 4.74117e-11), (-0.00239655, 4.74117e-11), (-0.00239655, 4.74117e-11), (-0.00239655, 4.74117e-11), (-0.00239655, 4.74117e-11), (-0.00239655, 4.74117e-11), (0.076895, 4.74117e-11), (-0.00239655, -0.183928), (-0.00239655, 0.22983), (-0.00239655, 0.285878), (-0.404993, 4.74117e-11), (-0.00239655, -0.479368) ]
Média: 0.989212
Melhor (0.999994): (-0.00239655, 4.74117e-11)
Pior (0.78714): (-0.00239655, -0.479368)

<------Geração 198------>

[ (-0.00239655, 4.74117e-11), (-0.00239655, 4.74117e-11), (-0.00239655, 4.74117e-11), (-0.00239655, 4.74117e-11), (-0.00239655, 4.74117e-11), (-0.00239655, 4.74117e-11), (-0.00239655, 4.74117e-11), (-0.00239655, 4.74117e-11), (-0.00239655, 4.74117e-11), (-0.00239655, 4.74117e-11), (-0.00239655, 4.74117e-11), (-0.00239655, 4.74117e-11), (-0.00239655, 4.74117e-11), (-0.00239655, 4.74117e-11), (-0.00239655, 4.74117e-11), (-0.00239655, 4.74117e-11), (-0.00239655, 4.74117e-11), (-0.00239655, 4.74117e-11), (-0.00239655, 4.74117e-11), (-0.00239655, 4.74117e-11), (-0.00239655, 4.74117e-11), (-0.00239655, 4.74117e-11), (-0.00239655, 4.74117e-11), (-0.00239655, 4.74117e-11), (-0.00239655, 4.74117e-11), (-0.00239655, 4.74117e-11), (-0.00239655, 4.74117e-11), (-0.00239655, 4.74117e-11), (-0.00239655, 4.74117e-11), (-0.00239655, 4.74117e-11), (-0.00239655, 4.74117e-11), (-0.00239655, 4.74117e-11), (-0.00239655, 4.74117e-11), (-0.00239655, 4.74117e-11), (-0.00239655, 4.74117e-11), (-0.00239655, 4.74117e-11), (-0.00239655, 4.74117e-11), (-0.00239655, 4.74117e-11), (-0.00239655, 4.74117e-11), (-0.00239655, 4.74117e-11), (-0.00239655, 4.74117e-11), (-0.00239655, 4.74117e-11), (-0.00239655, 4.74117e-11), (-0.00239655, 4.74117e-11), (-0.00239655, 4.74117e-11), (-0.00239655, 4.74117e-11), (-0.00239655, 4.74117e-11), (-0.00239655, 0.237808), (0.504115, 4.74117e-11), (-0.847155, 4.74117e-11) ]
Média: 0.982984
Melhor (0.999994): (-0.00239655, 4.74117e-11)
Pior (0.438489): (-0.847155, 4.74117e-11)

<------Geração 199------>

[ (-0.00239655, 4.74117e-11), (-0.00239655, 4.74117e-11), (-0.00239655, 4.74117e-11), (-0.00239655, 4.74117e-11), (-0.00239655, 4.74117e-11), (-0.00239655, 4.74117e-11), (-0.00239655, 4.74117e-11), (-0.00239655, 4.74117e-11), (-0.00239655, 4.74117e-11), (-0.00239655, 4.74117e-11), (-0.00239655, 4.74117e-11), (-0.00239655, 4.74117e-11), (-0.00239655, 4.74117e-11), (-0.00239655, 4.74117e-11), (-0.00239655, 4.74117e-11), (-0.00239655, 4.74117e-11), (-0.00239655, 4.74117e-11), (-0.00239655, 4.74117e-11), (-0.00239655, 4.74117e-11), (-0.00239655, 4.74117e-11), (-0.00239655, 4.74117e-11), (-0.00239655, 4.74117e-11), (-0.00239655, 4.74117e-11), (-0.00239655, 4.74117e-11), (-0.00239655, 4.74117e-11), (-0.00239655, 4.74117e-11), (-0.00239655, 4.74117e-11), (-0.00239655, 4.74117e-11), (-0.00239655, 4.74117e-11), (-0.00239655, 4.74117e-11), (-0.00239655, 4.74117e-11), (-0.00239655, 4.74117e-11), (-0.00239655, 4.74117e-11), (-0.00239655, 4.74117e-11), (-0.00239655, 4.74117e-11), (-0.00239655, 4.74117e-11), (-0.00239655, 4.74117e-11), (-0.00239655, 4.74117e-11), (-0.00239655, 4.74117e-11), (-0.00239655, 4.74117e-11), (-0.00239655, 4.74117e-11), (-0.00239655, 4.74117e-11), (-0.00239655, 4.74117e-11), (-0.00239655, 4.74117e-11), (-0.00239655, 4.74117e-11), (-0.00239655, 4.74117e-11), (-0.00239655, 4.74117e-11), (-0.00239655, 4.74117e-11), (-0.00239655, 0.293668), (0.674963, 4.74117e-11) ]
Média: 0.990506
Melhor (0.999994): (-0.00239655, 4.74117e-11)
Pior (0.60944): (0.674963, 4.74117e-11)

<------Geração 200------>

[ (-0.00239655, 4.74117e-11), (-0.00239655, 4.74117e-11), (-0.00239655, 4.74117e-11), (-0.00239655, 4.74117e-11), (-0.00239655, 4.74117e-11), (-0.00239655, 4.74117e-11), (-0.00239655, 4.74117e-11), (-0.00239655, 4.74117e-11), (-0.00239655, 4.74117e-11), (-0.00239655, 4.74117e-11), (-0.00239655, 4.74117e-11), (-0.00239655, 4.74117e-11), (-0.00239655, 4.74117e-11), (-0.00239655, 4.74117e-11), (-0.00239655, 4.74117e-11), (-0.00239655, 4.74117e-11), (-0.00239655, 4.74117e-11), (-0.00239655, 4.74117e-11), (-0.00239655, 4.74117e-11), (-0.00239655, 4.74117e-11), (-0.00239655, 4.74117e-11), (-0.00239655, 4.74117e-11), (-0.00239655, 4.74117e-11), (-0.00239655, 4.74117e-11), (-0.00239655, 4.74117e-11), (-0.00239655, 4.74117e-11), (-0.00239655, 4.74117e-11), (-0.00239655, 4.74117e-11), (-0.00239655, 4.74117e-11), (-0.00239655, 4.74117e-11), (-0.00239655, 4.74117e-11), (-0.00239655, 4.74117e-11), (-0.00239655, 4.74117e-11), (-0.00239655, 4.74117e-11), (-0.00239655, 4.74117e-11), (-0.00239655, 4.74117e-11), (-0.00239655, 4.74117e-11), (-0.00239655, 4.74117e-11), (-0.00239655, 4.74117e-11), (-0.00239655, 4.74117e-11), (-0.00239655, 4.74117e-11), (-0.00239655, 4.74117e-11), (-0.00239655, 0.0169468), (-0.00239655, -0.103028), (-0.00239655, 0.323785), (-0.471008, -0.273325), (-0.00239655, 0.565879), (-0.00239655, -0.634532), (-0.00239655, -0.676721), (-0.813265, 4.74117e-11) ]
Média: 0.961196
Melhor (0.999994): (-0.00239655, 4.74117e-11)
Pior (0.472184): (-0.813265, 4.74117e-11)

<------Geração 201------>

[ (-0.00239655, 4.74117e-11), (-0.00239655, 4.74117e-11), (-0.00239655, 4.74117e-11), (-0.00239655, 4.74117e-11), (-0.00239655, 4.74117e-11), (-0.00239655, 4.74117e-11), (-0.00239655, 4.74117e-11), (-0.00239655, 4.74117e-11), (-0.00239655, 4.74117e-11), (-0.00239655, 4.74117e-11), (-0.00239655, 4.74117e-11), (-0.00239655, 4.74117e-11), (-0.00239655, 4.74117e-11), (-0.00239655, 4.74117e-11), (-0.00239655, 4.74117e-11), (-0.00239655, 4.74117e-11), (-0.00239655, 4.74117e-11), (-0.00239655, 4.74117e-11), (-0.00239655, 4.74117e-11), (-0.00239655, 4.74117e-11), (-0.00239655, 4.74117e-11), (-0.00239655, 4.74117e-11), (-0.00239655, 4.74117e-11), (-0.00239655, 4.74117e-11), (-0.00239655, 4.74117e-11), (-0.00239655, 4.74117e-11), (-0.00239655, 4.74117e-11), (-0.00239655, 4.74117e-11), (-0.00239655, 4.74117e-11), (-0.00239655, 4.74117e-11), (-0.00239655, 4.74117e-11), (-0.00239655, 4.74117e-11), (-0.00239655, 4.74117e-11), (-0.00239655, 4.74117e-11), (-0.00239655, 4.74117e-11), (-0.00239655, 4.74117e-11), (-0.00239655, 4.74117e-11), (-0.00239655, 4.74117e-11), (-0.00239655, 4.74117e-11), (-0.00239655, 4.74117e-11), (-0.00239655, 4.74117e-11), (-0.00239655, 4.74117e-11), (-0.00239655, 4.74117e-11), (-0.00239655, 4.74117e-11), (-0.00239655, 4.74117e-11), (-0.00239655, 4.74117e-11), (0.103828, 4.74117e-11), (-0.240038, 4.74117e-11), (-0.00239655, -0.816477), (-0.00239655, 0.997764) ]
Média: 0.973915
Melhor (0.999994): (-0.00239655, 4.74117e-11)
Pior (0.294369): (-0.00239655, 0.997764)

<------Geração 202------>

[ (-0.00239655, 4.74117e-11), (-0.00239655, 4.74117e-11), (-0.00239655, 4.74117e-11), (-0.00239655, 4.74117e-11), (-0.00239655, 4.74117e-11), (-0.00239655, 4.74117e-11), (-0.00239655, 4.74117e-11), (-0.00239655, 4.74117e-11), (-0.00239655, 4.74117e-11), (-0.00239655, 4.74117e-11), (-0.00239655, 4.74117e-11), (-0.00239655, 4.74117e-11), (-0.00239655, 4.74117e-11), (-0.00239655, 4.74117e-11), (-0.00239655, 4.74117e-11), (-0.00239655, 4.74117e-11), (-0.00239655, 4.74117e-11), (-0.00239655, 4.74117e-11), (-0.00239655, 4.74117e-11), (-0.00239655, 4.74117e-11), (-0.00239655, 4.74117e-11), (-0.00239655, 4.74117e-11), (-0.00239655, 4.74117e-11), (-0.00239655, 4.74117e-11), (-0.00239655, 4.74117e-11), (-0.00239655, 4.74117e-11), (-0.00239655, 4.74117e-11), (-0.00239655, 4.74117e-11), (-0.00239655, 4.74117e-11), (-0.00239655, 4.74117e-11), (-0.00239655, 4.74117e-11), (-0.00239655, 4.74117e-11), (-0.00239655, 4.74117e-11), (-0.00239655, 4.74117e-11), (-0.00239655, 4.74117e-11), (-0.00239655, 4.74117e-11), (-0.00239655, 4.74117e-11), (-0.00239655, 4.74117e-11), (-0.00239655, 4.74117e-11), (-0.00239655, 4.74117e-11), (-0.00239655, 4.74117e-11), (-0.00239655, 4.74117e-11), (-0.00239655, 4.74117e-11), (0.00288214, 4.74117e-11), (-0.00239655, 0.104881), (0.140234, 4.74117e-11), (-0.310973, -0.0532075), (0.50851, 4.74117e-11), (-0.00239655, 0.734915), (0.883485, 4.74117e-11) ]
Média: 0.971774
Melhor (0.999994): (-0.00239655, 4.74117e-11)
Pior (0.402693): (0.883485, 4.74117e-11)

<------Geração 203------>

[ (-0.00239655, 4.74117e-11), (-0.00239655, 4.74117e-11), (-0.00239655, 4.74117e-11), (-0.00239655, 4.74117e-11), (-0.00239655, 4.74117e-11), (-0.00239655, 4.74117e-11), (-0.00239655, 4.74117e-11), (-0.00239655, 4.74117e-11), (-0.00239655, 4.74117e-11), (-0.00239655, 4.74117e-11), (-0.00239655, 4.74117e-11), (-0.00239655, 4.74117e-11), (-0.00239655, 4.74117e-11), (-0.00239655, 4.74117e-11), (-0.00239655, 4.74117e-11), (-0.00239655, 4.74117e-11), (-0.00239655, 4.74117e-11), (-0.00239655, 4.74117e-11), (-0.00239655, 4.74117e-11), (-0.00239655, 4.74117e-11), (-0.00239655, 4.74117e-11), (-0.00239655, 4.74117e-11), (-0.00239655, 4.74117e-11), (-0.00239655, 4.74117e-11), (-0.00239655, 4.74117e-11), (-0.00239655, 4.74117e-11), (-0.00239655, 4.74117e-11), (-0.00239655, 4.74117e-11), (-0.00239655, 4.74117e-11), (-0.00239655, 4.74117e-11), (-0.00239655, 4.74117e-11), (-0.00239655, 4.74117e-11), (-0.00239655, 4.74117e-11), (-0.00239655, 4.74117e-11), (-0.00239655, 4.74117e-11), (-0.00239655, 4.74117e-11), (-0.00239655, 4.74117e-11), (-0.00239655, 4.74117e-11), (-0.00239655, 4.74117e-11), (-0.00239655, 4.74117e-11), (-0.00239655, 4.74117e-11), (-0.00239655, 4.74117e-11), (-0.00239655, 4.74117e-11), (-0.00239655, 4.74117e-11), (-0.00239655, 4.74117e-11), (0.0269736, 4.74117e-11), (0.037953, 4.74117e-11), (-0.00239655, -0.100816), (-0.00239655, -0.398293), (-0.745776, -0.027485) ]
Média: 0.987518
Melhor (0.999994): (-0.00239655, 4.74117e-11)
Pior (0.539033): (-0.745776, -0.027485)

<------Geração 204------>

[ (-0.00239655, 4.74117e-11), (-0.00239655, 4.74117e-11), (-0.00239655, 4.74117e-11), (-0.00239655, 4.74117e-11), (-0.00239655, 4.74117e-11), (-0.00239655, 4.74117e-11), (-0.00239655, 4.74117e-11), (-0.00239655, 4.74117e-11), (-0.00239655, 4.74117e-11), (-0.00239655, 4.74117e-11), (-0.00239655, 4.74117e-11), (-0.00239655, 4.74117e-11), (-0.00239655, 4.74117e-11), (-0.00239655, 4.74117e-11), (-0.00239655, 4.74117e-11), (-0.00239655, 4.74117e-11), (-0.00239655, 4.74117e-11), (-0.00239655, 4.74117e-11), (-0.00239655, 4.74117e-11), (-0.00239655, 4.74117e-11), (-0.00239655, 4.74117e-11), (-0.00239655, 4.74117e-11), (-0.00239655, 4.74117e-11), (-0.00239655, 4.74117e-11), (-0.00239655, 4.74117e-11), (-0.00239655, 4.74117e-11), (-0.00239655, 4.74117e-11), (-0.00239655, 4.74117e-11), (-0.00239655, 4.74117e-11), (-0.00239655, 4.74117e-11), (-0.00239655, 4.74117e-11), (-0.00239655, 4.74117e-11), (-0.00239655, 4.74117e-11), (-0.00239655, 4.74117e-11), (-0.00239655, 4.74117e-11), (-0.00239655, 4.74117e-11), (-0.00239655, 4.74117e-11), (-0.00239655, 4.74117e-11), (-0.00239655, 4.74117e-11), (-0.00239655, 4.74117e-11), (-0.00239655, 4.74117e-11), (-0.00239655, 4.74117e-11), (-0.00239655, 4.74117e-11), (-0.00239655, 4.74117e-11), (-0.00239655, 4.74117e-11), (-0.00239655, 4.74117e-11), (-0.00239655, 0.0279005), (-0.00239655, -0.193941), (-0.216575, 4.74117e-11), (-0.00239655, 0.243333) ]
Média: 0.997149
Melhor (0.999994): (-0.00239655, 4.74117e-11)
Pior (0.94189): (-0.00239655, 0.243333)

<------Geração 205------>

[ (-0.00239655, 4.74117e-11), (-0.00239655, 4.74117e-11), (-0.00239655, 4.74117e-11), (-0.00239655, 4.74117e-11), (-0.00239655, 4.74117e-11), (-0.00239655, 4.74117e-11), (-0.00239655, 4.74117e-11), (-0.00239655, 4.74117e-11), (-0.00239655, 4.74117e-11), (-0.00239655, 4.74117e-11), (-0.00239655, 4.74117e-11), (-0.00239655, 4.74117e-11), (-0.00239655, 4.74117e-11), (-0.00239655, 4.74117e-11), (-0.00239655, 4.74117e-11), (-0.00239655, 4.74117e-11), (-0.00239655, 4.74117e-11), (-0.00239655, 4.74117e-11), (-0.00239655, 4.74117e-11), (-0.00239655, 4.74117e-11), (-0.00239655, 4.74117e-11), (-0.00239655, 4.74117e-11), (-0.00239655, 4.74117e-11), (-0.00239655, 4.74117e-11), (-0.00239655, 4.74117e-11), (-0.00239655, 4.74117e-11), (-0.00239655, 4.74117e-11), (-0.00239655, 4.74117e-11), (-0.00239655, 4.74117e-11), (-0.00239655, 4.74117e-11), (-0.00239655, 4.74117e-11), (-0.00239655, 4.74117e-11), (-0.00239655, 4.74117e-11), (-0.00239655, 4.74117e-11), (-0.00239655, 4.74117e-11), (-0.00239655, 4.74117e-11), (-0.00239655, 4.74117e-11), (-0.00239655, 4.74117e-11), (-0.00239655, 4.74117e-11), (-0.00239655, 4.74117e-11), (-0.00239655, 4.74117e-11), (-0.00239655, 4.74117e-11), (-0.00239655, 4.74117e-11), (-0.00239655, 4.74117e-11), (0.00982062, 4.74117e-11), (-0.00239655, -0.0406564), (0.123664, 4.74117e-11), (-0.164576, 4.74117e-11), (0.396704, 4.74117e-11), (-0.00239655, -0.834874) ]
Média: 0.985143
Melhor (0.999994): (-0.00239655, 4.74117e-11)
Pior (0.45067): (-0.00239655, -0.834874)

<------Geração 206------>

[ (-0.00239655, 4.74117e-11), (-0.00239655, 4.74117e-11), (-0.00239655, 4.74117e-11), (-0.00239655, 4.74117e-11), (-0.00239655, 4.74117e-11), (-0.00239655, 4.74117e-11), (-0.00239655, 4.74117e-11), (-0.00239655, 4.74117e-11), (-0.00239655, 4.74117e-11), (-0.00239655, 4.74117e-11), (-0.00239655, 4.74117e-11), (-0.00239655, 4.74117e-11), (-0.00239655, 4.74117e-11), (-0.00239655, 4.74117e-11), (-0.00239655, 4.74117e-11), (-0.00239655, 4.74117e-11), (-0.00239655, 4.74117e-11), (-0.00239655, 4.74117e-11), (-0.00239655, 4.74117e-11), (-0.00239655, 4.74117e-11), (-0.00239655, 4.74117e-11), (-0.00239655, 4.74117e-11), (-0.00239655, 4.74117e-11), (-0.00239655, 4.74117e-11), (-0.00239655, 4.74117e-11), (-0.00239655, 4.74117e-11), (-0.00239655, 4.74117e-11), (-0.00239655, 4.74117e-11), (-0.00239655, 4.74117e-11), (-0.00239655, 4.74117e-11), (-0.00239655, 4.74117e-11), (-0.00239655, 4.74117e-11), (-0.00239655, 4.74117e-11), (-0.00239655, 4.74117e-11), (-0.00239655, 4.74117e-11), (-0.00239655, 4.74117e-11), (-0.00239655, 4.74117e-11), (-0.00239655, 4.74117e-11), (-0.00239655, 4.74117e-11), (-0.00239655, 4.74117e-11), (-0.00239655, 4.74117e-11), (-0.00239655, 4.74117e-11), (-0.00239655, 4.74117e-11), (-0.00239655, 4.74117e-11), (-0.00239655, 4.74117e-11), (-0.00239655, 4.74117e-11), (-0.00239655, 4.74117e-11), (-0.00239655, 4.74117e-11), (-0.00239655, -0.360878), (-0.753632, 4.74117e-11) ]
Média: 0.988133
Melhor (0.999994): (-0.00239655, 4.74117e-11)
Pior (0.531709): (-0.753632, 4.74117e-11)

<------Geração 207------>

[ (-0.00239655, 4.74117e-11), (-0.00239655, 4.74117e-11), (-0.00239655, 4.74117e-11), (-0.00239655, 4.74117e-11), (-0.00239655, 4.74117e-11), (-0.00239655, 4.74117e-11), (-0.00239655, 4.74117e-11), (-0.00239655, 4.74117e-11), (-0.00239655, 4.74117e-11), (-0.00239655, 4.74117e-11), (-0.00239655, 4.74117e-11), (-0.00239655, 4.74117e-11), (-0.00239655, 4.74117e-11), (-0.00239655, 4.74117e-11), (-0.00239655, 4.74117e-11), (-0.00239655, 4.74117e-11), (-0.00239655, 4.74117e-11), (-0.00239655, 4.74117e-11), (-0.00239655, 4.74117e-11), (-0.00239655, 4.74117e-11), (-0.00239655, 4.74117e-11), (-0.00239655, 4.74117e-11), (-0.00239655, 4.74117e-11), (-0.00239655, 4.74117e-11), (-0.00239655, 4.74117e-11), (-0.00239655, 4.74117e-11), (-0.00239655, 4.74117e-11), (-0.00239655, 4.74117e-11), (-0.00239655, 4.74117e-11), (-0.00239655, 4.74117e-11), (-0.00239655, 4.74117e-11), (-0.00239655, 4.74117e-11), (-0.00239655, 4.74117e-11), (-0.00239655, 4.74117e-11), (-0.00239655, 4.74117e-11), (-0.00239655, 4.74117e-11), (-0.00239655, 4.74117e-11), (-0.00239655, 4.74117e-11), (-0.00239655, 4.74117e-11), (-0.00239655, 4.74117e-11), (-0.00239655, 4.74117e-11), (-0.00239655, 4.74117e-11), (-0.00239655, 4.74117e-11), (-0.00239655, 4.74117e-11), (-0.00239655, 0.0975707), (-0.00239655, 0.211325), (0.284428, 4.74117e-11), (0.395251, 0.0283289), (-0.6508, 4.74117e-11), (-0.00239655, -0.87164) ]
Média: 0.97531
Melhor (0.999994): (-0.00239655, 4.74117e-11)
Pior (0.414313): (-0.00239655, -0.87164)

<------Geração 208------>

[ (-0.00239655, 4.74117e-11), (-0.00239655, 4.74117e-11), (-0.00239655, 4.74117e-11), (-0.00239655, 4.74117e-11), (-0.00239655, 4.74117e-11), (-0.00239655, 4.74117e-11), (-0.00239655, 4.74117e-11), (-0.00239655, 4.74117e-11), (-0.00239655, 4.74117e-11), (-0.00239655, 4.74117e-11), (-0.00239655, 4.74117e-11), (-0.00239655, 4.74117e-11), (-0.00239655, 4.74117e-11), (-0.00239655, 4.74117e-11), (-0.00239655, 4.74117e-11), (-0.00239655, 4.74117e-11), (-0.00239655, 4.74117e-11), (-0.00239655, 4.74117e-11), (-0.00239655, 4.74117e-11), (-0.00239655, 4.74117e-11), (-0.00239655, 4.74117e-11), (-0.00239655, 4.74117e-11), (-0.00239655, 4.74117e-11), (-0.00239655, 4.74117e-11), (-0.00239655, 4.74117e-11), (-0.00239655, 4.74117e-11), (-0.00239655, 4.74117e-11), (-0.00239655, 4.74117e-11), (-0.00239655, 4.74117e-11), (-0.00239655, 4.74117e-11), (-0.00239655, 4.74117e-11), (-0.00239655, 4.74117e-11), (-0.00239655, 4.74117e-11), (-0.00239655, 4.74117e-11), (-0.00239655, 4.74117e-11), (-0.00239655, 4.74117e-11), (-0.00239655, 4.74117e-11), (-0.00239655, 4.74117e-11), (-0.00239655, 4.74117e-11), (-0.00239655, 4.74117e-11), (-0.00239655, 4.74117e-11), (-0.00239655, 4.74117e-11), (-0.00239655, 4.74117e-11), (-0.00239655, 4.74117e-11), (-0.00239655, 4.74117e-11), (-0.00239655, 4.74117e-11), (-0.00239655, 4.74117e-11), (-0.00239655, 4.74117e-11), (-0.00239655, -0.248597), (-0.357046, 4.74117e-11) ]
Média: 0.996337
Melhor (0.999994): (-0.00239655, 4.74117e-11)
Pior (0.877748): (-0.357046, 4.74117e-11)

<------Geração 209------>

[ (-0.00239655, 4.74117e-11), (-0.00239655, 4.74117e-11), (-0.00239655, 4.74117e-11), (-0.00239655, 4.74117e-11), (-0.00239655, 4.74117e-11), (-0.00239655, 4.74117e-11), (-0.00239655, 4.74117e-11), (-0.00239655, 4.74117e-11), (-0.00239655, 4.74117e-11), (-0.00239655, 4.74117e-11), (-0.00239655, 4.74117e-11), (-0.00239655, 4.74117e-11), (-0.00239655, 4.74117e-11), (-0.00239655, 4.74117e-11), (-0.00239655, 4.74117e-11), (-0.00239655, 4.74117e-11), (-0.00239655, 4.74117e-11), (-0.00239655, 4.74117e-11), (-0.00239655, 4.74117e-11), (-0.00239655, 4.74117e-11), (-0.00239655, 4.74117e-11), (-0.00239655, 4.74117e-11), (-0.00239655, 4.74117e-11), (-0.00239655, 4.74117e-11), (-0.00239655, 4.74117e-11), (-0.00239655, 4.74117e-11), (-0.00239655, 4.74117e-11), (-0.00239655, 4.74117e-11), (-0.00239655, 4.74117e-11), (-0.00239655, 4.74117e-11), (-0.00239655, 4.74117e-11), (-0.00239655, 4.74117e-11), (-0.00239655, 4.74117e-11), (-0.00239655, 4.74117e-11), (-0.00239655, 4.74117e-11), (-0.00239655, 4.74117e-11), (-0.00239655, 4.74117e-11), (-0.00239655, 4.74117e-11), (-0.00239655, 4.74117e-11), (-0.00239655, 4.74117e-11), (-0.00239655, 4.74117e-11), (-0.00239655, 4.74117e-11), (-0.00239655, 4.74117e-11), (-0.00239655, 4.74117e-11), (-0.00239655, 4.74117e-11), (-0.00239655, 4.74117e-11), (-0.00239655, 4.74117e-11), (-0.239741, 4.74117e-11), (0.442363, 4.74117e-11), (-0.470035, 4.74117e-11) ]
Média: 0.991093
Melhor (0.999994): (-0.00239655, 4.74117e-11)
Pior (0.794736): (-0.470035, 4.74117e-11)

<------Geração 210------>

[ (-0.00239655, 4.74117e-11), (-0.00239655, 4.74117e-11), (-0.00239655, 4.74117e-11), (-0.00239655, 4.74117e-11), (-0.00239655, 4.74117e-11), (-0.00239655, 4.74117e-11), (-0.00239655, 4.74117e-11), (-0.00239655, 4.74117e-11), (-0.00239655, 4.74117e-11), (-0.00239655, 4.74117e-11), (-0.00239655, 4.74117e-11), (-0.00239655, 4.74117e-11), (-0.00239655, 4.74117e-11), (-0.00239655, 4.74117e-11), (-0.00239655, 4.74117e-11), (-0.00239655, 4.74117e-11), (-0.00239655, 4.74117e-11), (-0.00239655, 4.74117e-11), (-0.00239655, 4.74117e-11), (-0.00239655, 4.74117e-11), (-0.00239655, 4.74117e-11), (-0.00239655, 4.74117e-11), (-0.00239655, 4.74117e-11), (-0.00239655, 4.74117e-11), (-0.00239655, 4.74117e-11), (-0.00239655, 4.74117e-11), (-0.00239655, 4.74117e-11), (-0.00239655, 4.74117e-11), (-0.00239655, 4.74117e-11), (-0.00239655, 4.74117e-11), (-0.00239655, 4.74117e-11), (-0.00239655, 4.74117e-11), (-0.00239655, 4.74117e-11), (-0.00239655, 4.74117e-11), (-0.00239655, 4.74117e-11), (-0.00239655, 4.74117e-11), (-0.00239655, 4.74117e-11), (-0.00239655, 4.74117e-11), (-0.00239655, 4.74117e-11), (-0.00239655, 4.74117e-11), (-0.00239655, 4.74117e-11), (-0.00239655, 4.74117e-11), (-0.00239655, 4.74117e-11), (-0.00239655, 4.74117e-11), (-0.00239655, 4.74117e-11), (0.0990321, 4.74117e-11), (0.162716, 4.74117e-11), (-0.224359, 4.74117e-11), (0.399283, 4.74117e-11), (0.473192, 0.514906) ]
Média: 0.98697
Melhor (0.999994): (-0.00239655, 4.74117e-11)
Pior (0.585577): (0.473192, 0.514906)

<------Geração 211------>

[ (-0.00239655, 4.74117e-11), (-0.00239655, 4.74117e-11), (-0.00239655, 4.74117e-11), (-0.00239655, 4.74117e-11), (-0.00239655, 4.74117e-11), (-0.00239655, 4.74117e-11), (-0.00239655, 4.74117e-11), (-0.00239655, 4.74117e-11), (-0.00239655, 4.74117e-11), (-0.00239655, 4.74117e-11), (-0.00239655, 4.74117e-11), (-0.00239655, 4.74117e-11), (-0.00239655, 4.74117e-11), (-0.00239655, 4.74117e-11), (-0.00239655, 4.74117e-11), (-0.00239655, 4.74117e-11), (-0.00239655, 4.74117e-11), (-0.00239655, 4.74117e-11), (-0.00239655, 4.74117e-11), (-0.00239655, 4.74117e-11), (-0.00239655, 4.74117e-11), (-0.00239655, 4.74117e-11), (-0.00239655, 4.74117e-11), (-0.00239655, 4.74117e-11), (-0.00239655, 4.74117e-11), (-0.00239655, 4.74117e-11), (-0.00239655, 4.74117e-11), (-0.00239655, 4.74117e-11), (-0.00239655, 4.74117e-11), (-0.00239655, 4.74117e-11), (-0.00239655, 4.74117e-11), (-0.00239655, 4.74117e-11), (-0.00239655, 4.74117e-11), (-0.00239655, 4.74117e-11), (-0.00239655, 4.74117e-11), (-0.00239655, 4.74117e-11), (-0.00239655, 4.74117e-11), (-0.00239655, 4.74117e-11), (-0.00239655, 4.74117e-11), (-0.00239655, 4.74117e-11), (-0.00239655, 4.74117e-11), (-0.00239655, 4.74117e-11), (-0.00239655, 4.74117e-11), (-0.00239655, 4.74117e-11), (-0.00239655, 4.74117e-11), (-0.00239655, 4.74117e-11), (-0.00239655, 4.74117e-11), (-0.00239655, -0.00957442), (-0.00239655, -0.140897), (-0.00239655, 0.245901) ]
Média: 0.998411
Melhor (0.999994): (-0.00239655, 4.74117e-11)
Pior (0.940683): (-0.00239655, 0.245901)

<------Geração 212------>

[ (-0.00239655, 4.74117e-11), (-0.00239655, 4.74117e-11), (-0.00239655, 4.74117e-11), (-0.00239655, 4.74117e-11), (-0.00239655, 4.74117e-11), (-0.00239655, 4.74117e-11), (-0.00239655, 4.74117e-11), (-0.00239655, 4.74117e-11), (-0.00239655, 4.74117e-11), (-0.00239655, 4.74117e-11), (-0.00239655, 4.74117e-11), (-0.00239655, 4.74117e-11), (-0.00239655, 4.74117e-11), (-0.00239655, 4.74117e-11), (-0.00239655, 4.74117e-11), (-0.00239655, 4.74117e-11), (-0.00239655, 4.74117e-11), (-0.00239655, 4.74117e-11), (-0.00239655, 4.74117e-11), (-0.00239655, 4.74117e-11), (-0.00239655, 4.74117e-11), (-0.00239655, 4.74117e-11), (-0.00239655, 4.74117e-11), (-0.00239655, 4.74117e-11), (-0.00239655, 4.74117e-11), (-0.00239655, 4.74117e-11), (-0.00239655, 4.74117e-11), (-0.00239655, 4.74117e-11), (-0.00239655, 4.74117e-11), (-0.00239655, 4.74117e-11), (-0.00239655, 4.74117e-11), (-0.00239655, 4.74117e-11), (-0.00239655, 4.74117e-11), (-0.00239655, 4.74117e-11), (-0.00239655, 4.74117e-11), (-0.00239655, 4.74117e-11), (-0.00239655, 4.74117e-11), (-0.00239655, 4.74117e-11), (-0.00239655, 4.74117e-11), (-0.00239655, 4.74117e-11), (-0.00239655, 4.74117e-11), (-0.00239655, 4.74117e-11), (-0.00239655, 4.74117e-11), (-0.00239655, 4.74117e-11), (-0.00239655, 4.74117e-11), (-0.00239655, 4.74117e-11), (-0.00239655, 4.74117e-11), (-0.00239655, 0.0111775), (-0.309983, 4.74117e-11), (-0.00239655, -0.607713) ]
Média: 0.991606
Melhor (0.999994): (-0.00239655, 4.74117e-11)
Pior (0.673836): (-0.00239655, -0.607713)

<------Geração 213------>

[ (-0.00239655, 4.74117e-11), (-0.00239655, 4.74117e-11), (-0.00239655, 4.74117e-11), (-0.00239655, 4.74117e-11), (-0.00239655, 4.74117e-11), (-0.00239655, 4.74117e-11), (-0.00239655, 4.74117e-11), (-0.00239655, 4.74117e-11), (-0.00239655, 4.74117e-11), (-0.00239655, 4.74117e-11), (-0.00239655, 4.74117e-11), (-0.00239655, 4.74117e-11), (-0.00239655, 4.74117e-11), (-0.00239655, 4.74117e-11), (-0.00239655, 4.74117e-11), (-0.00239655, 4.74117e-11), (-0.00239655, 4.74117e-11), (-0.00239655, 4.74117e-11), (-0.00239655, 4.74117e-11), (-0.00239655, 4.74117e-11), (-0.00239655, 4.74117e-11), (-0.00239655, 4.74117e-11), (-0.00239655, 4.74117e-11), (-0.00239655, 4.74117e-11), (-0.00239655, 4.74117e-11), (-0.00239655, 4.74117e-11), (-0.00239655, 4.74117e-11), (-0.00239655, 4.74117e-11), (-0.00239655, 4.74117e-11), (-0.00239655, 4.74117e-11), (-0.00239655, 4.74117e-11), (-0.00239655, 4.74117e-11), (-0.00239655, 4.74117e-11), (-0.00239655, 4.74117e-11), (-0.00239655, 4.74117e-11), (-0.00239655, 4.74117e-11), (-0.00239655, 4.74117e-11), (-0.00239655, 4.74117e-11), (-0.00239655, 4.74117e-11), (-0.00239655, 4.74117e-11), (-0.00239655, 4.74117e-11), (-0.00239655, 4.74117e-11), (0.0772799, 4.74117e-11), (-0.116014, 4.74117e-11), (-0.138564, 4.74117e-11), (-0.00239655, 0.326885), (-0.00239655, 0.358556), (-0.653306, 4.74117e-11), (-0.654436, 4.74117e-11), (-0.00239655, 1.00541) ]
Média: 0.965642
Melhor (0.999994): (-0.00239655, 4.74117e-11)
Pior (0.287446): (-0.00239655, 1.00541)

<------Geração 214------>

[ (-0.00239655, 4.74117e-11), (-0.00239655, 4.74117e-11), (-0.00239655, 4.74117e-11), (-0.00239655, 4.74117e-11), (-0.00239655, 4.74117e-11), (-0.00239655, 4.74117e-11), (-0.00239655, 4.74117e-11), (-0.00239655, 4.74117e-11), (-0.00239655, 4.74117e-11), (-0.00239655, 4.74117e-11), (-0.00239655, 4.74117e-11), (-0.00239655, 4.74117e-11), (-0.00239655, 4.74117e-11), (-0.00239655, 4.74117e-11), (-0.00239655, 4.74117e-11), (-0.00239655, 4.74117e-11), (-0.00239655, 4.74117e-11), (-0.00239655, 4.74117e-11), (-0.00239655, 4.74117e-11), (-0.00239655, 4.74117e-11), (-0.00239655, 4.74117e-11), (-0.00239655, 4.74117e-11), (-0.00239655, 4.74117e-11), (-0.00239655, 4.74117e-11), (-0.00239655, 4.74117e-11), (-0.00239655, 4.74117e-11), (-0.00239655, 4.74117e-11), (-0.00239655, 4.74117e-11), (-0.00239655, 4.74117e-11), (-0.00239655, 4.74117e-11), (-0.00239655, 4.74117e-11), (-0.00239655, 4.74117e-11), (-0.00239655, 4.74117e-11), (-0.00239655, 4.74117e-11), (-0.00239655, 4.74117e-11), (-0.00239655, 4.74117e-11), (-0.00239655, 4.74117e-11), (-0.00239655, 4.74117e-11), (-0.00239655, 4.74117e-11), (-0.00239655, 4.74117e-11), (-0.00239655, 4.74117e-11), (-0.00239655, 4.74117e-11), (-0.00239655, 4.74117e-11), (-0.00239655, 4.74117e-11), (-0.00239655, 4.74117e-11), (-0.226302, 4.74117e-11), (0.245076, 4.74117e-11), (-0.00239655, 0.299602), (0.485815, 4.74117e-11), (-0.00239655, -0.663732) ]
Média: 0.984109
Melhor (0.999994): (-0.00239655, 4.74117e-11)
Pior (0.620359): (-0.00239655, -0.663732)

<------Geração 215------>

[ (-0.00239655, 4.74117e-11), (-0.00239655, 4.74117e-11), (-0.00239655, 4.74117e-11), (-0.00239655, 4.74117e-11), (-0.00239655, 4.74117e-11), (-0.00239655, 4.74117e-11), (-0.00239655, 4.74117e-11), (-0.00239655, 4.74117e-11), (-0.00239655, 4.74117e-11), (-0.00239655, 4.74117e-11), (-0.00239655, 4.74117e-11), (-0.00239655, 4.74117e-11), (-0.00239655, 4.74117e-11), (-0.00239655, 4.74117e-11), (-0.00239655, 4.74117e-11), (-0.00239655, 4.74117e-11), (-0.00239655, 4.74117e-11), (-0.00239655, 4.74117e-11), (-0.00239655, 4.74117e-11), (-0.00239655, 4.74117e-11), (-0.00239655, 4.74117e-11), (-0.00239655, 4.74117e-11), (-0.00239655, 4.74117e-11), (-0.00239655, 4.74117e-11), (-0.00239655, 4.74117e-11), (-0.00239655, 4.74117e-11), (-0.00239655, 4.74117e-11), (-0.00239655, 4.74117e-11), (-0.00239655, 4.74117e-11), (-0.00239655, 4.74117e-11), (-0.00239655, 4.74117e-11), (-0.00239655, 4.74117e-11), (-0.00239655, 4.74117e-11), (-0.00239655, 4.74117e-11), (-0.00239655, 4.74117e-11), (-0.00239655, 4.74117e-11), (-0.00239655, 4.74117e-11), (-0.00239655, 4.74117e-11), (-0.00239655, 4.74117e-11), (-0.00239655, 4.74117e-11), (-0.00239655, 4.74117e-11), (-0.00239655, 4.74117e-11), (-0.00239655, 4.74117e-11), (-0.00239655, 4.74117e-11), (-0.00239655, 4.74117e-11), (-0.00239655, 4.74117e-11), (-0.00239655, 4.74117e-11), (-0.00239655, 4.74117e-11), (-0.00239655, 4.74117e-11), (-0.00239655, -0.370311) ]
Média: 0.997373
Melhor (0.999994): (-0.00239655, 4.74117e-11)
Pior (0.868918): (-0.00239655, -0.370311)

<------Geração 216------>

[ (-0.00239655, 4.74117e-11), (-0.00239655, 4.74117e-11), (-0.00239655, 4.74117e-11), (-0.00239655, 4.74117e-11), (-0.00239655, 4.74117e-11), (-0.00239655, 4.74117e-11), (-0.00239655, 4.74117e-11), (-0.00239655, 4.74117e-11), (-0.00239655, 4.74117e-11), (-0.00239655, 4.74117e-11), (-0.00239655, 4.74117e-11), (-0.00239655, 4.74117e-11), (-0.00239655, 4.74117e-11), (-0.00239655, 4.74117e-11), (-0.00239655, 4.74117e-11), (-0.00239655, 4.74117e-11), (-0.00239655, 4.74117e-11), (-0.00239655, 4.74117e-11), (-0.00239655, 4.74117e-11), (-0.00239655, 4.74117e-11), (-0.00239655, 4.74117e-11), (-0.00239655, 4.74117e-11), (-0.00239655, 4.74117e-11), (-0.00239655, 4.74117e-11), (-0.00239655, 4.74117e-11), (-0.00239655, 4.74117e-11), (-0.00239655, 4.74117e-11), (-0.00239655, 4.74117e-11), (-0.00239655, 4.74117e-11), (-0.00239655, 4.74117e-11), (-0.00239655, 4.74117e-11), (-0.00239655, 4.74117e-11), (-0.00239655, 4.74117e-11), (-0.00239655, 4.74117e-11), (-0.00239655, 4.74117e-11), (-0.00239655, 4.74117e-11), (-0.00239655, 4.74117e-11), (-0.00239655, 4.74117e-11), (-0.00239655, 4.74117e-11), (-0.00239655, 4.74117e-11), (-0.00239655, 4.74117e-11), (-0.00239655, 4.74117e-11), (-0.00239655, 4.74117e-11), (-0.0266333, 4.74117e-11), (-0.00239655, 0.213393), (-0.229276, 4.74117e-11), (-0.00239655, 0.392259), (-0.549752, 4.74117e-11), (-0.00239655, -0.644807), (-0.919012, 4.74117e-11) ]
Média: 0.969798
Melhor (0.999994): (-0.00239655, 4.74117e-11)
Pior (0.368193): (-0.919012, 4.74117e-11)

<------Geração 217------>

[ (-0.00239655, 4.74117e-11), (-0.00239655, 4.74117e-11), (-0.00239655, 4.74117e-11), (-0.00239655, 4.74117e-11), (-0.00239655, 4.74117e-11), (-0.00239655, 4.74117e-11), (-0.00239655, 4.74117e-11), (-0.00239655, 4.74117e-11), (-0.00239655, 4.74117e-11), (-0.00239655, 4.74117e-11), (-0.00239655, 4.74117e-11), (-0.00239655, 4.74117e-11), (-0.00239655, 4.74117e-11), (-0.00239655, 4.74117e-11), (-0.00239655, 4.74117e-11), (-0.00239655, 4.74117e-11), (-0.00239655, 4.74117e-11), (-0.00239655, 4.74117e-11), (-0.00239655, 4.74117e-11), (-0.00239655, 4.74117e-11), (-0.00239655, 4.74117e-11), (-0.00239655, 4.74117e-11), (-0.00239655, 4.74117e-11), (-0.00239655, 4.74117e-11), (-0.00239655, 4.74117e-11), (-0.00239655, 4.74117e-11), (-0.00239655, 4.74117e-11), (-0.00239655, 4.74117e-11), (-0.00239655, 4.74117e-11), (-0.00239655, 4.74117e-11), (-0.00239655, 4.74117e-11), (-0.00239655, 4.74117e-11), (-0.00239655, 4.74117e-11), (-0.00239655, 4.74117e-11), (-0.00239655, 4.74117e-11), (-0.00239655, 4.74117e-11), (-0.00239655, 4.74117e-11), (-0.00239655, 4.74117e-11), (-0.00239655, 4.74117e-11), (-0.00239655, 4.74117e-11), (-0.00239655, 4.74117e-11), (-0.00239655, 4.74117e-11), (-0.00239655, 4.74117e-11), (-0.00239655, 0.0321101), (0.111696, 4.74117e-11), (0.136688, 4.74117e-11), (-0.00239655, 0.24647), (-0.00239655, -0.375296), (0.589065, 4.74117e-11), (-0.666846, 4.74117e-11) ]
Média: 0.981643
Melhor (0.999994): (-0.00239655, 4.74117e-11)
Pior (0.61734): (-0.666846, 4.74117e-11)

<------Geração 218------>

[ (-0.00239655, 4.74117e-11), (-0.00239655, 4.74117e-11), (-0.00239655, 4.74117e-11), (-0.00239655, 4.74117e-11), (-0.00239655, 4.74117e-11), (-0.00239655, 4.74117e-11), (-0.00239655, 4.74117e-11), (-0.00239655, 4.74117e-11), (-0.00239655, 4.74117e-11), (-0.00239655, 4.74117e-11), (-0.00239655, 4.74117e-11), (-0.00239655, 4.74117e-11), (-0.00239655, 4.74117e-11), (-0.00239655, 4.74117e-11), (-0.00239655, 4.74117e-11), (-0.00239655, 4.74117e-11), (-0.00239655, 4.74117e-11), (-0.00239655, 4.74117e-11), (-0.00239655, 4.74117e-11), (-0.00239655, 4.74117e-11), (-0.00239655, 4.74117e-11), (-0.00239655, 4.74117e-11), (-0.00239655, 4.74117e-11), (-0.00239655, 4.74117e-11), (-0.00239655, 4.74117e-11), (-0.00239655, 4.74117e-11), (-0.00239655, 4.74117e-11), (-0.00239655, 4.74117e-11), (-0.00239655, 4.74117e-11), (-0.00239655, 4.74117e-11), (-0.00239655, 4.74117e-11), (-0.00239655, 4.74117e-11), (-0.00239655, 4.74117e-11), (-0.00239655, 4.74117e-11), (-0.00239655, 4.74117e-11), (-0.00239655, 4.74117e-11), (-0.00239655, 4.74117e-11), (-0.00239655, 4.74117e-11), (-0.00239655, 4.74117e-11), (-0.00239655, 4.74117e-11), (-0.00239655, 4.74117e-11), (-0.00239655, 4.74117e-11), (-0.113268, 4.74117e-11), (0.123897, 4.74117e-11), (-0.00239655, 0.204742), (-0.00239655, 0.350961), (0.368369, 4.74117e-11), (0.412432, 4.74117e-11), (-0.451638, 4.74117e-11), (-0.00239655, -0.497713) ]
Média: 0.982056
Melhor (0.999994): (-0.00239655, 4.74117e-11)
Pior (0.771933): (-0.00239655, -0.497713)

<------Geração 219------>

[ (-0.00239655, 4.74117e-11), (-0.00239655, 4.74117e-11), (-0.00239655, 4.74117e-11), (-0.00239655, 4.74117e-11), (-0.00239655, 4.74117e-11), (-0.00239655, 4.74117e-11), (-0.00239655, 4.74117e-11), (-0.00239655, 4.74117e-11), (-0.00239655, 4.74117e-11), (-0.00239655, 4.74117e-11), (-0.00239655, 4.74117e-11), (-0.00239655, 4.74117e-11), (-0.00239655, 4.74117e-11), (-0.00239655, 4.74117e-11), (-0.00239655, 4.74117e-11), (-0.00239655, 4.74117e-11), (-0.00239655, 4.74117e-11), (-0.00239655, 4.74117e-11), (-0.00239655, 4.74117e-11), (-0.00239655, 4.74117e-11), (-0.00239655, 4.74117e-11), (-0.00239655, 4.74117e-11), (-0.00239655, 4.74117e-11), (-0.00239655, 4.74117e-11), (-0.00239655, 4.74117e-11), (-0.00239655, 4.74117e-11), (-0.00239655, 4.74117e-11), (-0.00239655, 4.74117e-11), (-0.00239655, 4.74117e-11), (-0.00239655, 4.74117e-11), (-0.00239655, 4.74117e-11), (-0.00239655, 4.74117e-11), (-0.00239655, 4.74117e-11), (-0.00239655, 4.74117e-11), (-0.00239655, 4.74117e-11), (-0.00239655, 4.74117e-11), (-0.00239655, 4.74117e-11), (-0.00239655, 4.74117e-11), (-0.00239655, 4.74117e-11), (-0.00239655, 4.74117e-11), (-0.00239655, 4.74117e-11), (-0.00239655, 4.74117e-11), (0.017866, 4.74117e-11), (-0.00239655, -0.0413353), (-0.00239655, 0.145355), (-0.00239655, -0.188829), (-0.00239655, -0.477824), (0.53331, 4.74117e-11), (-0.00239655, -0.537875), (0.634092, 4.74117e-11) ]
Média: 0.977151
Melhor (0.999994): (-0.00239655, 4.74117e-11)
Pior (0.648887): (0.634092, 4.74117e-11)

<------Geração 220------>

[ (0.000116902, 4.74117e-11), (-0.00239655, 4.74117e-11), (-0.00239655, 4.74117e-11), (-0.00239655, 4.74117e-11), (-0.00239655, 4.74117e-11), (-0.00239655, 4.74117e-11), (-0.00239655, 4.74117e-11), (-0.00239655, 4.74117e-11), (-0.00239655, 4.74117e-11), (-0.00239655, 4.74117e-11), (-0.00239655, 4.74117e-11), (-0.00239655, 4.74117e-11), (-0.00239655, 4.74117e-11), (-0.00239655, 4.74117e-11), (-0.00239655, 4.74117e-11), (-0.00239655, 4.74117e-11), (-0.00239655, 4.74117e-11), (-0.00239655, 4.74117e-11), (-0.00239655, 4.74117e-11), (-0.00239655, 4.74117e-11), (-0.00239655, 4.74117e-11), (-0.00239655, 4.74117e-11), (-0.00239655, 4.74117e-11), (-0.00239655, 4.74117e-11), (-0.00239655, 4.74117e-11), (-0.00239655, 4.74117e-11), (-0.00239655, 4.74117e-11), (-0.00239655, 4.74117e-11), (-0.00239655, 4.74117e-11), (-0.00239655, 4.74117e-11), (-0.00239655, 4.74117e-11), (-0.00239655, 4.74117e-11), (-0.00239655, 4.74117e-11), (-0.00239655, 4.74117e-11), (-0.00239655, 4.74117e-11), (-0.00239655, 4.74117e-11), (-0.00239655, 4.74117e-11), (-0.00239655, 4.74117e-11), (-0.00239655, 4.74117e-11), (-0.00239655, 4.74117e-11), (-0.00239655, 4.74117e-11), (-0.00239655, -0.00641926), (-0.00239655, -0.00895245), (-0.00239655, 0.0213662), (-0.00239655, 0.18338), (0.214332, 4.74117e-11), (-0.489696, 4.74117e-11), (0.514351, 4.74117e-11), (-0.931756, 4.74117e-11), (-0.00239655, -0.939014) ]
Média: 0.963242
Melhor (1): (0.000116902, 4.74117e-11)
Pior (0.349053): (-0.00239655, -0.939014)

<------Geração 221------>

[ (0.000116902, 4.74117e-11), (0.000116902, 4.74117e-11), (-0.00133298, 4.74117e-11), (-0.00239655, 4.74117e-11), (-0.00239655, 4.74117e-11), (-0.00239655, 4.74117e-11), (-0.00239655, 4.74117e-11), (-0.00239655, 4.74117e-11), (-0.00239655, 4.74117e-11), (-0.00239655, 4.74117e-11), (-0.00239655, 4.74117e-11), (-0.00239655, 4.74117e-11), (-0.00239655, 4.74117e-11), (-0.00239655, 4.74117e-11), (-0.00239655, 4.74117e-11), (-0.00239655, 4.74117e-11), (-0.00239655, 4.74117e-11), (-0.00239655, 4.74117e-11), (-0.00239655, 4.74117e-11), (-0.00239655, 4.74117e-11), (-0.00239655, 4.74117e-11), (-0.00239655, 4.74117e-11), (-0.00239655, 4.74117e-11), (-0.00239655, 4.74117e-11), (-0.00239655, 4.74117e-11), (-0.00239655, 4.74117e-11), (-0.00239655, 4.74117e-11), (-0.00239655, 4.74117e-11), (-0.00239655, 4.74117e-11), (-0.00239655, 4.74117e-11), (-0.00239655, 4.74117e-11), (-0.00239655, 4.74117e-11), (-0.00239655, 4.74117e-11), (-0.00239655, 4.74117e-11), (-0.00239655, 4.74117e-11), (-0.00239655, 4.74117e-11), (-0.00239655, 4.74117e-11), (-0.00239655, 4.74117e-11), (-0.00239655, 4.74117e-11), (-0.00239655, 4.74117e-11), (-0.00239655, 4.74117e-11), (-0.00239655, 4.74117e-11), (-0.00239655, 4.74117e-11), (-0.00239655, 4.74117e-11), (-0.00239655, 4.74117e-11), (-0.00239655, -0.00128717), (-0.00239655, 0.0860787), (-0.00239655, -0.29547), (-0.00239655, -0.530252), (-0.00239655, 0.651172) ]
Média: 0.985681
Melhor (1): (0.000116902, 4.74117e-11)
Pior (0.632503): (-0.00239655, 0.651172)

<------Geração 222------>

[ (0.000116902, 4.74117e-11), (0.000116902, 4.74117e-11), (0.000116902, 4.74117e-11), (0.000116902, 4.74117e-11), (-0.00016301, 4.74117e-11), (-0.00035115, 4.74117e-11), (-0.00133298, 4.74117e-11), (-0.00148821, 4.74117e-11), (-0.0015978, 4.74117e-11), (-0.0018372, 4.74117e-11), (-0.00194066, 4.74117e-11), (-0.00195157, 4.74117e-11), (-0.00196392, 4.74117e-11), (-0.00222501, 4.74117e-11), (-0.0023819, 4.74117e-11), (-0.00239655, 4.74117e-11), (-0.00239655, 4.74117e-11), (-0.00239655, 4.74117e-11), (-0.00239655, 4.74117e-11), (-0.00239655, 4.74117e-11), (-0.00239655, 4.74117e-11), (-0.00239655, 4.74117e-11), (-0.00239655, 4.74117e-11), (-0.00239655, 4.74117e-11), (-0.00239655, 4.74117e-11), (-0.00239655, 4.74117e-11), (-0.00239655, 4.74117e-11), (-0.00239655, 4.74117e-11), (-0.00239655, 4.74117e-11), (-0.00239655, 4.74117e-11), (-0.00239655, 4.74117e-11), (-0.00239655, 4.74117e-11), (-0.00239655, 4.74117e-11), (-0.00239655, 4.74117e-11), (-0.00239655, 4.74117e-11), (-0.00239655, 4.74117e-11), (-0.00239655, 4.74117e-11), (-0.00239655, 4.74117e-11), (-0.00239655, 4.74117e-11), (-0.00239655, 4.74117e-11), (-0.00239655, 4.74117e-11), (-0.00239655, 4.74117e-11), (-0.00239655, 4.74117e-11), (-0.00239655, 4.74117e-11), (-0.00239655, 4.74117e-11), (0.356962, 4.74117e-11), (0.439518, 4.74117e-11), (0.48951, 4.74117e-11), (-0.541938, 4.74117e-11), (-0.00239655, -0.925171) ]
Média: 0.971426
Melhor (1): (0.000116902, 4.74117e-11)
Pior (0.362274): (-0.00239655, -0.925171)

<------Geração 223------>

[ (0.000116902, 4.74117e-11), (0.000116902, 4.74117e-11), (0.000116902, 4.74117e-11), (0.000116902, 4.74117e-11), (0.000116902, 4.74117e-11), (0.000116902, 4.74117e-11), (-0.00017261, 4.74117e-11), (-0.000201635, 4.74117e-11), (-0.000270303, 4.74117e-11), (-0.000356843, 4.74117e-11), (-0.00036097, 4.74117e-11), (-0.000451406, 4.74117e-11), (-0.000496131, 4.74117e-11), (-0.000738016, 4.74117e-11), (-0.000806568, 4.74117e-11), (-0.00115426, 4.74117e-11), (-0.00123108, 4.74117e-11), (-0.00124897, 4.74117e-11), (-0.00132022, 4.74117e-11), (-0.00134386, 4.74117e-11), (-0.00156027, 4.74117e-11), (-0.00156758, 4.74117e-11), (-0.00163349, 4.74117e-11), (-0.00165574, 4.74117e-11), (-0.00170515, 4.74117e-11), (-0.0017375, 4.74117e-11), (-0.00176416, 4.74117e-11), (-0.00191088, 4.74117e-11), (-0.00191975, 4.74117e-11), (-0.0019547, 4.74117e-11), (-0.00196392, 4.74117e-11), (-0.00199089, 4.74117e-11), (-0.00201389, 4.74117e-11), (-0.00204031, 4.74117e-11), (-0.00205817, 4.74117e-11), (-0.00212615, 4.74117e-11), (-0.00214778, 4.74117e-11), (-0.00229705, 4.74117e-11), (-0.00229938, 4.74117e-11), (-0.00230096, 4.74117e-11), (-0.00231076, 4.74117e-11), (-0.00239084, 4.74117e-11), (-0.00239655, 4.74117e-11), (-0.00239655, 4.74117e-11), (-0.00239655, 0.0710442), (-0.0846097, 4.74117e-11), (-0.0931207, 4.74117e-11), (0.139936, 4.74117e-11), (2.84383e-06, -0.14343), (-0.56751, 4.74117e-11) ]
Média: 0.993001
Melhor (1): (0.000116902, 4.74117e-11)
Pior (0.710922): (-0.56751, 4.74117e-11)

<------Geração 224------>

[ (1.39715e-05, 4.74117e-11), (-5.34524e-05, 4.74117e-11), (-5.51954e-05, 4.74117e-11), (0.000116902, 4.74117e-11), (0.000116902, 4.74117e-11), (0.000116902, 4.74117e-11), (0.000116902, 4.74117e-11), (-0.000130477, 4.74117e-11), (-0.000156713, 4.74117e-11), (-0.000170683, 4.74117e-11), (-0.000184683, 4.74117e-11), (-0.000193893, 4.74117e-11), (-0.0001944, 4.74117e-11), (-0.000205274, 4.74117e-11), (-0.000220953, 4.74117e-11), (-0.000228196, 4.74117e-11), (-0.000236175, 4.74117e-11), (-0.000271431, 4.74117e-11), (-0.000298024, 4.74117e-11), (-0.000305926, 4.74117e-11), (-0.000314737, 4.74117e-11), (-0.000393732, 4.74117e-11), (-0.000428213, 4.74117e-11), (-0.000438151, 4.74117e-11), (-0.000492391, 4.74117e-11), (-0.000502013, 4.74117e-11), (-0.000540178, 4.74117e-11), (-0.00060678, 4.74117e-11), (-0.000657034, 4.74117e-11), (-0.000752818, 4.74117e-11), (-0.000788774, 4.74117e-11), (-0.000912853, 4.74117e-11), (-0.000945996, 4.74117e-11), (-0.00100298, 4.74117e-11), (-0.00101426, 4.74117e-11), (-0.00111365, 4.74117e-11), (-0.00111368, 4.74117e-11), (-0.00112569, 4.74117e-11), (-0.00119553, 4.74117e-11), (-0.00125968, 4.74117e-11), (-0.00126082, 4.74117e-11), (-0.00129616, 4.74117e-11), (-0.00143212, 4.74117e-11), (-0.00147562, 4.74117e-11), (-0.00170515, 4.74117e-11), (-0.00173034, 4.74117e-11), (-1.02892e-05, -0.244728), (0.000116902, -0.289179), (-0.00127518, 0.330973), (-0.000584269, 0.358558) ]
Média: 0.992618
Melhor (1): (1.39715e-05, 4.74117e-11)
Pior (0.876755): (-0.000584269, 0.358558)

<------Geração 225------>

[ (-2.24704e-06, 4.74117e-11), (1.39715e-05, 4.74117e-11), (2.55274e-05, 4.74117e-11), (-4.05872e-05, 4.74117e-11), (-5.33381e-05, 4.74117e-11), (-5.34524e-05, 4.74117e-11), (-5.38841e-05, 4.74117e-11), (-5.67113e-05, 4.74117e-11), (5.74054e-05, 4.74117e-11), (5.75687e-05, 4.74117e-11), (-6.47602e-05, 4.74117e-11), (-6.58153e-05, 4.74117e-11), (-6.84983e-05, 4.74117e-11), (7.61504e-05, 4.74117e-11), (0.000116902, 4.74117e-11), (-0.000125194, 4.74117e-11), (-0.000149184, 4.74117e-11), (-0.000150069, 4.74117e-11), (-0.000153839, 4.74117e-11), (-0.000167216, 4.74117e-11), (-0.000167634, 4.74117e-11), (-0.000167891, 4.74117e-11), (-0.000170683, 4.74117e-11), (-0.00017623, 4.74117e-11), (-0.000177519, 4.74117e-11), (-0.000177823, 4.74117e-11), (-0.00020198, 4.74117e-11), (-0.000209121, 4.74117e-11), (-0.000209238, 4.74117e-11), (-0.000211019, 4.74117e-11), (-0.000228261, 4.74117e-11), (-0.000235307, 4.74117e-11), (-0.000236208, 4.74117e-11), (-0.000242301, 4.74117e-11), (-0.000246979, 4.74117e-11), (-0.000272076, 4.74117e-11), (-0.000294222, 4.74117e-11), (-0.000412697, 4.74117e-11), (-0.000418891, 4.74117e-11), (-0.000435736, 4.74117e-11), (-0.000478501, 4.74117e-11), (-0.000537993, 4.74117e-11), (-0.000573242, 4.74117e-11), (-0.000677594, 4.74117e-11), (-0.000979723, 4.74117e-11), (0.000101326, -0.0590885), (9.68548e-05, -0.137811), (0.150485, 4.74117e-11), (-0.00101878, -0.257252), (0.686849, 4.74117e-11) ]
Média: 0.989763
Melhor (1): (-2.24704e-06, 4.74117e-11)
Pior (0.59782): (0.686849, 4.74117e-11)

<------Geração 226------>

[ (-2.24704e-06, 4.74117e-11), (-1.08042e-05, 4.74117e-11), (1.16391e-05, 4.74117e-11), (1.39715e-05, 4.74117e-11), (3.25422e-05, 4.74117e-11), (-3.30346e-05, 4.74117e-11), (3.47045e-05, 4.74117e-11), (-4.12123e-05, 4.74117e-11), (-4.21467e-05, 4.74117e-11), (-4.3139e-05, 4.74117e-11), (-4.69608e-05, 4.74117e-11), (-4.96846e-05, 4.74117e-11), (-5.34414e-05, 4.74117e-11), (-5.34964e-05, 4.74117e-11), (-5.76358e-05, 4.74117e-11), (-5.80219e-05, 4.74117e-11), (-5.99973e-05, 4.74117e-11), (-6.1906e-05, 4.74117e-11), (-6.42556e-05, 4.74117e-11), (-6.58153e-05, 4.74117e-11), (-6.7929e-05, 4.74117e-11), (-7.64569e-05, 4.74117e-11), (8.04659e-05, 4.74117e-11), (-8.7017e-05, 4.74117e-11), (-8.73387e-05, 4.74117e-11), (-0.000104442, 4.74117e-11), (-0.000106543, 4.74117e-11), (-0.000113437, 4.74117e-11), (-0.000119269, 4.74117e-11), (-0.000125194, 4.74117e-11), (-0.00013016, 4.74117e-11), (-0.000132526, 4.74117e-11), (-0.000133211, 4.74117e-11), (-0.000136853, 4.74117e-11), (-0.000141676, 4.74117e-11), (-0.000156263, 4.74117e-11), (-0.000161981, 4.74117e-11), (-0.000163546, 4.74117e-11), (-0.000163954, 4.74117e-11), (-0.000166097, 4.74117e-11), (-0.000166452, 4.74117e-11), (-0.000174306, 4.74117e-11), (-0.00023325, 4.74117e-11), (-0.00027872, 4.74117e-11), (-0.00919211, 4.74117e-11), (-0.103185, 4.74117e-11), (-7.65428e-06, 0.120441), (-0.000167373, 0.349228), (0.716643, 4.74117e-11), (0.987443, 4.74117e-11) ]
Média: 0.974599
Melhor (1): (-2.24704e-06, 4.74117e-11)
Pior (0.303792): (0.987443, 4.74117e-11)

<------Geração 227------>

[ (-2.24704e-06, 4.74117e-11), (-2.24704e-06, 4.74117e-11), (6.14373e-06, 4.74117e-11), (6.44693e-06, 4.74117e-11), (9.07396e-06, 4.74117e-11), (-1.04618e-05, 4.74117e-11), (-1.08042e-05, 4.74117e-11), (1.26516e-05, 4.74117e-11), (-1.30899e-05, 4.74117e-11), (-1.33975e-05, 4.74117e-11), (-1.96325e-05, 4.74117e-11), (-2.37911e-05, 4.74117e-11), (-2.66062e-05, 4.74117e-11), (-2.81798e-05, 4.74117e-11), (-3.30746e-05, 4.74117e-11), (-3.82437e-05, 4.74117e-11), (4.13967e-05, 4.74117e-11), (-4.19334e-05, 4.74117e-11), (-4.29561e-05, 4.74117e-11), (-4.30731e-05, 4.74117e-11), (-4.34031e-05, 4.74117e-11), (-4.57645e-05, 4.74117e-11), (-4.58399e-05, 4.74117e-11), (-4.85071e-05, 4.74117e-11), (-4.85091e-05, 4.74117e-11), (-4.90121e-05, 4.74117e-11), (-5.09597e-05, 4.74117e-11), (-5.38154e-05, 4.74117e-11), (-5.53029e-05, 4.74117e-11), (-5.76358e-05, 4.74117e-11), (-6.10619e-05, 4.74117e-11), (-6.43236e-05, 4.74117e-11), (-6.49027e-05, 4.74117e-11), (-6.86631e-05, 4.74117e-11), (-7.26618e-05, 4.74117e-11), (-7.33653e-05, 4.74117e-11), (-7.43883e-05, 4.74117e-11), (-8.09494e-05, 4.74117e-11), (-8.64719e-05, 4.74117e-11), (-8.72076e-05, 4.74117e-11), (-9.06933e-05, 4.74117e-11), (-9.09292e-05, 4.74117e-11), (-9.90017e-05, 4.74117e-11), (-0.000104565, 4.74117e-11), (-0.000112877, 4.74117e-11), (-0.000152249, 4.74117e-11), (-0.000155453, 4.74117e-11), (-2.77396e-06, -0.106799), (0.293699, 4.74117e-11), (0.633579, 4.74117e-11) ]
Média: 0.991082
Melhor (1): (-2.24704e-06, 4.74117e-11)
Pior (0.649377): (0.633579, 4.74117e-11)

<------Geração 228------>

[ (-2.39884e-07, 4.74117e-11), (-2.0135e-06, 4.74117e-11), (-2.24704e-06, 4.74117e-11), (-2.24704e-06, 4.74117e-11), (-2.4734e-06, 4.74117e-11), (-2.51933e-06, 4.74117e-11), (2.64902e-06, 4.74117e-11), (3.37719e-06, 4.74117e-11), (5.58916e-06, 4.74117e-11), (6.14373e-06, 4.74117e-11), (7.09137e-06, 4.74117e-11), (7.33034e-06, 4.74117e-11), (7.57944e-06, 4.74117e-11), (9.21555e-06, 4.74117e-11), (-1.16194e-05, 4.74117e-11), (1.19343e-05, 4.74117e-11), (-1.19825e-05, 4.74117e-11), (-1.3997e-05, 4.74117e-11), (-1.48084e-05, 4.74117e-11), (-1.52301e-05, 4.74117e-11), (-1.76058e-05, 4.74117e-11), (-2.18562e-05, 4.74117e-11), (-2.24006e-05, 4.74117e-11), (-2.36214e-05, 4.74117e-11), (-2.37352e-05, 4.74117e-11), (-2.4488e-05, 4.74117e-11), (-2.52657e-05, 4.74117e-11), (-2.53101e-05, 4.74117e-11), (-2.71611e-05, 4.74117e-11), (-3.09153e-05, 4.74117e-11), (-3.10839e-05, 4.74117e-11), (-3.29798e-05, 4.74117e-11), (-3.57888e-05, 4.74117e-11), (-3.64584e-05, 4.74117e-11), (-3.6678e-05, 4.74117e-11), (-3.68129e-05, 4.74117e-11), (-4.35561e-05, 4.74117e-11), (-4.37476e-05, 4.74117e-11), (-4.3889e-05, 4.74117e-11), (-4.38988e-05, 4.74117e-11), (-4.59186e-05, 4.74117e-11), (-4.74922e-05, 4.74117e-11), (-5.06121e-05, 4.74117e-11), (-5.42993e-05, 4.74117e-11), (0.014945, 4.74117e-11), (-2.63093e-05, 0.19833), (-0.449522, 4.74117e-11), (-0.457981, 4.74117e-11), (-3.87055e-05, -0.858527), (-0.994616, 4.74117e-11) ]
Média: 0.966017
Melhor (1): (-2.39884e-07, 4.74117e-11)
Pior (0.297236): (-0.994616, 4.74117e-11)

<------Geração 229------>

[ (4.65301e-09, 4.74117e-11), (2.3426e-07, 4.74117e-11), (-2.39884e-07, 4.74117e-11), (-3.08693e-07, 4.74117e-11), (6.44215e-07, 4.74117e-11), (-8.8018e-07, 4.74117e-11), (-1.02281e-06, 4.74117e-11), (-2.0135e-06, 4.74117e-11), (-2.05004e-06, 4.74117e-11), (-2.12145e-06, 4.74117e-11), (-2.24704e-06, 4.74117e-11), (-2.28549e-06, 4.74117e-11), (-2.50669e-06, 4.74117e-11), (-2.51587e-06, 4.74117e-11), (2.64783e-06, 4.74117e-11), (3.49155e-06, 4.74117e-11), (-3.72068e-06, 4.74117e-11), (-4.31795e-06, 4.74117e-11), (4.51016e-06, 4.74117e-11), (-4.59857e-06, 4.74117e-11), (-4.76223e-06, 4.74117e-11), (-5.14822e-06, 4.74117e-11), (-5.27978e-06, 4.74117e-11), (-5.594e-06, 4.74117e-11), (7.11557e-06, 4.74117e-11), (7.33034e-06, 4.74117e-11), (7.91789e-06, 4.74117e-11), (8.61257e-06, 4.74117e-11), (8.66301e-06, 4.74117e-11), (-8.99519e-06, 4.74117e-11), (9.04034e-06, 4.74117e-11), (9.14451e-06, 4.74117e-11), (-9.81221e-06, 4.74117e-11), (-1.03809e-05, 4.74117e-11), (-1.06933e-05, 4.74117e-11), (-1.34803e-05, 4.74117e-11), (-1.43483e-05, 4.74117e-11), (-1.49369e-05, 4.74117e-11), (-1.51378e-05, 4.74117e-11), (-1.89478e-05, 4.74117e-11), (-2.22558e-05, 4.74117e-11), (-2.43615e-05, 4.74117e-11), (-3.00853e-05, 4.74117e-11), (-3.11637e-05, 4.74117e-11), (-3.47933e-05, 4.74117e-11), (-2.11632e-06, -0.0623874), (0.100178, 4.74117e-11), (-2.87294e-05, 0.139379), (-8.45317e-06, 0.238681), (-9.82089e-06, -0.386662) ]
Média: 0.99537
Melhor (1): (4.65301e-09, 4.74117e-11)
Pior (0.85769): (-9.82089e-06, -0.386662)

<------Geração 230------>

[ (4.65301e-09, 4.74117e-11), (2.43747e-08, 4.74117e-11), (-6.42082e-08, 4.74117e-11), (7.81488e-08, 4.74117e-11), (-1.62305e-07, 4.74117e-11), (-2.17716e-07, 4.74117e-11), (2.31395e-07, 4.74117e-11), (2.3426e-07, 4.74117e-11), (3.12959e-07, 4.74117e-11), (-4.66201e-07, 4.74117e-11), (-4.81912e-07, 4.74117e-11), (4.89745e-07, 4.74117e-11), (-6.82923e-07, 4.74117e-11), (-8.24534e-07, 4.74117e-11), (-9.62296e-07, 4.74117e-11), (-1.0116e-06, 4.74117e-11), (-1.1665e-06, 4.74117e-11), (-1.30984e-06, 4.74117e-11), (1.35999e-06, 4.74117e-11), (1.45779e-06, 4.74117e-11), (-1.66773e-06, 4.74117e-11), (-1.68203e-06, 4.74117e-11), (1.89646e-06, 4.74117e-11), (2.05593e-06, 4.74117e-11), (-2.12241e-06, 4.74117e-11), (-2.25716e-06, 4.74117e-11), (2.3743e-06, 4.74117e-11), (-2.41648e-06, 4.74117e-11), (-2.50669e-06, 4.74117e-11), (-2.85912e-06, 4.74117e-11), (-2.8654e-06, 4.74117e-11), (2.93248e-06, 4.74117e-11), (3.34693e-06, 4.74117e-11), (-3.52397e-06, 4.74117e-11), (-4.14083e-06, 4.74117e-11), (-4.26277e-06, 4.74117e-11), (-4.38771e-06, 4.74117e-11), (-4.50376e-06, 4.74117e-11), (-4.73474e-06, 4.74117e-11), (-4.88222e-06, 4.74117e-11), (-6.49364e-06, 4.74117e-11), (-6.49426e-06, 4.74117e-11), (6.86458e-06, 4.74117e-11), (7.69195e-06, 4.74117e-11), (-1.22818e-05, 4.74117e-11), (7.82201e-06, -0.153768), (0.338723, 4.74117e-11), (0.639912, 4.74117e-11), (-0.728816, 4.74117e-11), (-1.87617e-06, 0.878338) ]
Média: 0.96947
Melhor (1): (4.65301e-09, 4.74117e-11)
Pior (0.407736): (-1.87617e-06, 0.878338)

<------Geração 231------>

[ (4.65301e-09, 4.74117e-11), (3.31716e-09, 4.74117e-11), (2.43747e-08, 4.74117e-11), (-2.53865e-08, 4.74117e-11), (-4.97663e-08, 4.74117e-11), (-5.54688e-08, 4.74117e-11), (-5.68696e-08, 4.74117e-11), (6.60157e-08, 4.74117e-11), (7.6042e-08, 4.74117e-11), (9.93624e-08, 4.74117e-11), (1.54337e-07, 4.74117e-11), (2.14259e-07, 4.74117e-11), (-2.15271e-07, 4.74117e-11), (2.42622e-07, 4.74117e-11), (-2.97266e-07, 4.74117e-11), (-3.72979e-07, 4.74117e-11), (4.07738e-07, 4.74117e-11), (-5.50471e-07, 4.74117e-11), (-5.90767e-07, 4.74117e-11), (-6.06195e-07, 4.74117e-11), (6.23197e-07, 4.74117e-11), (-6.45624e-07, 4.74117e-11), (-7.05285e-07, 4.74117e-11), (-7.40867e-07, 4.74117e-11), (7.91512e-07, 4.74117e-11), (-8.64627e-07, 4.74117e-11), (8.87201e-07, 4.74117e-11), (-9.06832e-07, 4.74117e-11), (9.7648e-07, 4.74117e-11), (-1.12739e-06, 4.74117e-11), (1.19399e-06, 4.74117e-11), (-1.19395e-06, 4.74117e-11), (-1.21744e-06, 4.74117e-11), (-1.25332e-06, 4.74117e-11), (-1.44767e-06, 4.74117e-11), (1.45779e-06, 4.74117e-11), (-1.50914e-06, 4.74117e-11), (-1.5756e-06, 4.74117e-11), (-1.61527e-06, 4.74117e-11), (1.68983e-06, 4.74117e-11), (1.73448e-06, 4.74117e-11), (2.00514e-06, 4.74117e-11), (-2.04634e-06, 4.74117e-11), (-2.30441e-06, 4.74117e-11), (-2.34943e-06, 4.74117e-11), (-2.70576e-06, 4.74117e-11), (0.0481799, 4.74117e-11), (0.244517, 4.74117e-11), (0.280634, 4.74117e-11), (-9.04983e-07, -0.578969) ]
Média: 0.991254
Melhor (1): (4.65301e-09, 4.74117e-11)
Pior (0.700481): (-9.04983e-07, -0.578969)

<------Geração 232------>

[ (3.31716e-09, 4.74117e-11), (-4.80767e-09, 4.74117e-11), (4.65301e-09, 4.74117e-11), (3.39459e-09, 4.74117e-11), (3.31716e-09, 4.74117e-11), (-4.1088e-09, 4.74117e-11), (-1.76574e-08, 4.74117e-11), (-2.78229e-08, 4.74117e-11), (-3.42562e-08, 4.74117e-11), (3.98092e-08, 4.74117e-11), (-4.13652e-08, 4.74117e-11), (-4.82674e-08, 4.74117e-11), (6.21413e-08, 4.74117e-11), (-7.04253e-08, 4.74117e-11), (-8.24512e-08, 4.74117e-11), (8.52244e-08, 4.74117e-11), (8.59049e-08, 4.74117e-11), (-9.91561e-08, 4.74117e-11), (-1.19132e-07, 4.74117e-11), (1.36909e-07, 4.74117e-11), (-1.47256e-07, 4.74117e-11), (1.55428e-07, 4.74117e-11), (-1.61989e-07, 4.74117e-11), (-1.6214e-07, 4.74117e-11), (-1.95378e-07, 4.74117e-11), (-1.97064e-07, 4.74117e-11), (1.99793e-07, 4.74117e-11), (2.10794e-07, 4.74117e-11), (2.18106e-07, 4.74117e-11), (2.19951e-07, 4.74117e-11), (-2.55456e-07, 4.74117e-11), (2.60632e-07, 4.74117e-11), (-2.84205e-07, 4.74117e-11), (-3.09672e-07, 4.74117e-11), (3.13365e-07, 4.74117e-11), (-3.1458e-07, 4.74117e-11), (-3.17937e-07, 4.74117e-11), (3.22645e-07, 4.74117e-11), (-3.28509e-07, 4.74117e-11), (-3.45706e-07, 4.74117e-11), (4.08169e-07, 4.74117e-11), (4.69786e-07, 4.74117e-11), (-5.91605e-07, 4.74117e-11), (6.77811e-07, 4.74117e-11), (-7.58747e-07, 4.74117e-11), (-8.4676e-07, 4.74117e-11), (-1.05159e-06, 4.74117e-11), (0.017947, 4.74117e-11), (-6.85615e-08, -0.308739), (1.08584e-06, 0.590302) ]
Média: 0.991946
Melhor (1): (3.31716e-09, 4.74117e-11)
Pior (0.690051): (1.08584e-06, 0.590302)

<------Geração 233------>

[ (-4.80767e-09, 4.74117e-11), (-8.58305e-09, 4.74117e-11), (8.0951e-09, 4.74117e-11), (3.31716e-09, 4.74117e-11), (1.22369e-09, 4.74117e-11), (3.31716e-09, 4.74117e-11), (6.47665e-09, 4.74117e-11), (4.12544e-09, 4.74117e-11), (-7.30589e-09, 4.74117e-11), (1.73995e-09, 4.74117e-11), (-7.95615e-09, 4.74117e-11), (3.46832e-09, 4.74117e-11), (-3.95903e-09, 4.74117e-11), (-1.14844e-08, 4.74117e-11), (-9.20775e-09, 4.74117e-11), (-1.219e-08, 4.74117e-11), (-2.21556e-08, 4.74117e-11), (-2.24724e-08, 4.74117e-11), (-2.25004e-08, 4.74117e-11), (-2.2107e-08, 4.74117e-11), (-2.43619e-08, 4.74117e-11), (2.73568e-08, 4.74117e-11), (2.77145e-08, 4.74117e-11), (-3.66873e-08, 4.74117e-11), (3.90473e-08, 4.74117e-11), (3.98092e-08, 4.74117e-11), (-4.06447e-08, 4.74117e-11), (4.16907e-08, 4.74117e-11), (-4.51794e-08, 4.74117e-11), (4.93636e-08, 4.74117e-11), (-5.32356e-08, 4.74117e-11), (-5.53733e-08, 4.74117e-11), (-5.79791e-08, 4.74117e-11), (5.96201e-08, 4.74117e-11), (5.92588e-08, 4.74117e-11), (6.23707e-08, 4.74117e-11), (-6.23374e-08, 4.74117e-11), (7.39018e-08, 4.74117e-11), (8.157e-08, 4.74117e-11), (8.25332e-08, 4.74117e-11), (8.78302e-08, 4.74117e-11), (-8.82616e-08, 4.74117e-11), (-1.07577e-07, 4.74117e-11), (1.14757e-07, 4.74117e-11), (-1.34569e-07, 4.74117e-11), (1.66409e-07, 4.74117e-11), (-2.10451e-07, 4.74117e-11), (-0.506113, 4.74117e-11), (0.552127, 4.74117e-11), (-1.66516e-08, 0.949692) ]
Média: 0.976571
Melhor (1): (-4.80767e-09, 4.74117e-11)
Pior (0.338937): (-1.66516e-08, 0.949692)

<------Geração 234------>

[ (4.56424e-09, 4.74117e-11), (-8.91309e-09, 4.74117e-11), (-4.31218e-09, 4.74117e-11), (6.74277e-09, 4.74117e-11), (-4.80767e-09, 4.74117e-11), (-5.27445e-09, 4.74117e-11), (7.02951e-09, 4.74117e-11), (-8.73981e-09, 4.74117e-11), (-2.94083e-10, 4.74117e-11), (-3.84548e-09, 4.74117e-11), (-1.47324e-09, 4.74117e-11), (3.84587e-09, 4.74117e-11), (5.95425e-09, 4.74117e-11), (4.09026e-09, 4.74117e-11), (2.37235e-09, 4.74117e-11), (-3.95903e-09, 4.74117e-11), (8.98789e-09, 4.74117e-11), (-4.75842e-09, 4.74117e-11), (2.27833e-09, 4.74117e-11), (-4.01885e-09, 4.74117e-11), (8.61335e-10, 4.74117e-11), (1.44088e-09, 4.74117e-11), (-8.58305e-09, 4.74117e-11), (3.89176e-09, 4.74117e-11), (2.47997e-09, 4.74117e-11), (2.60156e-09, 4.74117e-11), (-8.50842e-09, 4.74117e-11), (3.56274e-09, 4.74117e-11), (6.07057e-09, 4.74117e-11), (1.26856e-10, 4.74117e-11), (1.43274e-08, 4.74117e-11), (1.41466e-08, 4.74117e-11), (-1.56814e-08, 4.74117e-11), (-1.28116e-08, 4.74117e-11), (-1.6677e-08, 4.74117e-11), (1.3115e-08, 4.74117e-11), (-1.34175e-08, 4.74117e-11), (-2.20573e-08, 4.74117e-11), (-2.63233e-08, 4.74117e-11), (-3.36572e-08, 4.74117e-11), (-3.56305e-08, 4.74117e-11), (3.81911e-08, 4.74117e-11), (-4.67642e-08, 4.74117e-11), (5.06192e-08, 4.74117e-11), (8.00948e-08, 4.74117e-11), (9.73035e-08, 4.74117e-11), (-0.0485084, 4.74117e-11), (-3.33101e-09, 0.0972063), (-1.33772e-08, 0.184446), (-0.578597, 4.74117e-11) ]
Média: 0.993107
Melhor (1): (4.56424e-09, 4.74117e-11)
Pior (0.700821): (-0.578597, 4.74117e-11)

<------Geração 235------>

[ (-7.91025e-09, 4.74117e-11), (2.85822e-09, 4.74117e-11), (4.56424e-09, 4.74117e-11), (2.50734e-09, 4.74117e-11), (-3.12491e-10, 4.74117e-11), (2.70487e-09, 4.74117e-11), (2.85763e-09, 4.74117e-11), (2.55868e-09, 4.74117e-11), (9.44977e-10, 4.74117e-11), (7.0406e-10, 4.74117e-11), (9.44635e-10, 4.74117e-11), (2.68392e-09, 4.74117e-11), (2.45882e-09, 4.74117e-11), (7.69976e-10, 4.74117e-11), (3.72235e-09, 4.74117e-11), (-2.95824e-10, 4.74117e-11), (5.82052e-09, 4.74117e-11), (4.75249e-09, 4.74117e-11), (3.50926e-09, 4.74117e-11), (9.09507e-09, 4.74117e-11), (5.22273e-09, 4.74117e-11), (5.64496e-09, 4.74117e-11), (7.97625e-09, 4.74117e-11), (-2.55367e-09, 4.74117e-11), (-8.91309e-09, 4.74117e-11), (-4.00068e-09, 4.74117e-11), (-2.94217e-09, 4.74117e-11), (7.28805e-10, 4.74117e-11), (3.15308e-09, 4.74117e-11), (-2.5557e-09, 4.74117e-11), (2.27156e-09, 4.74117e-11), (1.14075e-09, 4.74117e-11), (2.00585e-09, 4.74117e-11), (6.67467e-09, 4.74117e-11), (-2.62385e-09, 4.74117e-11), (-1.71137e-09, 4.74117e-11), (7.34718e-09, 4.74117e-11), (5.38219e-09, 4.74117e-11), (-6.68507e-09, 4.74117e-11), (-1.07451e-10, 4.74117e-11), (-4.00748e-09, 4.74117e-11), (-1.91463e-09, 4.74117e-11), (3.53706e-09, 4.74117e-11), (-2.21464e-09, 4.74117e-11), (-1.41035e-08, 4.74117e-11), (-1.55863e-08, 4.74117e-11), (-1.38935e-08, 4.74117e-11), (-2.78446e-09, -0.00975661), (-5.32876e-09, 0.0122056), (-0.629524, 4.74117e-11) ]
Média: 0.99306
Melhor (1): (-7.91025e-09, 4.74117e-11)
Pior (0.65324): (-0.629524, 4.74117e-11)

<------Geração 236------>

[ (-3.86887e-09, 4.74117e-11), (1.22848e-09, 4.74117e-11), (1.06022e-09, 4.74117e-11), (4.09861e-09, 4.74117e-11), (4.6039e-10, 4.74117e-11), (-2.57556e-09, 4.74117e-11), (4.51085e-09, 4.74117e-11), (-3.2557e-09, 4.74117e-11), (2.98627e-09, 4.74117e-11), (1.1716e-09, 4.74117e-11), (-1.16323e-09, 4.74117e-11), (4.11085e-09, 4.74117e-11), (2.85822e-09, 4.74117e-11), (3.75857e-09, 4.74117e-11), (3.71403e-10, 4.74117e-11), (3.06102e-09, 4.74117e-11), (1.58318e-09, 4.74117e-11), (4.07187e-09, 4.74117e-11), (-3.36245e-10, 4.74117e-11), (-2.80364e-09, 4.74117e-11), (7.32771e-09, 4.74117e-11), (2.8035e-09, 4.74117e-11), (-1.87301e-09, 4.74117e-11), (-8.74539e-09, 4.74117e-11), (1.04529e-09, 4.74117e-11), (-7.91025e-09, 4.74117e-11), (3.80931e-09, 4.74117e-11), (-6.56182e-12, 4.74117e-11), (5.45145e-09, 4.74117e-11), (1.24245e-11, 4.74117e-11), (5.9103e-10, 4.74117e-11), (-2.20664e-09, 4.74117e-11), (6.66601e-09, 4.74117e-11), (3.99426e-09, 4.74117e-11), (3.14722e-09, 4.74117e-11), (2.24811e-09, 4.74117e-11), (8.44568e-09, 4.74117e-11), (4.78245e-09, 4.74117e-11), (5.05531e-09, 4.74117e-11), (3.45582e-09, 4.74117e-11), (-1.49088e-09, 4.74117e-11), (3.15329e-09, 4.74117e-11), (2.75615e-09, 4.74117e-11), (2.46962e-09, 4.74117e-11), (8.0298e-10, 4.74117e-11), (3.0629e-09, 4.74117e-11), (0.00273991, 4.74117e-11), (-0.31684, 4.74117e-11), (-0.501909, 4.74117e-11), (0.653129, 4.74117e-11) ]
Média: 0.986037
Melhor (1): (-3.86887e-09, 4.74117e-11)
Pior (0.63062): (0.653129, 4.74117e-11)

<------Geração 237------>

[ (-2.47693e-09, 4.74117e-11), (-3.86887e-09, 4.74117e-11), (3.57052e-09, 4.74117e-11), (1.13977e-09, 4.74117e-11), (7.54883e-11, 4.74117e-11), (3.80931e-09, 4.74117e-11), (3.92579e-09, 4.74117e-11), (2.68879e-09, 4.74117e-11), (3.52171e-09, 4.74117e-11), (-8.54937e-10, 4.74117e-11), (-2.4082e-09, 4.74117e-11), (2.208e-09, 4.74117e-11), (3.26505e-09, 4.74117e-11), (3.44915e-09, 4.74117e-11), (4.67546e-10, 4.74117e-11), (1.45579e-09, 4.74117e-11), (-1.44364e-09, 4.74117e-11), (-2.05679e-09, 4.74117e-11), (1.40529e-09, 4.74117e-11), (1.56027e-09, 4.74117e-11), (5.26989e-09, 4.74117e-11), (2.23886e-09, 4.74117e-11), (-2.40325e-09, 4.74117e-11), (1.9503e-09, 4.74117e-11), (3.28216e-09, 4.74117e-11), (1.22848e-09, 4.74117e-11), (-5.28269e-10, 4.74117e-11), (3.15899e-09, 4.74117e-11), (-2.46084e-09, 4.74117e-11), (-2.5918e-09, 4.74117e-11), (5.02645e-09, 4.74117e-11), (1.63641e-09, 4.74117e-11), (2.81253e-09, 4.74117e-11), (-3.86887e-09, 4.74117e-11), (7.71972e-10, 4.74117e-11), (1.41034e-09, 4.74117e-11), (3.38995e-09, 4.74117e-11), (2.1757e-09, 4.74117e-11), (2.96102e-09, 4.74117e-11), (-1.71662e-09, 4.74117e-11), (1.64692e-09, 4.74117e-11), (7.59399e-10, 4.74117e-11), (2.83507e-09, 4.74117e-11), (3.79255e-09, 4.74117e-11), (-2.34607e-09, 4.74117e-11), (-3.44994e-09, 4.74117e-11), (-2.06856e-09, 4.74117e-11), (2.92274e-09, 4.74117e-11), (2.61903e-09, -0.541958), (-0.973058, 4.74117e-11) ]
Média: 0.981017
Melhor (1): (-2.47693e-09, 4.74117e-11)
Pior (0.317061): (-0.973058, 4.74117e-11)

<------Geração 238------>

[ (3.13434e-09, 4.74117e-11), (2.66543e-09, 4.74117e-11), (-2.47693e-09, 4.74117e-11), (2.07447e-09, 4.74117e-11), (7.55207e-11, 4.74117e-11), (5.55619e-10, 4.74117e-11), (-1.32726e-09, 4.74117e-11), (3.69637e-09, 4.74117e-11), (-1.75727e-09, 4.74117e-11), (2.12425e-09, 4.74117e-11), (2.40724e-09, 4.74117e-11), (2.98243e-09, 4.74117e-11), (4.85561e-10, 4.74117e-11), (2.98343e-09, 4.74117e-11), (-1.91367e-09, 4.74117e-11), (3.51789e-10, 4.74117e-11), (-3.69835e-10, 4.74117e-11), (2.63614e-09, 4.74117e-11), (-1.08401e-09, 4.74117e-11), (1.25858e-09, 4.74117e-11), (1.95581e-09, 4.74117e-11), (1.24655e-09, 4.74117e-11), (-2.68992e-09, 4.74117e-11), (1.57209e-09, 4.74117e-11), (1.4489e-09, 4.74117e-11), (-3.86887e-09, 4.74117e-11), (-2.36428e-09, 4.74117e-11), (4.90021e-10, 4.74117e-11), (2.12089e-09, 4.74117e-11), (3.36081e-09, 4.74117e-11), (2.08423e-09, 4.74117e-11), (1.44289e-09, 4.74117e-11), (2.75957e-09, 4.74117e-11), (2.61434e-09, 4.74117e-11), (-3.6983e-09, 4.74117e-11), (1.68694e-09, 4.74117e-11), (-1.91407e-09, 4.74117e-11), (-2.99435e-09, 4.74117e-11), (2.49638e-09, 4.74117e-11), (8.93122e-10, 4.74117e-11), (1.75789e-09, 4.74117e-11), (-1.73762e-09, 4.74117e-11), (1.62986e-09, 4.74117e-11), (-1.11535e-09, 4.74117e-11), (1.01187e-09, 4.74117e-11), (-3.82128e-10, 4.74117e-11), (-3.64226e-11, 4.74117e-11), (0.161405, 4.74117e-11), (1.0502e-09, -0.364316), (-0.557508, 4.74117e-11) ]
Média: 0.991341
Melhor (1): (3.13434e-09, 4.74117e-11)
Pior (0.719945): (-0.557508, 4.74117e-11)

<------Geração 239------>

[ (1.55387e-09, 4.74117e-11), (7.08867e-10, 4.74117e-11), (1.71086e-09, 4.74117e-11), (1.67288e-09, 4.74117e-11), (-2.10653e-09, 4.74117e-11), (1.66853e-09, 4.74117e-11), (4.50227e-10, 4.74117e-11), (2.54904e-09, 4.74117e-11), (-1.07862e-09, 4.74117e-11), (9.8067e-10, 4.74117e-11), (-1.62045e-09, 4.74117e-11), (1.09765e-09, 4.74117e-11), (2.66543e-09, 4.74117e-11), (1.3616e-09, 4.74117e-11), (1.13188e-09, 4.74117e-11), (-9.68668e-10, 4.74117e-11), (1.88877e-09, 4.74117e-11), (5.34576e-10, 4.74117e-11), (-5.2171e-10, 4.74117e-11), (1.50487e-09, 4.74117e-11), (2.28521e-09, 4.74117e-11), (-6.77183e-10, 4.74117e-11), (1.42416e-09, 4.74117e-11), (1.51358e-09, 4.74117e-11), (1.65589e-09, 4.74117e-11), (3.13434e-09, 4.74117e-11), (-9.13678e-10, 4.74117e-11), (6.22943e-10, 4.74117e-11), (1.52907e-09, 4.74117e-11), (-3.95432e-10, 4.74117e-11), (-5.37756e-10, 4.74117e-11), (1.06643e-09, 4.74117e-11), (2.97365e-09, 4.74117e-11), (7.16769e-10, 4.74117e-11), (1.17265e-09, 4.74117e-11), (4.98853e-10, 4.74117e-11), (3.38368e-09, 4.74117e-11), (-1.96905e-09, 4.74117e-11), (-6.92179e-10, 4.74117e-11), (-3.62876e-10, 4.74117e-11), (7.30349e-11, 4.74117e-11), (2.92539e-09, 4.74117e-11), (1.1538e-09, 4.74117e-11), (-2.3831e-09, 4.74117e-11), (-8.24903e-10, 4.74117e-11), (2.24947e-09, -0.0308684), (4.38556e-10, -0.0595177), (-1.60502e-09, 0.103747), (-3.43246e-10, 0.401362), (9.65008e-10, -0.72253) ]
Média: 0.987893
Melhor (1): (1.55387e-09, 4.74117e-11)
Pior (0.562637): (9.65008e-10, -0.72253)

<------Geração 240------>

[ (1.75436e-09, 4.74117e-11), (5.21198e-11, 4.74117e-11), (2.19319e-09, 4.74117e-11), (2.89305e-09, 4.74117e-11), (1.97101e-11, 4.74117e-11), (-3.55139e-10, 4.74117e-11), (3.98819e-10, 4.74117e-11), (1.13242e-09, 4.74117e-11), (1.42965e-10, 4.74117e-11), (-5.27186e-10, 4.74117e-11), (1.02835e-09, 4.74117e-11), (1.37235e-09, 4.74117e-11), (7.08867e-10, 4.74117e-11), (-5.50474e-10, 4.74117e-11), (5.48417e-10, 4.74117e-11), (1.56247e-09, 4.74117e-11), (6.114e-10, 4.74117e-11), (-5.35381e-10, 4.74117e-11), (-8.02261e-10, 4.74117e-11), (-7.31246e-10, 4.74117e-11), (-1.32547e-10, 4.74117e-11), (-7.49674e-10, 4.74117e-11), (-1.43122e-10, 4.74117e-11), (9.27702e-10, 4.74117e-11), (-5.91155e-10, 4.74117e-11), (1.55387e-09, 4.74117e-11), (-3.94563e-10, 4.74117e-11), (1.64552e-09, 4.74117e-11), (2.56442e-09, 4.74117e-11), (5.34576e-10, 4.74117e-11), (1.02067e-09, 4.74117e-11), (1.78852e-09, 4.74117e-11), (2.23709e-09, 4.74117e-11), (-6.27832e-10, 4.74117e-11), (-5.07686e-10, 4.74117e-11), (1.32426e-09, 4.74117e-11), (-1.08603e-09, 4.74117e-11), (2.20613e-09, 4.74117e-11), (2.35472e-09, 4.74117e-11), (2.97866e-09, 4.74117e-11), (1.72381e-09, 4.74117e-11), (1.89492e-09, 4.74117e-11), (-0.0197115, 4.74117e-11), (-6.83935e-10, -0.181173), (0.208124, 4.74117e-11), (-1.56092e-09, -0.219166), (6.30133e-10, 0.569055), (1.25798e-09, 0.675994), (-6.38105e-10, 0.837526), (9.36749e-10, -1.18424) ]
Média: 0.955724
Melhor (1): (1.75436e-09, 4.74117e-11)
Pior (0.143133): (9.36749e-10, -1.18424)

<------Geração 241------>

[ (1.76756e-09, 4.74117e-11), (1.75436e-09, 4.74117e-11), (2.12042e-09, 4.74117e-11), (1.10406e-10, 4.74117e-11), (-4.8107e-10, 4.74117e-11), (1.6919e-09, 4.74117e-11), (-3.68e-10, 4.74117e-11), (1.06723e-09, 4.74117e-11), (1.5064e-09, 4.74117e-11), (9.2515e-11, 4.74117e-11), (1.66122e-10, 4.74117e-11), (1.02543e-09, 4.74117e-11), (1.06168e-10, 4.74117e-11), (-7.71235e-10, 4.74117e-11), (-1.75912e-11, 4.74117e-11), (5.80496e-10, 4.74117e-11), (2.00789e-09, 4.74117e-11), (1.55841e-11, 4.74117e-11), (-3.08046e-10, 4.74117e-11), (8.22458e-10, 4.74117e-11), (-7.41513e-10, 4.74117e-11), (1.19605e-10, 4.74117e-11), (1.31625e-10, 4.74117e-11), (2.52345e-09, 4.74117e-11), (7.99277e-11, 4.74117e-11), (5.21198e-11, 4.74117e-11), (3.89696e-10, 4.74117e-11), (6.72471e-10, 4.74117e-11), (6.94995e-10, 4.74117e-11), (1.35792e-09, 4.74117e-11), (9.67764e-10, 4.74117e-11), (2.83159e-09, 4.74117e-11), (2.96459e-10, 4.74117e-11), (1.53667e-09, 4.74117e-11), (-4.45934e-10, 4.74117e-11), (4.98245e-10, 4.74117e-11), (2.0389e-09, 4.74117e-11), (1.86573e-09, 4.74117e-11), (-3.61666e-10, 4.74117e-11), (-2.53024e-10, 4.74117e-11), (1.89502e-09, 4.74117e-11), (2.35824e-09, 4.74117e-11), (8.00909e-10, 4.74117e-11), (-1.13305e-10, 4.74117e-11), (2.67418e-10, 4.74117e-11), (1.70696e-09, 4.74117e-11), (8.75388e-10, 4.74117e-11), (-3.28829e-10, 4.74117e-11), (-0.0481015, 4.74117e-11), (6.37846e-10, -0.162396) ]
Média: 0.99943
Melhor (1): (1.76756e-09, 4.74117e-11)
Pior (0.973833): (6.37846e-10, -0.162396)

<------Geração 242------>

[ (9.51227e-10, 4.74117e-11), (1.79446e-09, 4.74117e-11), (1.76756e-09, 4.74117e-11), (1.24167e-09, 4.74117e-11), (-3.28641e-10, 4.74117e-11), (6.85902e-10, 4.74117e-11), (1.53666e-10, 4.74117e-11), (1.32794e-09, 4.74117e-11), (6.64075e-10, 4.74117e-11), (-5.33083e-10, 4.74117e-11), (3.45952e-10, 4.74117e-11), (7.94313e-10, 4.74117e-11), (9.78628e-10, 4.74117e-11), (2.40835e-11, 4.74117e-11), (3.62838e-10, 4.74117e-11), (2.30633e-10, 4.74117e-11), (4.57373e-10, 4.74117e-11), (6.36582e-10, 4.74117e-11), (1.34373e-09, 4.74117e-11), (1.51978e-09, 4.74117e-11), (-5.96125e-10, 4.74117e-11), (4.64257e-10, 4.74117e-11), (8.44729e-10, 4.74117e-11), (1.0969e-09, 4.74117e-11), (3.61607e-10, 4.74117e-11), (1.75436e-09, 4.74117e-11), (1.82104e-09, 4.74117e-11), (1.86032e-09, 4.74117e-11), (2.03201e-09, 4.74117e-11), (5.01113e-10, 4.74117e-11), (2.08931e-09, 4.74117e-11), (-1.45945e-10, 4.74117e-11), (4.66386e-10, 4.74117e-11), (-2.86675e-10, 4.74117e-11), (1.55841e-11, 4.74117e-11), (4.69258e-10, 4.74117e-11), (-6.738e-11, 4.74117e-11), (3.10886e-10, 4.74117e-11), (2.17134e-09, 4.74117e-11), (1.1636e-09, 4.74117e-11), (7.64772e-10, 4.74117e-11), (4.23661e-10, 4.74117e-11), (1.58326e-09, 4.74117e-11), (4.40977e-10, 0.0295386), (0.0697807, 4.74117e-11), (1.42607e-09, 0.124835), (0.245194, 4.74117e-11), (-7.70843e-10, -0.339099), (6.14175e-10, -0.382285), (4.47091e-11, -0.467812) ]
Média: 0.989326
Melhor (1): (9.51227e-10, 4.74117e-11)
Pior (0.796528): (4.47091e-11, -0.467812)

<------Geração 243------>

[ (1.20658e-09, 4.74117e-11), (3.89011e-10, 4.74117e-11), (5.52025e-10, 4.74117e-11), (4.30069e-10, 4.74117e-11), (8.05962e-10, 4.74117e-11), (1.69368e-09, 4.74117e-11), (1.85121e-09, 4.74117e-11), (3.6803e-10, 4.74117e-11), (4.46684e-10, 4.74117e-11), (3.79506e-10, 4.74117e-11), (4.23863e-10, 4.74117e-11), (3.99987e-10, 4.74117e-11), (6.18153e-10, 4.74117e-11), (1.79446e-09, 4.74117e-11), (7.2557e-10, 4.74117e-11), (8.00985e-10, 4.74117e-11), (4.60261e-10, 4.74117e-11), (-2.73361e-10, 4.74117e-11), (1.02196e-09, 4.74117e-11), (8.17288e-10, 4.74117e-11), (1.69574e-09, 4.74117e-11), (6.32746e-10, 4.74117e-11), (5.23779e-10, 4.74117e-11), (5.08744e-10, 4.74117e-11), (1.36643e-10, 4.74117e-11), (1.73578e-09, 4.74117e-11), (9.51227e-10, 4.74117e-11), (1.6129e-09, 4.74117e-11), (4.08314e-10, 4.74117e-11), (8.05476e-10, 4.74117e-11), (6.84115e-10, 4.74117e-11), (1.54051e-09, 4.74117e-11), (2.12802e-09, 4.74117e-11), (1.23472e-09, 4.74117e-11), (4.9584e-10, 4.74117e-11), (7.32381e-10, 4.74117e-11), (-1.88368e-10, 4.74117e-11), (1.25632e-09, 4.74117e-11), (1.4408e-10, 4.74117e-11), (6.14901e-10, 4.74117e-11), (4.81973e-10, 4.74117e-11), (5.97277e-10, 4.74117e-11), (1.8209e-09, 4.74117e-11), (7.16179e-10, 4.74117e-11), (9.1951e-10, 4.74117e-11), (1.45625e-09, 4.74117e-11), (4.0472e-10, 4.74117e-11), (-9.19151e-11, 4.74117e-11), (0.344631, 4.74117e-11), (1.34142e-09, 0.389965) ]
Média: 0.994823
Melhor (1): (1.20658e-09, 4.74117e-11)
Pior (0.855373): (1.34142e-09, 0.389965)

<------Geração 244------>

[ (4.30051e-10, 4.74117e-11), (1.59736e-10, 4.74117e-11), (1.20658e-09, 4.74117e-11), (1.17663e-09, 4.74117e-11), (3.97377e-10, 4.74117e-11), (1.27477e-09, 4.74117e-11), (-4.69685e-11, 4.74117e-11), (5.68906e-10, 4.74117e-11), (9.9844e-10, 4.74117e-11), (4.57581e-10, 4.74117e-11), (2.9425e-10, 4.74117e-11), (1.67907e-09, 4.74117e-11), (4.9094e-10, 4.74117e-11), (8.65751e-10, 4.74117e-11), (4.49624e-10, 4.74117e-11), (8.86054e-10, 4.74117e-11), (1.4652e-09, 4.74117e-11), (5.19517e-10, 4.74117e-11), (4.25267e-10, 4.74117e-11), (4.54817e-10, 4.74117e-11), (9.62966e-10, 4.74117e-11), (5.73855e-10, 4.74117e-11), (1.199e-09, 4.74117e-11), (6.05861e-10, 4.74117e-11), (-2.73361e-10, 4.74117e-11), (3.89011e-10, 4.74117e-11), (4.78593e-10, 4.74117e-11), (1.5313e-09, 4.74117e-11), (1.1614e-09, 4.74117e-11), (3.20342e-10, 4.74117e-11), (1.09228e-09, 4.74117e-11), (7.89358e-10, 4.74117e-11), (1.40095e-09, 4.74117e-11), (8.52979e-10, 4.74117e-11), (1.25137e-09, 4.74117e-11), (1.83016e-09, 4.74117e-11), (7.38452e-10, 4.74117e-11), (7.2557e-10, 4.74117e-11), (2.26729e-10, 4.74117e-11), (1.12337e-09, 4.74117e-11), (2.20444e-10, 4.74117e-11), (5.62136e-10, 4.74117e-11), (9.45384e-10, 4.74117e-11), (1.24111e-09, 4.74117e-11), (6.81291e-10, 4.74117e-11), (1.69111e-09, 4.74117e-11), (-0.180744, 4.74117e-11), (-0.553424, 4.74117e-11), (-0.726202, 4.74117e-11), (6.22737e-10, -0.860963) ]
Média: 0.973502
Melhor (1): (4.30051e-10, 4.74117e-11)
Pior (0.424834): (6.22737e-10, -0.860963)

<------Geração 245------>

[ (1.02302e-09, 4.74117e-11), (6.26913e-10, 4.74117e-11), (4.30051e-10, 4.74117e-11), (9.13583e-10, 4.74117e-11), (1.05032e-09, 4.74117e-11), (4.00833e-10, 4.74117e-11), (2.47948e-10, 4.74117e-11), (9.62966e-10, 4.74117e-11), (1.16466e-09, 4.74117e-11), (5.27865e-10, 4.74117e-11), (8.75438e-10, 4.74117e-11), (1.19779e-09, 4.74117e-11), (9.69398e-10, 4.74117e-11), (1.77866e-09, 4.74117e-11), (1.01495e-09, 4.74117e-11), (1.70916e-09, 4.74117e-11), (-1.1445e-10, 4.74117e-11), (4.50131e-10, 4.74117e-11), (1.12714e-09, 4.74117e-11), (1.38443e-09, 4.74117e-11), (4.13263e-10, 4.74117e-11), (6.32558e-10, 4.74117e-11), (1.09345e-09, 4.74117e-11), (9.4753e-10, 4.74117e-11), (5.72042e-10, 4.74117e-11), (1.59736e-10, 4.74117e-11), (1.11132e-09, 4.74117e-11), (5.05329e-10, 4.74117e-11), (4.44291e-10, 4.74117e-11), (5.12882e-10, 4.74117e-11), (1.43035e-09, 4.74117e-11), (1.26003e-09, 4.74117e-11), (4.93094e-10, 4.74117e-11), (1.08061e-09, 4.74117e-11), (2.58779e-10, 4.74117e-11), (8.49041e-10, 4.74117e-11), (7.68332e-10, 4.74117e-11), (7.35334e-10, 4.74117e-11), (8.19188e-10, 4.74117e-11), (1.0293e-09, 4.74117e-11), (6.07947e-10, 4.74117e-11), (8.70715e-10, 4.74117e-11), (2.75279e-10, 4.74117e-11), (1.21197e-09, 4.74117e-11), (4.15437e-10, -0.102491), (7.01858e-10, 0.153231), (0.182085, 4.74117e-11), (-0.207721, 4.74117e-11), (-0.432385, 4.74117e-11), (0.915211, 4.74117e-11) ]
Média: 0.981739
Melhor (1): (1.02302e-09, 4.74117e-11)
Pior (0.371855): (0.915211, 4.74117e-11)

<------Geração 246------>

[ (1.15259e-09, 4.74117e-11), (1.02302e-09, 4.74117e-11), (2.6088e-10, 4.74117e-11), (1.70006e-09, 4.74117e-11), (3.01136e-10, 4.74117e-11), (1.25582e-09, 4.74117e-11), (1.70748e-09, 4.74117e-11), (1.13751e-09, 4.74117e-11), (8.70961e-10, 4.74117e-11), (6.32521e-10, 4.74117e-11), (3.6318e-10, 4.74117e-11), (6.52669e-10, 4.74117e-11), (2.60405e-10, 4.74117e-11), (2.61498e-10, 4.74117e-11), (4.98897e-10, 4.74117e-11), (4.97471e-10, 4.74117e-11), (5.29306e-10, 4.74117e-11), (-4.94355e-11, 4.74117e-11), (9.49295e-10, 4.74117e-11), (7.04307e-10, 4.74117e-11), (1.21528e-09, 4.74117e-11), (1.33117e-09, 4.74117e-11), (7.30362e-10, 4.74117e-11), (8.08734e-10, 4.74117e-11), (5.28115e-10, 4.74117e-11), (1.07138e-09, 4.74117e-11), (6.26913e-10, 4.74117e-11), (9.1263e-10, 4.74117e-11), (1.0202e-09, 4.74117e-11), (1.58535e-09, 4.74117e-11), (9.51451e-10, 4.74117e-11), (5.27808e-10, 4.74117e-11), (1.04924e-09, 4.74117e-11), (2.86392e-10, 4.74117e-11), (7.12126e-10, 4.74117e-11), (8.89645e-10, 4.74117e-11), (1.06447e-09, 4.74117e-11), (5.02114e-10, 4.74117e-11), (9.14481e-10, 4.74117e-11), (1.0743e-09, 4.74117e-11), (1.59941e-09, 4.74117e-11), (3.07347e-10, 4.74117e-11), (7.98295e-10, 4.74117e-11), (7.86205e-10, 4.74117e-11), (3.90607e-10, 4.74117e-11), (5.06678e-10, 4.74117e-11), (5.78867e-10, 4.74117e-11), (-0.297516, 4.74117e-11), (0.727089, 4.74117e-11), (4.19515e-10, -1.06053) ]
Média: 0.974225
Melhor (1): (1.15259e-09, 4.74117e-11)
Pior (0.239131): (4.19515e-10, -1.06053)

<------Geração 247------>

[ (6.3268e-10, 4.74117e-11), (1.15259e-09, 4.74117e-11), (5.03467e-10, 4.74117e-11), (6.94805e-10, 4.74117e-11), (8.23455e-10, 4.74117e-11), (1.0673e-09, 4.74117e-11), (1.32771e-10, 4.74117e-11), (1.29717e-09, 4.74117e-11), (1.10017e-09, 4.74117e-11), (1.11454e-09, 4.74117e-11), (1.28518e-09, 4.74117e-11), (9.48722e-10, 4.74117e-11), (9.03438e-10, 4.74117e-11), (1.17059e-09, 4.74117e-11), (1.21625e-09, 4.74117e-11), (7.21509e-10, 4.74117e-11), (5.98395e-10, 4.74117e-11), (2.98885e-10, 4.74117e-11), (3.44246e-10, 4.74117e-11), (1.0691e-09, 4.74117e-11), (1.11269e-09, 4.74117e-11), (7.31014e-10, 4.74117e-11), (1.27816e-09, 4.74117e-11), (9.41315e-10, 4.74117e-11), (1.13194e-09, 4.74117e-11), (1.04313e-09, 4.74117e-11), (1.02302e-09, 4.74117e-11), (8.40826e-10, 4.74117e-11), (9.2549e-10, 4.74117e-11), (5.91866e-10, 4.74117e-11), (1.05549e-09, 4.74117e-11), (7.34907e-10, 4.74117e-11), (6.92536e-10, 4.74117e-11), (1.0468e-09, 4.74117e-11), (8.3019e-10, 4.74117e-11), (3.96324e-10, 4.74117e-11), (6.9939e-10, 4.74117e-11), (5.25379e-10, 4.74117e-11), (7.13489e-10, 4.74117e-11), (4.79708e-10, 4.74117e-11), (7.31584e-10, 4.74117e-11), (4.09979e-10, 4.74117e-11), (6.43705e-10, 4.74117e-11), (4.97893e-10, 4.74117e-11), (9.71142e-10, 4.74117e-11), (4.97471e-10, 4.74117e-11), (2.78017e-10, 4.74117e-11), (1.54602e-09, -0.0381121), (5.84473e-10, 0.162516), (0.392781, 4.74117e-11) ]
Média: 0.996515
Melhor (1): (6.3268e-10, 4.74117e-11)
Pior (0.853387): (0.392781, 4.74117e-11)

<------Geração 248------>

[ (1.03855e-09, 4.74117e-11), (8.02542e-10, 4.74117e-11), (1.0097e-09, 4.74117e-11), (5.01678e-10, 4.74117e-11), (1.20968e-09, 4.74117e-11), (9.38842e-10, 4.74117e-11), (3.4391e-10, 4.74117e-11), (8.19798e-10, 4.74117e-11), (1.02151e-09, 4.74117e-11), (8.67293e-10, 4.74117e-11), (8.64445e-10, 4.74117e-11), (1.09973e-09, 4.74117e-11), (2.30999e-10, 4.74117e-11), (6.77665e-10, 4.74117e-11), (7.93416e-10, 4.74117e-11), (1.0719e-09, 4.74117e-11), (5.80686e-10, 4.74117e-11), (4.32123e-10, 4.74117e-11), (7.95882e-10, 4.74117e-11), (8.33145e-10, 4.74117e-11), (6.25572e-10, 4.74117e-11), (8.54792e-10, 4.74117e-11), (3.02408e-10, 4.74117e-11), (6.44321e-10, 4.74117e-11), (1.02952e-09, 4.74117e-11), (9.69275e-10, 4.74117e-11), (1.15259e-09, 4.74117e-11), (2.83363e-10, 4.74117e-11), (6.96029e-10, 4.74117e-11), (9.95738e-10, 4.74117e-11), (9.6791e-10, 4.74117e-11), (1.14047e-09, 4.74117e-11), (1.07795e-09, 4.74117e-11), (7.22769e-10, 4.74117e-11), (6.55763e-10, 4.74117e-11), (6.0978e-10, 4.74117e-11), (6.3268e-10, 4.74117e-11), (9.40161e-10, 4.74117e-11), (9.23425e-10, 4.74117e-11), (5.60851e-10, 4.74117e-11), (6.17229e-10, 4.74117e-11), (6.17207e-10, 4.74117e-11), (8.17137e-10, 4.74117e-11), (8.57893e-10, 4.74117e-11), (8.31522e-10, 4.74117e-11), (8.42198e-10, 4.74117e-11), (9.03438e-10, 4.74117e-11), (-0.265879, 4.74117e-11), (0.394117, 4.74117e-11), (8.86102e-10, 0.465619) ]
Média: 0.991633
Melhor (1): (1.03855e-09, 4.74117e-11)
Pior (0.798292): (8.86102e-10, 0.465619)

<------Geração 249------>

[ (9.82376e-10, 4.74117e-11), (9.31441e-10, 4.74117e-11), (1.03855e-09, 4.74117e-11), (6.85172e-10, 4.74117e-11), (6.34257e-10, 4.74117e-11), (9.43202e-10, 4.74117e-11), (1.00448e-09, 4.74117e-11), (3.25718e-10, 4.74117e-11), (6.18028e-10, 4.74117e-11), (8.367e-10, 4.74117e-11), (9.18144e-10, 4.74117e-11), (6.11616e-10, 4.74117e-11), (8.55312e-10, 4.74117e-11), (3.50088e-10, 4.74117e-11), (1.01723e-09, 4.74117e-11), (7.22659e-10, 4.74117e-11), (6.81807e-10, 4.74117e-11), (6.6698e-10, 4.74117e-11), (1.07206e-09, 4.74117e-11), (8.99727e-10, 4.74117e-11), (9.38648e-10, 4.74117e-11), (6.11912e-10, 4.74117e-11), (9.86925e-10, 4.74117e-11), (6.70663e-10, 4.74117e-11), (1.04916e-09, 4.74117e-11), (8.02542e-10, 4.74117e-11), (7.33882e-10, 4.74117e-11), (7.78052e-10, 4.74117e-11), (6.9783e-10, 4.74117e-11), (5.45205e-10, 4.74117e-11), (4.03137e-10, 4.74117e-11), (6.29713e-10, 4.74117e-11), (8.52885e-10, 4.74117e-11), (9.42323e-10, 4.74117e-11), (7.06979e-10, 4.74117e-11), (1.18194e-09, 4.74117e-11), (7.94506e-10, 4.74117e-11), (1.13293e-09, 4.74117e-11), (9.44387e-10, 4.74117e-11), (8.47553e-10, 4.74117e-11), (8.30081e-10, 4.74117e-11), (6.55174e-10, 4.74117e-11), (9.89189e-10, 4.74117e-11), (9.10319e-10, 4.74117e-11), (5.80556e-10, 0.0683665), (-0.0889956, 4.74117e-11), (0.0906987, 4.74117e-11), (0.194613, 4.74117e-11), (-0.284103, 0.0529046), (-0.347067, 4.74117e-11) ]
Média: 0.994894
Melhor (1): (9.82376e-10, 4.74117e-11)
Pior (0.884211): (-0.347067, 4.74117e-11)

<------Geração 250------>

[ (6.17098e-10, 4.74117e-11), (9.4929e-10, 4.74117e-11), (7.62056e-10, 4.74117e-11), (9.82376e-10, 4.74117e-11), (8.80371e-10, 4.74117e-11), (6.05178e-10, 4.74117e-11), (7.66307e-10, 4.74117e-11), (6.6679e-10, 4.74117e-11), (6.57737e-10, 4.74117e-11), (5.75122e-10, 4.74117e-11), (9.81803e-10, 4.74117e-11), (9.36441e-10, 4.74117e-11), (6.50677e-10, 4.74117e-11), (9.8311e-10, 4.74117e-11), (6.65667e-10, 4.74117e-11), (4.68425e-10, 4.74117e-11), (9.66272e-10, 4.74117e-11), (6.37823e-10, 4.74117e-11), (6.61762e-10, 4.74117e-11), (6.83563e-10, 4.74117e-11), (4.68605e-10, 4.74117e-11), (6.56784e-10, 4.74117e-11), (4.74404e-10, 4.74117e-11), (9.31441e-10, 4.74117e-11), (9.70261e-10, 4.74117e-11), (6.73592e-10, 4.74117e-11), (8.22549e-10, 4.74117e-11), (6.66223e-10, 4.74117e-11), (6.67762e-10, 4.74117e-11), (8.30052e-10, 4.74117e-11), (7.07662e-10, 4.74117e-11), (3.86393e-10, 4.74117e-11), (9.74873e-10, 4.74117e-11), (7.59127e-10, 4.74117e-11), (9.09575e-10, 4.74117e-11), (5.93659e-10, 4.74117e-11), (1.00468e-09, 4.74117e-11), (6.56263e-10, 4.74117e-11), (8.33456e-10, 4.74117e-11), (7.14638e-10, 4.74117e-11), (1.01609e-09, 4.74117e-11), (-0.0839826, 4.74117e-11), (-0.0854634, 4.74117e-11), (-0.167936, 4.74117e-11), (0.277818, 4.74117e-11), (-0.290496, 4.74117e-11), (1.18194e-09, -0.341413), (9.51087e-10, -0.354461), (0.364419, 4.74117e-11), (0.741249, 4.74117e-11) ]
Média: 0.979689
Melhor (1): (6.17098e-10, 4.74117e-11)
Pior (0.544043): (0.741249, 4.74117e-11)

<------Geração 251------>

[ (9.16828e-10, 4.74117e-11), (7.89161e-10, 4.74117e-11), (6.58633e-10, 4.74117e-11), (7.35066e-10, 4.74117e-11), (8.46424e-10, 4.74117e-11), (6.96352e-10, 4.74117e-11), (7.67314e-10, 4.74117e-11), (9.23646e-10, 4.74117e-11), (6.64602e-10, 4.74117e-11), (9.20562e-10, 4.74117e-11), (5.61623e-10, 4.74117e-11), (9.4929e-10, 4.74117e-11), (4.68358e-10, 4.74117e-11), (7.14109e-10, 4.74117e-11), (6.55299e-10, 4.74117e-11), (5.90478e-10, 4.74117e-11), (7.90135e-10, 4.74117e-11), (6.79456e-10, 4.74117e-11), (6.1364e-10, 4.74117e-11), (6.79204e-10, 4.74117e-11), (7.37603e-10, 4.74117e-11), (9.82846e-10, 4.74117e-11), (8.32384e-10, 4.74117e-11), (6.17098e-10, 4.74117e-11), (6.94126e-10, 4.74117e-11), (6.27864e-10, 4.74117e-11), (8.94348e-10, 4.74117e-11), (7.39948e-10, 4.74117e-11), (8.42792e-10, 4.74117e-11), (6.67738e-10, 4.74117e-11), (7.74755e-10, 4.74117e-11), (6.34965e-10, 4.74117e-11), (7.43519e-10, 4.74117e-11), (7.48756e-10, 4.74117e-11), (9.00752e-10, 4.74117e-11), (6.64681e-10, 4.74117e-11), (7.78782e-10, 4.74117e-11), (6.47831e-10, 4.74117e-11), (5.52341e-10, 4.74117e-11), (9.46714e-10, 4.74117e-11), (7.1306e-10, 4.74117e-11), (0.0718797, 4.74117e-11), (-0.16287, 4.74117e-11), (-0.323097, 4.74117e-11), (8.15717e-10, -0.379177), (7.87378e-10, 0.383207), (6.77535e-10, -0.633581), (6.86423e-10, -0.671556), (-0.831178, 4.74117e-11), (-1.37175, 4.74117e-11) ]
Média: 0.946958
Melhor (1): (9.16828e-10, 4.74117e-11)
Pior (0.0408269): (-1.37175, 4.74117e-11)

<------Geração 252------>

[ (5.15547e-10, 4.74117e-11), (6.53552e-10, 4.74117e-11), (9.16828e-10, 4.74117e-11), (7.83865e-10, 4.74117e-11), (7.46274e-10, 4.74117e-11), (7.61176e-10, 4.74117e-11), (6.34598e-10, 4.74117e-11), (7.1927e-10, 4.74117e-11), (9.30985e-10, 4.74117e-11), (7.60556e-10, 4.74117e-11), (7.81312e-10, 4.74117e-11), (7.42006e-10, 4.74117e-11), (5.57624e-10, 4.74117e-11), (5.985e-10, 4.74117e-11), (8.93961e-10, 4.74117e-11), (6.95528e-10, 4.74117e-11), (7.32841e-10, 4.74117e-11), (6.79141e-10, 4.74117e-11), (6.82261e-10, 4.74117e-11), (8.21207e-10, 4.74117e-11), (7.79783e-10, 4.74117e-11), (7.27361e-10, 4.74117e-11), (8.87593e-10, 4.74117e-11), (7.43007e-10, 4.74117e-11), (6.69575e-10, 4.74117e-11), (7.89161e-10, 4.74117e-11), (8.08129e-10, 4.74117e-11), (5.89831e-10, 4.74117e-11), (7.46324e-10, 4.74117e-11), (6.08327e-10, 4.74117e-11), (7.35173e-10, 4.74117e-11), (7.53345e-10, 4.74117e-11), (9.06615e-10, 4.74117e-11), (6.60531e-10, 4.74117e-11), (8.01097e-10, 4.74117e-11), (7.31147e-10, 4.74117e-11), (6.3256e-10, 4.74117e-11), (6.30689e-10, 4.74117e-11), (6.26113e-10, 4.74117e-11), (5.25508e-10, 4.74117e-11), (7.93019e-10, 4.74117e-11), (8.93573e-10, 4.74117e-11), (7.72913e-10, 4.74117e-11), (5.93275e-10, 4.74117e-11), (7.53295e-10, 4.74117e-11), (8.16463e-10, 4.74117e-11), (7.86337e-10, -0.0335226), (6.39162e-10, -0.14411), (6.50811e-10, 0.157988), (-1.44039, 4.74117e-11) ]
Média: 0.979447
Melhor (1): (5.15547e-10, 4.74117e-11)
Pior (0.0189086): (-1.44039, 4.74117e-11)

<------Geração 253------>

[ (7.92543e-10, 4.74117e-11), (5.15547e-10, 4.74117e-11), (8.59116e-10, 4.74117e-11), (6.74813e-10, 4.74117e-11), (5.44052e-10, 4.74117e-11), (8.10285e-10, 4.74117e-11), (7.3128e-10, 4.74117e-11), (7.12857e-10, 4.74117e-11), (6.5115e-10, 4.74117e-11), (6.99213e-10, 4.74117e-11), (6.90897e-10, 4.74117e-11), (7.27425e-10, 4.74117e-11), (7.4081e-10, 4.74117e-11), (7.33234e-10, 4.74117e-11), (7.36562e-10, 4.74117e-11), (5.80948e-10, 4.74117e-11), (8.50768e-10, 4.74117e-11), (6.79378e-10, 4.74117e-11), (7.43544e-10, 4.74117e-11), (8.18023e-10, 4.74117e-11), (8.08805e-10, 4.74117e-11), (8.94697e-10, 4.74117e-11), (7.08835e-10, 4.74117e-11), (7.50831e-10, 4.74117e-11), (5.71982e-10, 4.74117e-11), (6.53552e-10, 4.74117e-11), (6.74323e-10, 4.74117e-11), (7.50153e-10, 4.74117e-11), (6.08731e-10, 4.74117e-11), (6.95734e-10, 4.74117e-11), (8.94091e-10, 4.74117e-11), (6.42668e-10, 4.74117e-11), (8.14797e-10, 4.74117e-11), (8.49758e-10, 4.74117e-11), (6.14785e-10, 4.74117e-11), (7.5702e-10, 4.74117e-11), (8.27249e-10, 4.74117e-11), (6.92038e-10, 4.74117e-11), (8.09265e-10, 4.74117e-11), (6.291e-10, 4.74117e-11), (8.81109e-10, 4.74117e-11), (6.14985e-10, 4.74117e-11), (8.58336e-10, 4.74117e-11), (7.85656e-10, 4.74117e-11), (7.8223e-10, 4.74117e-11), (8.39041e-10, -0.138738), (-0.178066, 4.74117e-11), (0.258674, 4.74117e-11), (7.29285e-10, 0.357393), (0.370941, 4.74117e-11) ]
Média: 0.9926
Melhor (1): (7.92543e-10, 4.74117e-11)
Pior (0.868498): (0.370941, 4.74117e-11)

<------Geração 254------>

[ (8.27588e-10, 4.74117e-11), (6.80703e-10, 4.74117e-11), (7.92543e-10, 4.74117e-11), (7.88577e-10, 4.74117e-11), (6.94483e-10, 4.74117e-11), (6.84809e-10, 4.74117e-11), (7.05541e-10, 4.74117e-11), (5.47122e-10, 4.74117e-11), (7.39168e-10, 4.74117e-11), (6.46851e-10, 4.74117e-11), (8.14501e-10, 4.74117e-11), (6.83773e-10, 4.74117e-11), (7.50831e-10, 4.74117e-11), (8.4366e-10, 4.74117e-11), (7.35503e-10, 4.74117e-11), (7.23058e-10, 4.74117e-11), (6.42058e-10, 4.74117e-11), (7.44339e-10, 4.74117e-11), (6.62088e-10, 4.74117e-11), (8.14326e-10, 4.74117e-11), (7.34051e-10, 4.74117e-11), (6.46431e-10, 4.74117e-11), (8.43191e-10, 4.74117e-11), (7.44317e-10, 4.74117e-11), (6.98875e-10, 4.74117e-11), (5.15547e-10, 4.74117e-11), (6.78117e-10, 4.74117e-11), (6.57152e-10, 4.74117e-11), (7.34853e-10, 4.74117e-11), (7.28918e-10, 4.74117e-11), (7.36399e-10, 4.74117e-11), (7.12636e-10, 4.74117e-11), (8.11459e-10, 4.74117e-11), (7.86571e-10, 4.74117e-11), (7.30477e-10, 4.74117e-11), (5.31488e-10, 4.74117e-11), (7.15398e-10, 4.74117e-11), (8.26437e-10, 4.74117e-11), (7.24444e-10, 4.74117e-11), (7.02037e-10, 4.74117e-11), (6.5705e-10, 4.74117e-11), (6.60446e-10, 4.74117e-11), (7.94002e-10, 4.74117e-11), (6.2317e-10, 4.74117e-11), (6.34636e-10, 4.74117e-11), (7.05668e-10, 4.74117e-11), (-0.306803, 4.74117e-11), (0.457226, 4.74117e-11), (0.705143, 4.74117e-11), (7.13189e-10, 1.3626) ]
Média: 0.966759
Melhor (1): (8.27588e-10, 4.74117e-11)
Pior (0.0444163): (7.13189e-10, 1.3626)

<------Geração 255------>

[ (7.0374e-10, 4.74117e-11), (8.27588e-10, 4.74117e-11), (7.65667e-10, 4.74117e-11), (7.14684e-10, 4.74117e-11), (6.33672e-10, 4.74117e-11), (7.61459e-10, 4.74117e-11), (6.8816e-10, 4.74117e-11), (8.23741e-10, 4.74117e-11), (8.00087e-10, 4.74117e-11), (7.43142e-10, 4.74117e-11), (7.69599e-10, 4.74117e-11), (7.52751e-10, 4.74117e-11), (7.05556e-10, 4.74117e-11), (6.50724e-10, 4.74117e-11), (5.6939e-10, 4.74117e-11), (7.16898e-10, 4.74117e-11), (7.23253e-10, 4.74117e-11), (6.94626e-10, 4.74117e-11), (7.31309e-10, 4.74117e-11), (8.41444e-10, 4.74117e-11), (8.32502e-10, 4.74117e-11), (6.85395e-10, 4.74117e-11), (8.31812e-10, 4.74117e-11), (7.78987e-10, 4.74117e-11), (8.14426e-10, 4.74117e-11), (6.83907e-10, 4.74117e-11), (6.80703e-10, 4.74117e-11), (7.34876e-10, 4.74117e-11), (5.31488e-10, 4.74117e-11), (6.57828e-10, 4.74117e-11), (6.85755e-10, 4.74117e-11), (6.45278e-10, 4.74117e-11), (7.82692e-10, 4.74117e-11), (6.32125e-10, 4.74117e-11), (6.87189e-10, 4.74117e-11), (7.02955e-10, 4.74117e-11), (7.32749e-10, 4.74117e-11), (6.84359e-10, 4.74117e-11), (7.531e-10, 4.74117e-11), (5.7084e-10, 4.74117e-11), (6.96068e-10, 4.74117e-11), (6.96285e-10, 4.74117e-11), (7.23917e-10, 4.74117e-11), (7.2887e-10, 4.74117e-11), (7.4865e-10, 4.74117e-11), (8.30894e-10, 4.74117e-11), (7.39217e-10, 4.74117e-11), (5.90765e-10, 4.74117e-11), (0.256396, 4.74117e-11), (-0.301544, 4.74117e-11) ]
Média: 0.996947
Melhor (1): (7.0374e-10, 4.74117e-11)
Pior (0.911719): (-0.301544, 4.74117e-11)

<------Geração 256------>

[ (7.80291e-10, 4.74117e-11), (7.0374e-10, 4.74117e-11), (8.20652e-10, 4.74117e-11), (6.02688e-10, 4.74117e-11), (6.99929e-10, 4.74117e-11), (7.99932e-10, 4.74117e-11), (7.37835e-10, 4.74117e-11), (7.21332e-10, 4.74117e-11), (8.16329e-10, 4.74117e-11), (7.18018e-10, 4.74117e-11), (6.99686e-10, 4.74117e-11), (7.05348e-10, 4.74117e-11), (7.55108e-10, 4.74117e-11), (6.22917e-10, 4.74117e-11), (7.5064e-10, 4.74117e-11), (5.66285e-10, 4.74117e-11), (6.5766e-10, 4.74117e-11), (7.21109e-10, 4.74117e-11), (6.09383e-10, 4.74117e-11), (6.95872e-10, 4.74117e-11), (6.84476e-10, 4.74117e-11), (6.59197e-10, 4.74117e-11), (6.66117e-10, 4.74117e-11), (6.84603e-10, 4.74117e-11), (7.49107e-10, 4.74117e-11), (7.69817e-10, 4.74117e-11), (8.27588e-10, 4.74117e-11), (6.7505e-10, 4.74117e-11), (7.84916e-10, 4.74117e-11), (7.36269e-10, 4.74117e-11), (7.33223e-10, 4.74117e-11), (6.92804e-10, 4.74117e-11), (6.9385e-10, 4.74117e-11), (7.05641e-10, 4.74117e-11), (6.89157e-10, 4.74117e-11), (8.135e-10, 4.74117e-11), (7.65094e-10, 4.74117e-11), (7.36984e-10, 4.74117e-11), (6.96299e-10, 4.74117e-11), (7.96729e-10, 4.74117e-11), (6.18984e-10, 4.74117e-11), (6.96301e-10, 4.74117e-11), (6.15017e-10, 4.74117e-11), (6.94755e-10, 4.74117e-11), (6.75545e-10, 4.74117e-11), (7.40364e-10, 4.74117e-11), (0.0997673, 4.74117e-11), (0.213488, 4.74117e-11), (-0.407445, 4.74117e-11), (0.677127, 4.74117e-11) ]
Média: 0.987907
Melhor (1): (7.80291e-10, 4.74117e-11)
Pior (0.607328): (0.677127, 4.74117e-11)

<------Geração 257------>

[ (7.01239e-10, 4.74117e-11), (7.80291e-10, 4.74117e-11), (7.03759e-10, 4.74117e-11), (7.00112e-10, 4.74117e-11), (7.028e-10, 4.74117e-11), (7.07086e-10, 4.74117e-11), (6.3638e-10, 4.74117e-11), (6.94998e-10, 4.74117e-11), (7.19884e-10, 4.74117e-11), (7.02805e-10, 4.74117e-11), (6.78996e-10, 4.74117e-11), (7.24316e-10, 4.74117e-11), (6.92088e-10, 4.74117e-11), (6.8993e-10, 4.74117e-11), (6.84432e-10, 4.74117e-11), (6.86392e-10, 4.74117e-11), (7.04739e-10, 4.74117e-11), (6.82261e-10, 4.74117e-11), (6.95222e-10, 4.74117e-11), (7.03859e-10, 4.74117e-11), (6.87222e-10, 4.74117e-11), (7.92298e-10, 4.74117e-11), (5.97801e-10, 4.74117e-11), (7.63362e-10, 4.74117e-11), (8.08963e-10, 4.74117e-11), (8.07302e-10, 4.74117e-11), (7.0374e-10, 4.74117e-11), (7.43455e-10, 4.74117e-11), (7.46141e-10, 4.74117e-11), (6.98591e-10, 4.74117e-11), (7.63449e-10, 4.74117e-11), (7.31467e-10, 4.74117e-11), (6.78488e-10, 4.74117e-11), (7.71208e-10, 4.74117e-11), (7.15274e-10, 4.74117e-11), (7.98234e-10, 4.74117e-11), (7.8188e-10, 4.74117e-11), (7.16669e-10, 4.74117e-11), (7.03422e-10, 4.74117e-11), (7.29162e-10, 4.74117e-11), (7.19368e-10, 4.74117e-11), (6.21269e-10, 4.74117e-11), (7.49386e-10, 4.74117e-11), (8.20279e-10, 4.74117e-11), (6.59146e-10, 4.74117e-11), (6.88175e-10, 4.74117e-11), (7.97598e-10, 4.74117e-11), (7.93043e-10, -0.101718), (7.37126e-10, -0.430389), (0.674079, 4.74117e-11) ]
Média: 0.988516
Melhor (1): (7.01239e-10, 4.74117e-11)
Pior (0.610301): (0.674079, 4.74117e-11)

<------Geração 258------>

[ (7.93987e-10, 4.74117e-11), (7.01239e-10, 4.74117e-11), (7.41327e-10, 4.74117e-11), (7.09934e-10, 4.74117e-11), (6.89191e-10, 4.74117e-11), (6.92342e-10, 4.74117e-11), (6.77254e-10, 4.74117e-11), (7.5965e-10, 4.74117e-11), (7.07893e-10, 4.74117e-11), (7.71032e-10, 4.74117e-11), (7.65401e-10, 4.74117e-11), (6.98537e-10, 4.74117e-11), (7.0374e-10, 4.74117e-11), (7.06021e-10, 4.74117e-11), (6.88068e-10, 4.74117e-11), (7.18364e-10, 4.74117e-11), (7.92358e-10, 4.74117e-11), (7.45425e-10, 4.74117e-11), (7.07194e-10, 4.74117e-11), (7.57407e-10, 4.74117e-11), (7.13627e-10, 4.74117e-11), (6.65006e-10, 4.74117e-11), (6.81771e-10, 4.74117e-11), (6.97355e-10, 4.74117e-11), (6.92153e-10, 4.74117e-11), (7.80291e-10, 4.74117e-11), (6.59157e-10, 4.74117e-11), (6.40541e-10, 4.74117e-11), (6.93807e-10, 4.74117e-11), (7.43134e-10, 4.74117e-11), (7.8295e-10, 4.74117e-11), (7.44951e-10, 4.74117e-11), (6.88492e-10, 4.74117e-11), (7.4386e-10, 4.74117e-11), (7.57995e-10, 4.74117e-11), (7.43964e-10, 4.74117e-11), (7.70083e-10, 4.74117e-11), (8.09978e-10, 4.74117e-11), (6.95727e-10, 4.74117e-11), (7.17629e-10, 4.74117e-11), (7.32496e-10, 4.74117e-11), (7.54474e-10, 4.74117e-11), (7.03969e-10, 4.74117e-11), (6.84616e-10, 4.74117e-11), (-0.0533445, 4.74117e-11), (7.60479e-10, -0.0659906), (7.1849e-10, -0.331037), (-0.422655, 4.74117e-11), (7.28972e-10, -0.444816), (-1.17349, 4.74117e-11) ]
Média: 0.973682
Melhor (1): (7.93987e-10, 4.74117e-11)
Pior (0.150685): (-1.17349, 4.74117e-11)

<------Geração 259------>

[ (7.21643e-10, 4.74117e-11), (7.93987e-10, 4.74117e-11), (7.59093e-10, 4.74117e-11), (7.62046e-10, 4.74117e-11), (7.28452e-10, 4.74117e-11), (7.45051e-10, 4.74117e-11), (7.39273e-10, 4.74117e-11), (7.01347e-10, 4.74117e-11), (6.75362e-10, 4.74117e-11), (7.14068e-10, 4.74117e-11), (7.3067e-10, 4.74117e-11), (7.32483e-10, 4.74117e-11), (7.22904e-10, 4.74117e-11), (7.49176e-10, 4.74117e-11), (6.75724e-10, 4.74117e-11), (7.10485e-10, 4.74117e-11), (6.88691e-10, 4.74117e-11), (6.92342e-10, 4.74117e-11), (7.34721e-10, 4.74117e-11), (7.23285e-10, 4.74117e-11), (7.11208e-10, 4.74117e-11), (7.1649e-10, 4.74117e-11), (7.56418e-10, 4.74117e-11), (7.64872e-10, 4.74117e-11), (7.78401e-10, 4.74117e-11), (7.01239e-10, 4.74117e-11), (6.97549e-10, 4.74117e-11), (7.51495e-10, 4.74117e-11), (7.75869e-10, 4.74117e-11), (7.65226e-10, 4.74117e-11), (7.28003e-10, 4.74117e-11), (7.17577e-10, 4.74117e-11), (7.42373e-10, 4.74117e-11), (7.6942e-10, 4.74117e-11), (8.08669e-10, 4.74117e-11), (7.0554e-10, 4.74117e-11), (6.81685e-10, 4.74117e-11), (7.33474e-10, 4.74117e-11), (7.30271e-10, 4.74117e-11), (6.90772e-10, 4.74117e-11), (6.89977e-10, 4.74117e-11), (7.79699e-10, 4.74117e-11), (7.13511e-10, 4.74117e-11), (6.99603e-10, 4.74117e-11), (7.42849e-10, 4.74117e-11), (6.95872e-10, 4.74117e-11), (7.16832e-10, 4.74117e-11), (-0.233457, 4.74117e-11), (-0.262387, 4.74117e-11), (7.17619e-10, -0.579451) ]
Média: 0.991583
Melhor (1): (7.21643e-10, 4.74117e-11)
Pior (0.700039): (7.17619e-10, -0.579451)

<------Geração 260------>

[ (7.23627e-10, 4.74117e-11), (7.21643e-10, 4.74117e-11), (7.19747e-10, 4.74117e-11), (7.25418e-10, 4.74117e-11), (7.44695e-10, 4.74117e-11), (6.93489e-10, 4.74117e-11), (7.14064e-10, 4.74117e-11), (6.93689e-10, 4.74117e-11), (7.56798e-10, 4.74117e-11), (7.19797e-10, 4.74117e-11), (7.32832e-10, 4.74117e-11), (7.29419e-10, 4.74117e-11), (7.25841e-10, 4.74117e-11), (7.40112e-10, 4.74117e-11), (6.82365e-10, 4.74117e-11), (7.54008e-10, 4.74117e-11), (7.08015e-10, 4.74117e-11), (7.02864e-10, 4.74117e-11), (6.99547e-10, 4.74117e-11), (7.41056e-10, 4.74117e-11), (7.49745e-10, 4.74117e-11), (7.7688e-10, 4.74117e-11), (7.24477e-10, 4.74117e-11), (7.41603e-10, 4.74117e-11), (7.00272e-10, 4.74117e-11), (7.93987e-10, 4.74117e-11), (6.75409e-10, 4.74117e-11), (7.49542e-10, 4.74117e-11), (7.14059e-10, 4.74117e-11), (6.87471e-10, 4.74117e-11), (7.41022e-10, 4.74117e-11), (7.20167e-10, 4.74117e-11), (7.20248e-10, 4.74117e-11), (7.70746e-10, 4.74117e-11), (7.29254e-10, 4.74117e-11), (7.12963e-10, 4.74117e-11), (7.42497e-10, 4.74117e-11), (7.13676e-10, 4.74117e-11), (7.30225e-10, 4.74117e-11), (6.99257e-10, 4.74117e-11), (7.48465e-10, 4.74117e-11), (7.17897e-10, 4.74117e-11), (7.67324e-10, 4.74117e-11), (7.63722e-10, 4.74117e-11), (7.10094e-10, 4.74117e-11), (7.50773e-10, 4.74117e-11), (6.99834e-10, 4.74117e-11), (0.211895, 4.74117e-11), (0.300471, 4.74117e-11), (7.57823e-10, 0.543611) ]
Média: 0.992008
Melhor (1): (7.23627e-10, 4.74117e-11)
Pior (0.732336): (7.57823e-10, 0.543611)

<------Geração 261------>

[ (7.26915e-10, 4.74117e-11), (7.23627e-10, 4.74117e-11), (7.32646e-10, 4.74117e-11), (7.02258e-10, 4.74117e-11), (7.25418e-10, 4.74117e-11), (7.24512e-10, 4.74117e-11), (7.16479e-10, 4.74117e-11), (7.32023e-10, 4.74117e-11), (7.22369e-10, 4.74117e-11), (7.43853e-10, 4.74117e-11), (7.11372e-10, 4.74117e-11), (7.20248e-10, 4.74117e-11), (6.97606e-10, 4.74117e-11), (7.48622e-10, 4.74117e-11), (7.26699e-10, 4.74117e-11), (6.95559e-10, 4.74117e-11), (6.86622e-10, 4.74117e-11), (7.30167e-10, 4.74117e-11), (7.77485e-10, 4.74117e-11), (7.39099e-10, 4.74117e-11), (7.22618e-10, 4.74117e-11), (7.08157e-10, 4.74117e-11), (7.306e-10, 4.74117e-11), (7.32579e-10, 4.74117e-11), (7.45309e-10, 4.74117e-11), (7.21643e-10, 4.74117e-11), (7.37011e-10, 4.74117e-11), (7.28615e-10, 4.74117e-11), (7.38787e-10, 4.74117e-11), (7.58326e-10, 4.74117e-11), (7.52073e-10, 4.74117e-11), (7.26925e-10, 4.74117e-11), (7.45088e-10, 4.74117e-11), (7.10274e-10, 4.74117e-11), (7.01511e-10, 4.74117e-11), (7.56925e-10, 4.74117e-11), (7.33795e-10, 4.74117e-11), (7.23138e-10, 4.74117e-11), (7.58281e-10, 4.74117e-11), (7.58964e-10, 4.74117e-11), (7.4439e-10, 4.74117e-11), (7.44713e-10, 4.74117e-11), (7.28576e-10, 4.74117e-11), (7.53467e-10, 4.74117e-11), (7.59728e-10, 4.74117e-11), (7.5297e-10, 4.74117e-11), (-0.152998, 4.74117e-11), (-0.271799, 4.74117e-11), (0.324673, 4.74117e-11), (0.4106, 4.74117e-11) ]
Média: 0.992867
Melhor (1): (7.26915e-10, 4.74117e-11)
Pior (0.840557): (0.4106, 4.74117e-11)

<------Geração 262------>

[ (7.18779e-10, 4.74117e-11), (7.13006e-10, 4.74117e-11), (7.29162e-10, 4.74117e-11), (7.45314e-10, 4.74117e-11), (7.07922e-10, 4.74117e-11), (7.21888e-10, 4.74117e-11), (7.31019e-10, 4.74117e-11), (7.40142e-10, 4.74117e-11), (7.32396e-10, 4.74117e-11), (7.26853e-10, 4.74117e-11), (7.17858e-10, 4.74117e-11), (7.26719e-10, 4.74117e-11), (7.23627e-10, 4.74117e-11), (7.45377e-10, 4.74117e-11), (7.03061e-10, 4.74117e-11), (7.33831e-10, 4.74117e-11), (7.19186e-10, 4.74117e-11), (7.07209e-10, 4.74117e-11), (7.1739e-10, 4.74117e-11), (7.46341e-10, 4.74117e-11), (7.34142e-10, 4.74117e-11), (7.39618e-10, 4.74117e-11), (7.22565e-10, 4.74117e-11), (7.50004e-10, 4.74117e-11), (6.99088e-10, 4.74117e-11), (7.26915e-10, 4.74117e-11), (7.29348e-10, 4.74117e-11), (7.2572e-10, 4.74117e-11), (7.29725e-10, 4.74117e-11), (7.28095e-10, 4.74117e-11), (7.39397e-10, 4.74117e-11), (7.10114e-10, 4.74117e-11), (7.56613e-10, 4.74117e-11), (7.28313e-10, 4.74117e-11), (7.49639e-10, 4.74117e-11), (7.16915e-10, 4.74117e-11), (7.43853e-10, 4.74117e-11), (7.4393e-10, 4.74117e-11), (7.20866e-10, 4.74117e-11), (7.43345e-10, 4.74117e-11), (6.9279e-10, 4.74117e-11), (7.46142e-10, 4.74117e-11), (7.58168e-10, 4.74117e-11), (7.36964e-10, 4.74117e-11), (7.01086e-10, 4.74117e-11), (7.3699e-10, 0.0482954), (0.130452, 4.74117e-11), (7.53783e-10, 0.221528), (7.15478e-10, 0.337855), (0.49614, 4.74117e-11) ]
Média: 0.991914
Melhor (1): (7.18779e-10, 4.74117e-11)
Pior (0.773256): (0.49614, 4.74117e-11)

<------Geração 263------>

[ (7.15412e-10, 4.74117e-11), (7.18779e-10, 4.74117e-11), (7.12058e-10, 4.74117e-11), (7.33992e-10, 4.74117e-11), (7.22142e-10, 4.74117e-11), (7.24603e-10, 4.74117e-11), (6.96753e-10, 4.74117e-11), (7.36225e-10, 4.74117e-11), (7.17543e-10, 4.74117e-11), (7.09798e-10, 4.74117e-11), (7.09832e-10, 4.74117e-11), (7.12913e-10, 4.74117e-11), (7.15641e-10, 4.74117e-11), (7.15815e-10, 4.74117e-11), (7.34774e-10, 4.74117e-11), (7.10836e-10, 4.74117e-11), (7.37039e-10, 4.74117e-11), (7.57256e-10, 4.74117e-11), (7.30335e-10, 4.74117e-11), (7.31918e-10, 4.74117e-11), (7.14465e-10, 4.74117e-11), (7.41236e-10, 4.74117e-11), (7.26765e-10, 4.74117e-11), (7.06518e-10, 4.74117e-11), (7.31914e-10, 4.74117e-11), (7.20944e-10, 4.74117e-11), (7.13006e-10, 4.74117e-11), (7.26862e-10, 4.74117e-11), (7.10194e-10, 4.74117e-11), (7.25699e-10, 4.74117e-11), (7.3272e-10, 4.74117e-11), (6.9511e-10, 4.74117e-11), (7.40678e-10, 4.74117e-11), (7.24505e-10, 4.74117e-11), (7.2314e-10, 4.74117e-11), (7.17131e-10, 4.74117e-11), (7.33049e-10, 4.74117e-11), (7.18337e-10, 4.74117e-11), (7.3954e-10, 4.74117e-11), (7.02793e-10, 4.74117e-11), (7.18816e-10, 4.74117e-11), (7.10486e-10, 4.74117e-11), (7.23853e-10, 4.74117e-11), (7.42596e-10, 4.74117e-11), (7.22019e-10, 4.74117e-11), (6.99209e-10, 4.74117e-11), (7.25267e-10, 4.74117e-11), (7.08019e-10, -0.0392482), (7.24629e-10, 0.0716547), (7.27785e-10, -0.607156) ]
Média: 0.993354
Melhor (1): (7.15412e-10, 4.74117e-11)
Pior (0.674362): (7.27785e-10, -0.607156)

<------Geração 264------>

[ (7.40827e-10, 4.74117e-11), (7.15412e-10, 4.74117e-11), (7.24541e-10, 4.74117e-11), (7.15475e-10, 4.74117e-11), (7.37194e-10, 4.74117e-11), (7.33973e-10, 4.74117e-11), (7.13872e-10, 4.74117e-11), (7.29358e-10, 4.74117e-11), (7.17126e-10, 4.74117e-11), (6.97385e-10, 4.74117e-11), (7.33675e-10, 4.74117e-11), (7.27202e-10, 4.74117e-11), (7.32244e-10, 4.74117e-11), (7.12201e-10, 4.74117e-11), (7.23979e-10, 4.74117e-11), (7.18441e-10, 4.74117e-11), (7.18106e-10, 4.74117e-11), (7.29262e-10, 4.74117e-11), (7.29812e-10, 4.74117e-11), (7.24084e-10, 4.74117e-11), (7.23773e-10, 4.74117e-11), (7.0775e-10, 4.74117e-11), (7.40246e-10, 4.74117e-11), (7.16614e-10, 4.74117e-11), (7.18626e-10, 4.74117e-11), (6.95995e-10, 4.74117e-11), (7.18779e-10, 4.74117e-11), (7.04589e-10, 4.74117e-11), (7.14839e-10, 4.74117e-11), (7.24897e-10, 4.74117e-11), (7.3383e-10, 4.74117e-11), (7.10536e-10, 4.74117e-11), (7.42596e-10, 4.74117e-11), (7.32878e-10, 4.74117e-11), (7.1669e-10, 4.74117e-11), (7.2787e-10, 4.74117e-11), (7.00362e-10, 4.74117e-11), (7.22156e-10, 4.74117e-11), (7.234e-10, 4.74117e-11), (7.2013e-10, 4.74117e-11), (7.204e-10, 4.74117e-11), (7.12819e-10, 4.74117e-11), (7.20423e-10, 4.74117e-11), (7.17291e-10, 4.74117e-11), (7.20561e-10, 4.74117e-11), (7.20956e-10, 4.74117e-11), (7.29774e-10, 4.74117e-11), (7.35585e-10, 0.237716), (0.274047, 4.74117e-11), (7.21239e-10, -0.426553) ]
Média: 0.993998
Melhor (1): (7.40827e-10, 4.74117e-11)
Pior (0.828704): (7.21239e-10, -0.426553)

<------Geração 265------>

[ (7.24037e-10, 4.74117e-11), (7.20846e-10, 4.74117e-11), (7.31984e-10, 4.74117e-11), (7.40827e-10, 4.74117e-11), (7.24426e-10, 4.74117e-11), (7.18218e-10, 4.74117e-11), (7.33848e-10, 4.74117e-11), (7.38233e-10, 4.74117e-11), (7.234e-10, 4.74117e-11), (7.20941e-10, 4.74117e-11), (7.18676e-10, 4.74117e-11), (7.32045e-10, 4.74117e-11), (7.22128e-10, 4.74117e-11), (7.27028e-10, 4.74117e-11), (7.05075e-10, 4.74117e-11), (6.98233e-10, 4.74117e-11), (7.39592e-10, 4.74117e-11), (7.32582e-10, 4.74117e-11), (7.25195e-10, 4.74117e-11), (7.18118e-10, 4.74117e-11), (7.20181e-10, 4.74117e-11), (7.13819e-10, 4.74117e-11), (7.36945e-10, 4.74117e-11), (7.33144e-10, 4.74117e-11), (7.15412e-10, 4.74117e-11), (7.1401e-10, 4.74117e-11), (7.17423e-10, 4.74117e-11), (7.12301e-10, 4.74117e-11), (7.19541e-10, 4.74117e-11), (7.27771e-10, 4.74117e-11), (7.11014e-10, 4.74117e-11), (7.05412e-10, 4.74117e-11), (7.19776e-10, 4.74117e-11), (7.31785e-10, 4.74117e-11), (7.18392e-10, 4.74117e-11), (7.11821e-10, 4.74117e-11), (7.38439e-10, 4.74117e-11), (7.3145e-10, 4.74117e-11), (7.07865e-10, 4.74117e-11), (7.0391e-10, 4.74117e-11), (7.10678e-10, 4.74117e-11), (7.21387e-10, 4.74117e-11), (7.30316e-10, 4.74117e-11), (0.0631887, 4.74117e-11), (0.147661, 4.74117e-11), (7.17468e-10, -0.275351), (7.34303e-10, -0.317751), (0.44696, 4.74117e-11), (7.2546e-10, 0.676893), (7.2744e-10, -0.720571) ]
Média: 0.975757
Melhor (1): (7.24037e-10, 4.74117e-11)
Pior (0.564579): (7.2744e-10, -0.720571)

<------Geração 266------>

[ (7.31881e-10, 4.74117e-11), (7.14681e-10, 4.74117e-11), (7.28131e-10, 4.74117e-11), (7.21269e-10, 4.74117e-11), (7.19654e-10, 4.74117e-11), (7.08822e-10, 4.74117e-11), (7.2001e-10, 4.74117e-11), (7.38299e-10, 4.74117e-11), (7.29569e-10, 4.74117e-11), (7.3245e-10, 4.74117e-11), (7.11664e-10, 4.74117e-11), (7.1617e-10, 4.74117e-11), (7.23495e-10, 4.74117e-11), (7.06543e-10, 4.74117e-11), (7.28544e-10, 4.74117e-11), (7.19377e-10, 4.74117e-11), (7.1458e-10, 4.74117e-11), (7.16489e-10, 4.74117e-11), (7.35431e-10, 4.74117e-11), (7.14036e-10, 4.74117e-11), (7.38439e-10, 4.74117e-11), (7.32037e-10, 4.74117e-11), (7.24399e-10, 4.74117e-11), (7.20613e-10, 4.74117e-11), (7.36654e-10, 4.74117e-11), (7.3319e-10, 4.74117e-11), (7.20846e-10, 4.74117e-11), (7.06198e-10, 4.74117e-11), (7.27711e-10, 4.74117e-11), (7.25303e-10, 4.74117e-11), (7.13705e-10, 4.74117e-11), (7.25358e-10, 4.74117e-11), (7.18656e-10, 4.74117e-11), (7.13826e-10, 4.74117e-11), (7.18551e-10, 4.74117e-11), (7.27931e-10, 4.74117e-11), (7.34397e-10, 4.74117e-11), (7.24037e-10, 4.74117e-11), (7.16215e-10, 4.74117e-11), (7.15807e-10, 4.74117e-11), (7.27473e-10, 4.74117e-11), (7.23636e-10, 4.74117e-11), (7.31521e-10, 4.74117e-11), (7.1845e-10, 4.74117e-11), (7.24599e-10, 4.74117e-11), (7.2338e-10, 4.74117e-11), (7.20826e-10, 4.74117e-11), (7.26266e-10, -0.114064), (-0.291256, 4.74117e-11), (-0.824478, 4.74117e-11) ]
Média: 0.98731
Melhor (1): (7.31881e-10, 4.74117e-11)
Pior (0.461013): (-0.824478, 4.74117e-11)

<------Geração 267------>

[ (7.1459e-10, 4.74117e-11), (7.31881e-10, 4.74117e-11), (7.34909e-10, 4.74117e-11), (7.17983e-10, 4.74117e-11), (7.1845e-10, 4.74117e-11), (7.15809e-10, 4.74117e-11), (7.21613e-10, 4.74117e-11), (7.18536e-10, 4.74117e-11), (7.22879e-10, 4.74117e-11), (7.14076e-10, 4.74117e-11), (7.17453e-10, 4.74117e-11), (7.24003e-10, 4.74117e-11), (7.18066e-10, 4.74117e-11), (7.14798e-10, 4.74117e-11), (7.19621e-10, 4.74117e-11), (7.21117e-10, 4.74117e-11), (7.1889e-10, 4.74117e-11), (7.21483e-10, 4.74117e-11), (7.28625e-10, 4.74117e-11), (7.16534e-10, 4.74117e-11), (7.19676e-10, 4.74117e-11), (7.18051e-10, 4.74117e-11), (7.27928e-10, 4.74117e-11), (7.25732e-10, 4.74117e-11), (7.18598e-10, 4.74117e-11), (7.18323e-10, 4.74117e-11), (7.14681e-10, 4.74117e-11), (7.28324e-10, 4.74117e-11), (7.25702e-10, 4.74117e-11), (7.31618e-10, 4.74117e-11), (7.16614e-10, 4.74117e-11), (7.16267e-10, 4.74117e-11), (7.19023e-10, 4.74117e-11), (7.24316e-10, 4.74117e-11), (7.18501e-10, 4.74117e-11), (7.23108e-10, 4.74117e-11), (7.15987e-10, 4.74117e-11), (7.14036e-10, 4.74117e-11), (7.20258e-10, 4.74117e-11), (7.37576e-10, 4.74117e-11), (7.26408e-10, 4.74117e-11), (7.17956e-10, 4.74117e-11), (7.23819e-10, 4.74117e-11), (7.19282e-10, 4.74117e-11), (7.22856e-10, 4.74117e-11), (7.21244e-10, 4.74117e-11), (0.00608235, 4.74117e-11), (0.0311292, 4.74117e-11), (7.32495e-10, 0.162576), (0.296587, 0.0994099) ]
Média: 0.99756
Melhor (1): (7.1459e-10, 4.74117e-11)
Pior (0.905224): (0.296587, 0.0994099)

<------Geração 268------>

[ (7.2e-10, 4.74117e-11), (7.1459e-10, 4.74117e-11), (7.22294e-10, 4.74117e-11), (7.18382e-10, 4.74117e-11), (7.1507e-10, 4.74117e-11), (7.17948e-10, 4.74117e-11), (7.29651e-10, 4.74117e-11), (7.23813e-10, 4.74117e-11), (7.3188e-10, 4.74117e-11), (7.1851e-10, 4.74117e-11), (7.15639e-10, 4.74117e-11), (7.1444e-10, 4.74117e-11), (7.25114e-10, 4.74117e-11), (7.15003e-10, 4.74117e-11), (7.20627e-10, 4.74117e-11), (7.20703e-10, 4.74117e-11), (7.2956e-10, 4.74117e-11), (7.18123e-10, 4.74117e-11), (7.26539e-10, 4.74117e-11), (7.18393e-10, 4.74117e-11), (7.18056e-10, 4.74117e-11), (7.19316e-10, 4.74117e-11), (7.21472e-10, 4.74117e-11), (7.22584e-10, 4.74117e-11), (7.17517e-10, 4.74117e-11), (7.19728e-10, 4.74117e-11), (7.24896e-10, 4.74117e-11), (7.15588e-10, 4.74117e-11), (7.15051e-10, 4.74117e-11), (7.24534e-10, 4.74117e-11), (7.18334e-10, 4.74117e-11), (7.23666e-10, 4.74117e-11), (7.18855e-10, 4.74117e-11), (7.24559e-10, 4.74117e-11), (7.1506e-10, 4.74117e-11), (7.21003e-10, 4.74117e-11), (7.18171e-10, 4.74117e-11), (7.30882e-10, 4.74117e-11), (7.22856e-10, 4.74117e-11), (7.24014e-10, 4.74117e-11), (7.21193e-10, 4.74117e-11), (7.21232e-10, 4.74117e-11), (7.1847e-10, 4.74117e-11), (7.16554e-10, 4.74117e-11), (7.31881e-10, 4.74117e-11), (7.14476e-10, 4.74117e-11), (-0.139017, 4.74117e-11), (7.20793e-10, 0.535917), (-0.583234, 4.74117e-11), (0.840627, -0.334231) ]
Média: 0.975971
Melhor (1): (7.2e-10, 4.74117e-11)
Pior (0.382084): (0.840627, -0.334231)

<------Geração 269------>

[ (7.23328e-10, 4.74117e-11), (7.14754e-10, 4.74117e-11), (7.17607e-10, 4.74117e-11), (7.2e-10, 4.74117e-11), (7.21199e-10, 4.74117e-11), (7.21094e-10, 4.74117e-11), (7.21473e-10, 4.74117e-11), (7.15612e-10, 4.74117e-11), (7.17264e-10, 4.74117e-11), (7.20729e-10, 4.74117e-11), (7.2633e-10, 4.74117e-11), (7.18356e-10, 4.74117e-11), (7.18019e-10, 4.74117e-11), (7.31545e-10, 4.74117e-11), (7.20311e-10, 4.74117e-11), (7.19922e-10, 4.74117e-11), (7.21214e-10, 4.74117e-11), (7.19657e-10, 4.74117e-11), (7.22476e-10, 4.74117e-11), (7.19955e-10, 4.74117e-11), (7.18652e-10, 4.74117e-11), (7.15192e-10, 4.74117e-11), (7.15639e-10, 4.74117e-11), (7.15295e-10, 4.74117e-11), (7.1459e-10, 4.74117e-11), (7.16121e-10, 4.74117e-11), (7.18558e-10, 4.74117e-11), (7.1829e-10, 4.74117e-11), (7.18351e-10, 4.74117e-11), (7.197e-10, 4.74117e-11), (7.1828e-10, 4.74117e-11), (7.15928e-10, 4.74117e-11), (7.181e-10, 4.74117e-11), (7.23493e-10, 4.74117e-11), (7.14536e-10, 4.74117e-11), (7.17868e-10, 4.74117e-11), (7.17545e-10, 4.74117e-11), (7.15299e-10, 4.74117e-11), (7.17934e-10, 4.74117e-11), (7.22591e-10, 4.74117e-11), (7.15661e-10, 4.74117e-11), (7.14577e-10, 4.74117e-11), (7.20505e-10, 4.74117e-11), (7.24418e-10, 4.74117e-11), (-0.0795853, 4.74117e-11), (0.107445, 4.74117e-11), (-0.132697, 4.74117e-11), (-0.347771, 4.74117e-11), (-0.363612, 4.74117e-11), (-1.11044, 4.74117e-11) ]
Média: 0.978399
Melhor (1): (7.23328e-10, 4.74117e-11)
Pior (0.198118): (-1.11044, 4.74117e-11)

<------Geração 270------>

[ (7.18275e-10, 4.74117e-11), (7.23389e-10, 4.74117e-11), (7.23328e-10, 4.74117e-11), (7.20402e-10, 4.74117e-11), (7.21776e-10, 4.74117e-11), (7.198e-10, 4.74117e-11), (7.17644e-10, 4.74117e-11), (7.18945e-10, 4.74117e-11), (7.17905e-10, 4.74117e-11), (7.18999e-10, 4.74117e-11), (7.20779e-10, 4.74117e-11), (7.20907e-10, 4.74117e-11), (7.21004e-10, 4.74117e-11), (7.17787e-10, 4.74117e-11), (7.17086e-10, 4.74117e-11), (7.18391e-10, 4.74117e-11), (7.20185e-10, 4.74117e-11), (7.2206e-10, 4.74117e-11), (7.17607e-10, 4.74117e-11), (7.18563e-10, 4.74117e-11), (7.1523e-10, 4.74117e-11), (7.20642e-10, 4.74117e-11), (7.18856e-10, 4.74117e-11), (7.1867e-10, 4.74117e-11), (7.18223e-10, 4.74117e-11), (7.14754e-10, 4.74117e-11), (7.29728e-10, 4.74117e-11), (7.16147e-10, 4.74117e-11), (7.17325e-10, 4.74117e-11), (7.20611e-10, 4.74117e-11), (7.17569e-10, 4.74117e-11), (7.16541e-10, 4.74117e-11), (7.18219e-10, 4.74117e-11), (7.19147e-10, 4.74117e-11), (7.1975e-10, 4.74117e-11), (7.18048e-10, 4.74117e-11), (7.19213e-10, 4.74117e-11), (7.16886e-10, 4.74117e-11), (7.19107e-10, 4.74117e-11), (7.19619e-10, 4.74117e-11), (7.25621e-10, 4.74117e-11), (7.21051e-10, 4.74117e-11), (7.17881e-10, 4.74117e-11), (7.20818e-10, 4.74117e-11), (7.17653e-10, 4.74117e-11), (7.14801e-10, 4.74117e-11), (7.18097e-10, 4.74117e-11), (0.0945099, 4.74117e-11), (-0.211421, 4.74117e-11), (7.2252e-10, 0.283868) ]
Média: 0.99737
Melhor (1): (7.18275e-10, 4.74117e-11)
Pior (0.921492): (7.2252e-10, 0.283868)

<------Geração 271------>

[ (7.20578e-10, 4.74117e-11), (7.20927e-10, 4.74117e-11), (7.18275e-10, 4.74117e-11), (7.18368e-10, 4.74117e-11), (7.19806e-10, 4.74117e-11), (7.15272e-10, 4.74117e-11), (7.22474e-10, 4.74117e-11), (7.19651e-10, 4.74117e-11), (7.20514e-10, 4.74117e-11), (7.19188e-10, 4.74117e-11), (7.20193e-10, 4.74117e-11), (7.18625e-10, 4.74117e-11), (7.20069e-10, 4.74117e-11), (7.17288e-10, 4.74117e-11), (7.17171e-10, 4.74117e-11), (7.17607e-10, 4.74117e-11), (7.19462e-10, 4.74117e-11), (7.17487e-10, 4.74117e-11), (7.17715e-10, 4.74117e-11), (7.17672e-10, 4.74117e-11), (7.21898e-10, 4.74117e-11), (7.19767e-10, 4.74117e-11), (7.18719e-10, 4.74117e-11), (7.1879e-10, 4.74117e-11), (7.23543e-10, 4.74117e-11), (7.23389e-10, 4.74117e-11), (7.19202e-10, 4.74117e-11), (7.19435e-10, 4.74117e-11), (7.18303e-10, 4.74117e-11), (7.20631e-10, 4.74117e-11), (7.17325e-10, 4.74117e-11), (7.23354e-10, 4.74117e-11), (7.19292e-10, 4.74117e-11), (7.19173e-10, 4.74117e-11), (7.1625e-10, 4.74117e-11), (7.2032e-10, 4.74117e-11), (7.19085e-10, 4.74117e-11), (7.19959e-10, 4.74117e-11), (7.20135e-10, 4.74117e-11), (7.20743e-10, 4.74117e-11), (7.18909e-10, 4.74117e-11), (7.21652e-10, 4.74117e-11), (7.20955e-10, 4.74117e-11), (7.19232e-10, 4.74117e-11), (7.16741e-10, 4.74117e-11), (7.20347e-10, 4.74117e-11), (7.19907e-10, 4.74117e-11), (0.130087, 4.74117e-11), (7.17707e-10, -0.608346), (1.07499, 4.74117e-11) ]
Média: 0.977667
Melhor (1): (7.20578e-10, 4.74117e-11)
Pior (0.226958): (1.07499, 4.74117e-11)

<------Geração 272------>

[ (7.1884e-10, 4.74117e-11), (7.20999e-10, 4.74117e-11), (7.20055e-10, 4.74117e-11), (7.20578e-10, 4.74117e-11), (7.19803e-10, 4.74117e-11), (7.1983e-10, 4.74117e-11), (7.19247e-10, 4.74117e-11), (7.17456e-10, 4.74117e-11), (7.19173e-10, 4.74117e-11), (7.20367e-10, 4.74117e-11), (7.20645e-10, 4.74117e-11), (7.19602e-10, 4.74117e-11), (7.21109e-10, 4.74117e-11), (7.1979e-10, 4.74117e-11), (7.19826e-10, 4.74117e-11), (7.18543e-10, 4.74117e-11), (7.21877e-10, 4.74117e-11), (7.17049e-10, 4.74117e-11), (7.19513e-10, 4.74117e-11), (7.19423e-10, 4.74117e-11), (7.16958e-10, 4.74117e-11), (7.21637e-10, 4.74117e-11), (7.1739e-10, 4.74117e-11), (7.17654e-10, 4.74117e-11), (7.20927e-10, 4.74117e-11), (7.18214e-10, 4.74117e-11), (7.17825e-10, 4.74117e-11), (7.19172e-10, 4.74117e-11), (7.20497e-10, 4.74117e-11), (7.20491e-10, 4.74117e-11), (7.19194e-10, 4.74117e-11), (7.21652e-10, 4.74117e-11), (7.18399e-10, 4.74117e-11), (7.18298e-10, 4.74117e-11), (7.19086e-10, 4.74117e-11), (7.19163e-10, 4.74117e-11), (7.21753e-10, 4.74117e-11), (7.20277e-10, 4.74117e-11), (7.18259e-10, 4.74117e-11), (7.20112e-10, 4.74117e-11), (7.20863e-10, 4.74117e-11), (7.23229e-10, 4.74117e-11), (7.19437e-10, 4.74117e-11), (7.206e-10, 4.74117e-11), (7.18794e-10, -0.072003), (7.17551e-10, -0.117035), (-0.507876, 4.74117e-11), (0.523695, 4.74117e-11), (0.777868, 4.74117e-11), (0.851544, 4.74117e-11) ]
Média: 0.968719
Melhor (1): (7.1884e-10, 4.74117e-11)
Pior (0.434142): (0.851544, 4.74117e-11)

<------Geração 273------>

[ (7.19774e-10, 4.74117e-11), (7.1884e-10, 4.74117e-11), (7.18023e-10, 4.74117e-11), (7.22814e-10, 4.74117e-11), (7.1897e-10, 4.74117e-11), (7.20206e-10, 4.74117e-11), (7.21247e-10, 4.74117e-11), (7.19753e-10, 4.74117e-11), (7.20518e-10, 4.74117e-11), (7.18475e-10, 4.74117e-11), (7.19597e-10, 4.74117e-11), (7.2029e-10, 4.74117e-11), (7.19184e-10, 4.74117e-11), (7.19599e-10, 4.74117e-11), (7.18415e-10, 4.74117e-11), (7.18595e-10, 4.74117e-11), (7.18466e-10, 4.74117e-11), (7.19194e-10, 4.74117e-11), (7.20032e-10, 4.74117e-11), (7.18297e-10, 4.74117e-11), (7.18798e-10, 4.74117e-11), (7.1966e-10, 4.74117e-11), (7.18625e-10, 4.74117e-11), (7.19767e-10, 4.74117e-11), (7.20765e-10, 4.74117e-11), (7.19288e-10, 4.74117e-11), (7.20999e-10, 4.74117e-11), (7.20342e-10, 4.74117e-11), (7.18521e-10, 4.74117e-11), (7.20265e-10, 4.74117e-11), (7.2151e-10, 4.74117e-11), (7.20025e-10, 4.74117e-11), (7.20481e-10, 4.74117e-11), (7.20011e-10, 4.74117e-11), (7.20461e-10, 4.74117e-11), (7.2032e-10, 4.74117e-11), (7.20461e-10, 4.74117e-11), (7.18402e-10, 4.74117e-11), (7.19859e-10, 4.74117e-11), (7.19044e-10, 4.74117e-11), (7.20121e-10, 4.74117e-11), (7.19594e-10, 4.74117e-11), (7.20157e-10, 4.74117e-11), (7.19746e-10, 4.74117e-11), (7.19313e-10, 4.74117e-11), (7.18598e-10, 4.74117e-11), (7.19147e-10, 4.74117e-11), (7.1909e-10, -0.348443), (-0.467644, 4.74117e-11), (-1.13321, 4.74117e-11) ]
Média: 0.977208
Melhor (1): (7.19774e-10, 4.74117e-11)
Pior (0.180389): (-1.13321, 4.74117e-11)

<------Geração 274------>

[ (7.19617e-10, 4.74117e-11), (7.19774e-10, 4.74117e-11), (7.20372e-10, 4.74117e-11), (7.20353e-10, 4.74117e-11), (7.19864e-10, 4.74117e-11), (7.19879e-10, 4.74117e-11), (7.1912e-10, 4.74117e-11), (7.18591e-10, 4.74117e-11), (7.18414e-10, 4.74117e-11), (7.19337e-10, 4.74117e-11), (7.19662e-10, 4.74117e-11), (7.19651e-10, 4.74117e-11), (7.20238e-10, 4.74117e-11), (7.19903e-10, 4.74117e-11), (7.1925e-10, 4.74117e-11), (7.21392e-10, 4.74117e-11), (7.2001e-10, 4.74117e-11), (7.19799e-10, 4.74117e-11), (7.18983e-10, 4.74117e-11), (7.19767e-10, 4.74117e-11), (7.21047e-10, 4.74117e-11), (7.20684e-10, 4.74117e-11), (7.18775e-10, 4.74117e-11), (7.19784e-10, 4.74117e-11), (7.19696e-10, 4.74117e-11), (7.1884e-10, 4.74117e-11), (7.19509e-10, 4.74117e-11), (7.19279e-10, 4.74117e-11), (7.22756e-10, 4.74117e-11), (7.19517e-10, 4.74117e-11), (7.1943e-10, 4.74117e-11), (7.19279e-10, 4.74117e-11), (7.19602e-10, 4.74117e-11), (7.19802e-10, 4.74117e-11), (7.20673e-10, 4.74117e-11), (7.19054e-10, 4.74117e-11), (7.20353e-10, 4.74117e-11), (7.20342e-10, 4.74117e-11), (7.21261e-10, 4.74117e-11), (7.18769e-10, 4.74117e-11), (7.2145e-10, 4.74117e-11), (7.18943e-10, 4.74117e-11), (7.19129e-10, 4.74117e-11), (7.22182e-10, 4.74117e-11), (7.19335e-10, 4.74117e-11), (7.19606e-10, 4.74117e-11), (-0.0858875, 4.74117e-11), (-0.151986, 4.74117e-11), (0.223042, 4.74117e-11), (7.19001e-10, 0.351377) ]
Média: 0.996043
Melhor (1): (7.19617e-10, 4.74117e-11)
Pior (0.881438): (7.19001e-10, 0.351377)

<------Geração 275------>

[ (7.18955e-10, 4.74117e-11), (7.19617e-10, 4.74117e-11), (7.18942e-10, 4.74117e-11), (7.18999e-10, 4.74117e-11), (7.20658e-10, 4.74117e-11), (7.18962e-10, 4.74117e-11), (7.20238e-10, 4.74117e-11), (7.19622e-10, 4.74117e-11), (7.19894e-10, 4.74117e-11), (7.19865e-10, 4.74117e-11), (7.19867e-10, 4.74117e-11), (7.18992e-10, 4.74117e-11), (7.18962e-10, 4.74117e-11), (7.19792e-10, 4.74117e-11), (7.20354e-10, 4.74117e-11), (7.18906e-10, 4.74117e-11), (7.19168e-10, 4.74117e-11), (7.19894e-10, 4.74117e-11), (7.20276e-10, 4.74117e-11), (7.18919e-10, 4.74117e-11), (7.1924e-10, 4.74117e-11), (7.19525e-10, 4.74117e-11), (7.21028e-10, 4.74117e-11), (7.1951e-10, 4.74117e-11), (7.19129e-10, 4.74117e-11), (7.18495e-10, 4.74117e-11), (7.19774e-10, 4.74117e-11), (7.19911e-10, 4.74117e-11), (7.20903e-10, 4.74117e-11), (7.20276e-10, 4.74117e-11), (7.19673e-10, 4.74117e-11), (7.2034e-10, 4.74117e-11), (7.19672e-10, 4.74117e-11), (7.19434e-10, 4.74117e-11), (7.20897e-10, 4.74117e-11), (7.19164e-10, 4.74117e-11), (7.21838e-10, 4.74117e-11), (7.19862e-10, 4.74117e-11), (7.19378e-10, 4.74117e-11), (7.19782e-10, 4.74117e-11), (7.19267e-10, 4.74117e-11), (7.19485e-10, 4.74117e-11), (7.19949e-10, 4.74117e-11), (7.19418e-10, 4.74117e-11), (7.20427e-10, 4.74117e-11), (7.20569e-10, 4.74117e-11), (0.0406145, 4.74117e-11), (7.20444e-10, 0.0995801), (0.28558, 4.74117e-11), (7.19885e-10, -0.50484) ]
Média: 0.993499
Melhor (1): (7.18955e-10, 4.74117e-11)
Pior (0.76593): (7.19885e-10, -0.50484)

<------Geração 276------>

[ (7.18955e-10, 4.74117e-11), (7.18955e-10, 4.74117e-11), (7.19803e-10, 4.74117e-11), (7.20832e-10, 4.74117e-11), (7.19672e-10, 4.74117e-11), (7.19397e-10, 4.74117e-11), (7.19347e-10, 4.74117e-11), (7.20692e-10, 4.74117e-11), (7.20335e-10, 4.74117e-11), (7.20174e-10, 4.74117e-11), (7.20986e-10, 4.74117e-11), (7.19719e-10, 4.74117e-11), (7.19164e-10, 4.74117e-11), (7.1986e-10, 4.74117e-11), (7.19475e-10, 4.74117e-11), (7.19265e-10, 4.74117e-11), (7.19244e-10, 4.74117e-11), (7.19564e-10, 4.74117e-11), (7.20642e-10, 4.74117e-11), (7.19618e-10, 4.74117e-11), (7.19948e-10, 4.74117e-11), (7.19291e-10, 4.74117e-11), (7.20195e-10, 4.74117e-11), (7.19199e-10, 4.74117e-11), (7.19855e-10, 4.74117e-11), (7.19617e-10, 4.74117e-11), (7.19602e-10, 4.74117e-11), (7.19442e-10, 4.74117e-11), (7.1923e-10, 4.74117e-11), (7.19528e-10, 4.74117e-11), (7.1921e-10, 4.74117e-11), (7.19745e-10, 4.74117e-11), (7.19983e-10, 4.74117e-11), (7.19276e-10, 4.74117e-11), (7.19553e-10, 4.74117e-11), (7.19035e-10, 4.74117e-11), (7.20783e-10, 4.74117e-11), (7.19843e-10, 4.74117e-11), (7.20031e-10, 4.74117e-11), (7.19893e-10, 4.74117e-11), (7.19882e-10, 4.74117e-11), (7.19199e-10, 4.74117e-11), (7.18989e-10, 4.74117e-11), (7.20645e-10, 4.74117e-11), (7.20749e-10, 4.74117e-11), (7.19179e-10, 4.74117e-11), (7.19431e-10, 4.74117e-11), (7.20641e-10, 4.74117e-11), (0.221461, 4.74117e-11), (-0.428538, 4.74117e-11) ]
Média: 0.995578
Melhor (1): (7.18955e-10, 4.74117e-11)
Pior (0.827205): (-0.428538, 4.74117e-11)

<------Geração 277------>

[ (7.19448e-10, 4.74117e-11), (7.1929e-10, 4.74117e-11), (7.18955e-10, 4.74117e-11), (7.1995e-10, 4.74117e-11), (7.209e-10, 4.74117e-11), (7.20727e-10, 4.74117e-11), (7.19527e-10, 4.74117e-11), (7.19743e-10, 4.74117e-11), (7.20112e-10, 4.74117e-11), (7.20118e-10, 4.74117e-11), (7.19405e-10, 4.74117e-11), (7.19387e-10, 4.74117e-11), (7.19617e-10, 4.74117e-11), (7.19013e-10, 4.74117e-11), (7.19413e-10, 4.74117e-11), (7.19604e-10, 4.74117e-11), (7.19943e-10, 4.74117e-11), (7.19333e-10, 4.74117e-11), (7.20058e-10, 4.74117e-11), (7.20046e-10, 4.74117e-11), (7.19077e-10, 4.74117e-11), (7.18984e-10, 4.74117e-11), (7.20223e-10, 4.74117e-11), (7.19723e-10, 4.74117e-11), (7.18955e-10, 4.74117e-11), (7.1935e-10, 4.74117e-11), (7.19033e-10, 4.74117e-11), (7.20577e-10, 4.74117e-11), (7.20217e-10, 4.74117e-11), (7.19695e-10, 4.74117e-11), (7.19415e-10, 4.74117e-11), (7.20264e-10, 4.74117e-11), (7.19366e-10, 4.74117e-11), (7.19453e-10, 4.74117e-11), (7.19375e-10, 4.74117e-11), (7.19214e-10, 4.74117e-11), (7.19199e-10, 4.74117e-11), (7.19755e-10, 4.74117e-11), (7.20438e-10, 4.74117e-11), (7.20431e-10, 4.74117e-11), (7.19818e-10, 4.74117e-11), (7.195e-10, 4.74117e-11), (7.20248e-10, 4.74117e-11), (7.18989e-10, 4.74117e-11), (7.20787e-10, 4.74117e-11), (0.00934899, 4.74117e-11), (-0.0118469, 4.74117e-11), (7.19129e-10, 0.172768), (-0.472508, 4.74117e-11), (0.67978, 4.74117e-11) ]
Média: 0.987353
Melhor (1): (7.19448e-10, 4.74117e-11)
Pior (0.604737): (0.67978, 4.74117e-11)

<------Geração 278------>

[ (7.19596e-10, 4.74117e-11), (7.20632e-10, 4.74117e-11), (7.19448e-10, 4.74117e-11), (7.19563e-10, 4.74117e-11), (7.19008e-10, 4.74117e-11), (7.20342e-10, 4.74117e-11), (7.19904e-10, 4.74117e-11), (7.19557e-10, 4.74117e-11), (7.19549e-10, 4.74117e-11), (7.19989e-10, 4.74117e-11), (7.20066e-10, 4.74117e-11), (7.20476e-10, 4.74117e-11), (7.19323e-10, 4.74117e-11), (7.19748e-10, 4.74117e-11), (7.19895e-10, 4.74117e-11), (7.19499e-10, 4.74117e-11), (7.19548e-10, 4.74117e-11), (7.19022e-10, 4.74117e-11), (7.19581e-10, 4.74117e-11), (7.19198e-10, 4.74117e-11), (7.19625e-10, 4.74117e-11), (7.20086e-10, 4.74117e-11), (7.20648e-10, 4.74117e-11), (7.19428e-10, 4.74117e-11), (7.19394e-10, 4.74117e-11), (7.1929e-10, 4.74117e-11), (7.18999e-10, 4.74117e-11), (7.19708e-10, 4.74117e-11), (7.19063e-10, 4.74117e-11), (7.19533e-10, 4.74117e-11), (7.19656e-10, 4.74117e-11), (7.19477e-10, 4.74117e-11), (7.20223e-10, 4.74117e-11), (7.1914e-10, 4.74117e-11), (7.1998e-10, 4.74117e-11), (7.19773e-10, 4.74117e-11), (7.19771e-10, 4.74117e-11), (7.19836e-10, 4.74117e-11), (7.19247e-10, 4.74117e-11), (7.20168e-10, 4.74117e-11), (7.20004e-10, 4.74117e-11), (7.19419e-10, 4.74117e-11), (7.19647e-10, 4.74117e-11), (7.19933e-10, 4.74117e-11), (7.20167e-10, -0.0518629), (7.1995e-10, 0.293722), (7.19933e-10, 0.570841), (0.638012, 4.74117e-11), (7.1948e-10, -0.678414), (7.19239e-10, -1.08772) ]
Média: 0.961779
Melhor (1): (7.19596e-10, 4.74117e-11)
Pior (0.216438): (7.19239e-10, -1.08772)

<------Geração 279------>

[ (7.19546e-10, 4.74117e-11), (7.19479e-10, 4.74117e-11), (7.19684e-10, 4.74117e-11), (7.195e-10, 4.74117e-11), (7.19986e-10, 4.74117e-11), (7.19629e-10, 4.74117e-11), (7.19517e-10, 4.74117e-11), (7.1962e-10, 4.74117e-11), (7.2009e-10, 4.74117e-11), (7.19847e-10, 4.74117e-11), (7.19697e-10, 4.74117e-11), (7.19706e-10, 4.74117e-11), (7.20632e-10, 4.74117e-11), (7.19916e-10, 4.74117e-11), (7.19981e-10, 4.74117e-11), (7.19889e-10, 4.74117e-11), (7.20436e-10, 4.74117e-11), (7.1967e-10, 4.74117e-11), (7.19312e-10, 4.74117e-11), (7.19338e-10, 4.74117e-11), (7.19384e-10, 4.74117e-11), (7.19359e-10, 4.74117e-11), (7.19814e-10, 4.74117e-11), (7.19954e-10, 4.74117e-11), (7.20124e-10, 4.74117e-11), (7.19596e-10, 4.74117e-11), (7.19537e-10, 4.74117e-11), (7.20012e-10, 4.74117e-11), (7.2042e-10, 4.74117e-11), (7.20308e-10, 4.74117e-11), (7.19298e-10, 4.74117e-11), (7.19581e-10, 4.74117e-11), (7.19271e-10, 4.74117e-11), (7.19158e-10, 4.74117e-11), (7.19337e-10, 4.74117e-11), (7.19472e-10, 4.74117e-11), (7.19437e-10, 4.74117e-11), (7.19084e-10, 4.74117e-11), (7.20116e-10, 4.74117e-11), (7.19088e-10, 4.74117e-11), (7.19552e-10, 4.74117e-11), (7.19477e-10, 4.74117e-11), (7.19499e-10, 4.74117e-11), (7.19803e-10, 4.74117e-11), (7.20052e-10, 4.74117e-11), (7.196e-10, 4.74117e-11), (7.19771e-10, 4.74117e-11), (7.19592e-10, 0.0582942), (0.15847, 4.74117e-11), (7.20137e-10, -0.724853) ]
Média: 0.99064
Melhor (1): (7.19546e-10, 4.74117e-11)
Pior (0.560334): (7.20137e-10, -0.724853)

<------Geração 280------>

[ (7.20009e-10, 4.74117e-11), (7.19546e-10, 4.74117e-11), (7.20119e-10, 4.74117e-11), (7.20133e-10, 4.74117e-11), (7.20075e-10, 4.74117e-11), (7.19868e-10, 4.74117e-11), (7.19868e-10, 4.74117e-11), (7.19312e-10, 4.74117e-11), (7.19272e-10, 4.74117e-11), (7.1983e-10, 4.74117e-11), (7.19948e-10, 4.74117e-11), (7.19335e-10, 4.74117e-11), (7.19321e-10, 4.74117e-11), (7.19998e-10, 4.74117e-11), (7.19669e-10, 4.74117e-11), (7.20013e-10, 4.74117e-11), (7.19689e-10, 4.74117e-11), (7.19845e-10, 4.74117e-11), (7.20121e-10, 4.74117e-11), (7.19752e-10, 4.74117e-11), (7.1973e-10, 4.74117e-11), (7.19515e-10, 4.74117e-11), (7.20096e-10, 4.74117e-11), (7.196e-10, 4.74117e-11), (7.19961e-10, 4.74117e-11), (7.19479e-10, 4.74117e-11), (7.1951e-10, 4.74117e-11), (7.1978e-10, 4.74117e-11), (7.20104e-10, 4.74117e-11), (7.19677e-10, 4.74117e-11), (7.19438e-10, 4.74117e-11), (7.19632e-10, 4.74117e-11), (7.1975e-10, 4.74117e-11), (7.19607e-10, 4.74117e-11), (7.19439e-10, 4.74117e-11), (7.19839e-10, 4.74117e-11), (7.19351e-10, 4.74117e-11), (7.20043e-10, 4.74117e-11), (7.19617e-10, 4.74117e-11), (7.2003e-10, 4.74117e-11), (7.19437e-10, 4.74117e-11), (7.19805e-10, 4.74117e-11), (7.19525e-10, 4.74117e-11), (7.19805e-10, 4.74117e-11), (-0.324376, 4.74117e-11), (7.19595e-10, 0.514576), (-0.570651, 4.74117e-11), (7.19327e-10, 0.665918), (7.19803e-10, -0.669194), (7.19785e-10, 1.13563) ]
Média: 0.955518
Melhor (1): (7.20009e-10, 4.74117e-11)
Pior (0.178542): (7.19785e-10, 1.13563)

<------Geração 281------>

[ (7.19469e-10, 4.74117e-11), (7.19478e-10, 4.74117e-11), (7.20009e-10, 4.74117e-11), (7.19289e-10, 4.74117e-11), (7.19588e-10, 4.74117e-11), (7.19361e-10, 4.74117e-11), (7.1968e-10, 4.74117e-11), (7.19533e-10, 4.74117e-11), (7.19896e-10, 4.74117e-11), (7.19881e-10, 4.74117e-11), (7.19688e-10, 4.74117e-11), (7.19667e-10, 4.74117e-11), (7.19556e-10, 4.74117e-11), (7.19435e-10, 4.74117e-11), (7.19755e-10, 4.74117e-11), (7.19907e-10, 4.74117e-11), (7.1961e-10, 4.74117e-11), (7.19988e-10, 4.74117e-11), (7.19808e-10, 4.74117e-11), (7.19738e-10, 4.74117e-11), (7.19743e-10, 4.74117e-11), (7.19547e-10, 4.74117e-11), (7.19554e-10, 4.74117e-11), (7.19761e-10, 4.74117e-11), (7.19833e-10, 4.74117e-11), (7.19546e-10, 4.74117e-11), (7.1971e-10, 4.74117e-11), (7.19609e-10, 4.74117e-11), (7.19953e-10, 4.74117e-11), (7.19322e-10, 4.74117e-11), (7.19359e-10, 4.74117e-11), (7.19535e-10, 4.74117e-11), (7.1953e-10, 4.74117e-11), (7.20006e-10, 4.74117e-11), (7.20011e-10, 4.74117e-11), (7.19671e-10, 4.74117e-11), (7.19642e-10, 4.74117e-11), (7.19782e-10, 4.74117e-11), (7.19868e-10, 4.74117e-11), (7.19905e-10, 4.74117e-11), (7.19942e-10, 4.74117e-11), (7.19753e-10, 4.74117e-11), (7.20085e-10, 4.74117e-11), (7.20082e-10, 4.74117e-11), (7.19362e-10, 4.74117e-11), (0.00978973, 4.74117e-11), (7.1953e-10, -0.162853), (7.19962e-10, -0.172672), (-0.218259, 4.74117e-11), (7.19874e-10, 0.81469) ]
Média: 0.987358
Melhor (1): (7.19469e-10, 4.74117e-11)
Pior (0.470764): (7.19874e-10, 0.81469)

<------Geração 282------>

[ (7.19812e-10, 4.74117e-11), (7.19469e-10, 4.74117e-11), (7.19916e-10, 4.74117e-11), (7.19829e-10, 4.74117e-11), (7.19506e-10, 4.74117e-11), (7.19771e-10, 4.74117e-11), (7.19827e-10, 4.74117e-11), (7.20008e-10, 4.74117e-11), (7.19819e-10, 4.74117e-11), (7.19584e-10, 4.74117e-11), (7.19726e-10, 4.74117e-11), (7.19937e-10, 4.74117e-11), (7.1974e-10, 4.74117e-11), (7.19578e-10, 4.74117e-11), (7.19929e-10, 4.74117e-11), (7.19801e-10, 4.74117e-11), (7.19362e-10, 4.74117e-11), (7.19444e-10, 4.74117e-11), (7.19687e-10, 4.74117e-11), (7.19882e-10, 4.74117e-11), (7.19793e-10, 4.74117e-11), (7.19743e-10, 4.74117e-11), (7.19856e-10, 4.74117e-11), (7.19868e-10, 4.74117e-11), (7.19555e-10, 4.74117e-11), (7.19478e-10, 4.74117e-11), (7.19705e-10, 4.74117e-11), (7.19671e-10, 4.74117e-11), (7.19667e-10, 4.74117e-11), (7.19792e-10, 4.74117e-11), (7.19629e-10, 4.74117e-11), (7.19741e-10, 4.74117e-11), (7.19767e-10, 4.74117e-11), (7.19555e-10, 4.74117e-11), (7.19873e-10, 4.74117e-11), (7.19804e-10, 4.74117e-11), (7.19846e-10, 4.74117e-11), (7.19568e-10, 4.74117e-11), (7.19633e-10, 4.74117e-11), (7.19611e-10, 4.74117e-11), (7.196e-10, 4.74117e-11), (7.1992e-10, 4.74117e-11), (7.19551e-10, 4.74117e-11), (7.19595e-10, 4.74117e-11), (7.19786e-10, 4.74117e-11), (7.19751e-10, 4.74117e-11), (7.19882e-10, 4.74117e-11), (7.19941e-10, 4.74117e-11), (-0.997803, 4.74117e-11), (7.19545e-10, 1.11478) ]
Média: 0.969781
Melhor (1): (7.19812e-10, 4.74117e-11)
Pior (0.194689): (7.19545e-10, 1.11478)

<------Geração 283------>

[ (7.19805e-10, 4.74117e-11), (7.19611e-10, 4.74117e-11), (7.19812e-10, 4.74117e-11), (7.1986e-10, 4.74117e-11), (7.19482e-10, 4.74117e-11), (7.19622e-10, 4.74117e-11), (7.19612e-10, 4.74117e-11), (7.19552e-10, 4.74117e-11), (7.19862e-10, 4.74117e-11), (7.19802e-10, 4.74117e-11), (7.1975e-10, 4.74117e-11), (7.1972e-10, 4.74117e-11), (7.19845e-10, 4.74117e-11), (7.19792e-10, 4.74117e-11), (7.1979e-10, 4.74117e-11), (7.19763e-10, 4.74117e-11), (7.19583e-10, 4.74117e-11), (7.19778e-10, 4.74117e-11), (7.1973e-10, 4.74117e-11), (7.19846e-10, 4.74117e-11), (7.19805e-10, 4.74117e-11), (7.19659e-10, 4.74117e-11), (7.19648e-10, 4.74117e-11), (7.19821e-10, 4.74117e-11), (7.19768e-10, 4.74117e-11), (7.19469e-10, 4.74117e-11), (7.1986e-10, 4.74117e-11), (7.19805e-10, 4.74117e-11), (7.19544e-10, 4.74117e-11), (7.1992e-10, 4.74117e-11), (7.19882e-10, 4.74117e-11), (7.19885e-10, 4.74117e-11), (7.19527e-10, 4.74117e-11), (7.19878e-10, 4.74117e-11), (7.1967e-10, 4.74117e-11), (7.1987e-10, 4.74117e-11), (7.1976e-10, 4.74117e-11), (7.19787e-10, 4.74117e-11), (7.19709e-10, 4.74117e-11), (7.19683e-10, 4.74117e-11), (7.19796e-10, 4.74117e-11), (7.19879e-10, 4.74117e-11), (7.19861e-10, 4.74117e-11), (7.19568e-10, 4.74117e-11), (7.1992e-10, 4.74117e-11), (0.130473, 4.74117e-11), (0.302093, 4.74117e-11), (7.19631e-10, -0.574363), (-0.575794, 4.74117e-11), (-0.901787, 4.74117e-11) ]
Média: 0.973748
Melhor (1): (7.19805e-10, 4.74117e-11)
Pior (0.384847): (-0.901787, 4.74117e-11)

<------Geração 284------>

[ (7.19805e-10, 4.74117e-11), (7.19901e-10, 4.74117e-11), (7.19632e-10, 4.74117e-11), (7.19858e-10, 4.74117e-11), (7.19693e-10, 4.74117e-11), (7.19762e-10, 4.74117e-11), (7.19822e-10, 4.74117e-11), (7.19709e-10, 4.74117e-11), (7.19808e-10, 4.74117e-11), (7.19747e-10, 4.74117e-11), (7.19675e-10, 4.74117e-11), (7.19856e-10, 4.74117e-11), (7.19821e-10, 4.74117e-11), (7.19561e-10, 4.74117e-11), (7.19573e-10, 4.74117e-11), (7.19688e-10, 4.74117e-11), (7.19808e-10, 4.74117e-11), (7.19719e-10, 4.74117e-11), (7.19797e-10, 4.74117e-11), (7.19803e-10, 4.74117e-11), (7.19835e-10, 4.74117e-11), (7.19641e-10, 4.74117e-11), (7.19585e-10, 4.74117e-11), (7.19659e-10, 4.74117e-11), (7.19692e-10, 4.74117e-11), (7.19641e-10, 4.74117e-11), (7.19611e-10, 4.74117e-11), (7.19725e-10, 4.74117e-11), (7.19825e-10, 4.74117e-11), (7.19755e-10, 4.74117e-11), (7.19612e-10, 4.74117e-11), (7.19768e-10, 4.74117e-11), (7.19681e-10, 4.74117e-11), (7.19881e-10, 4.74117e-11), (7.19877e-10, 4.74117e-11), (7.19739e-10, 4.74117e-11), (7.1985e-10, 4.74117e-11), (7.19606e-10, 4.74117e-11), (7.19869e-10, 4.74117e-11), (7.19727e-10, 4.74117e-11), (7.19674e-10, 4.74117e-11), (7.19708e-10, 4.74117e-11), (7.19709e-10, 4.74117e-11), (7.19829e-10, 4.74117e-11), (7.19805e-10, 4.74117e-11), (0.214386, 4.74117e-11), (7.19791e-10, -0.319135), (0.395847, 4.74117e-11), (-0.604263, 4.74117e-11), (-0.82131, 4.74117e-11) ]
Média: 0.976973
Melhor (1): (7.19805e-10, 4.74117e-11)
Pior (0.464168): (-0.82131, 4.74117e-11)

<------Geração 285------>

[ (7.19804e-10, 4.74117e-11), (7.19642e-10, 4.74117e-11), (7.19614e-10, 4.74117e-11), (7.19849e-10, 4.74117e-11), (7.19701e-10, 4.74117e-11), (7.19866e-10, 4.74117e-11), (7.19746e-10, 4.74117e-11), (7.19744e-10, 4.74117e-11), (7.19744e-10, 4.74117e-11), (7.19756e-10, 4.74117e-11), (7.19681e-10, 4.74117e-11), (7.19739e-10, 4.74117e-11), (7.19827e-10, 4.74117e-11), (7.19803e-10, 4.74117e-11), (7.19598e-10, 4.74117e-11), (7.19809e-10, 4.74117e-11), (7.19762e-10, 4.74117e-11), (7.19696e-10, 4.74117e-11), (7.19705e-10, 4.74117e-11), (7.19797e-10, 4.74117e-11), (7.19692e-10, 4.74117e-11), (7.19789e-10, 4.74117e-11), (7.19754e-10, 4.74117e-11), (7.19742e-10, 4.74117e-11), (7.19755e-10, 4.74117e-11), (7.19708e-10, 4.74117e-11), (7.19901e-10, 4.74117e-11), (7.198e-10, 4.74117e-11), (7.1961e-10, 4.74117e-11), (7.19788e-10, 4.74117e-11), (7.19693e-10, 4.74117e-11), (7.19638e-10, 4.74117e-11), (7.19706e-10, 4.74117e-11), (7.19829e-10, 4.74117e-11), (7.19721e-10, 4.74117e-11), (7.19805e-10, 4.74117e-11), (7.19808e-10, 4.74117e-11), (7.19607e-10, 4.74117e-11), (7.19717e-10, 4.74117e-11), (7.19857e-10, 4.74117e-11), (7.19644e-10, 4.74117e-11), (7.1974e-10, 4.74117e-11), (7.19853e-10, 4.74117e-11), (7.19798e-10, 4.74117e-11), (7.19687e-10, 4.74117e-11), (7.19625e-10, 4.74117e-11), (7.19718e-10, 0.251762), (7.19724e-10, -0.264287), (7.1978e-10, -0.293225), (7.1965e-10, 0.296406) ]
Média: 0.994012
Melhor (1): (7.19804e-10, 4.74117e-11)
Pior (0.914614): (7.1965e-10, 0.296406)

<------Geração 286------>

[ (7.19749e-10, 4.74117e-11), (7.19804e-10, 4.74117e-11), (7.19743e-10, 4.74117e-11), (7.19747e-10, 4.74117e-11), (7.19735e-10, 4.74117e-11), (7.19609e-10, 4.74117e-11), (7.19651e-10, 4.74117e-11), (7.19725e-10, 4.74117e-11), (7.198e-10, 4.74117e-11), (7.198e-10, 4.74117e-11), (7.19706e-10, 4.74117e-11), (7.1972e-10, 4.74117e-11), (7.19735e-10, 4.74117e-11), (7.19749e-10, 4.74117e-11), (7.1976e-10, 4.74117e-11), (7.1961e-10, 4.74117e-11), (7.19674e-10, 4.74117e-11), (7.19791e-10, 4.74117e-11), (7.19721e-10, 4.74117e-11), (7.19728e-10, 4.74117e-11), (7.19647e-10, 4.74117e-11), (7.19693e-10, 4.74117e-11), (7.19741e-10, 4.74117e-11), (7.19782e-10, 4.74117e-11), (7.19758e-10, 4.74117e-11), (7.19837e-10, 4.74117e-11), (7.19642e-10, 4.74117e-11), (7.19838e-10, 4.74117e-11), (7.19655e-10, 4.74117e-11), (7.19627e-10, 4.74117e-11), (7.19625e-10, 4.74117e-11), (7.19771e-10, 4.74117e-11), (7.19745e-10, 4.74117e-11), (7.19729e-10, 4.74117e-11), (7.19862e-10, 4.74117e-11), (7.19769e-10, 4.74117e-11), (7.19731e-10, 4.74117e-11), (7.19742e-10, 4.74117e-11), (7.19808e-10, 4.74117e-11), (7.1965e-10, 4.74117e-11), (7.19792e-10, 4.74117e-11), (7.19737e-10, 4.74117e-11), (7.19703e-10, 4.74117e-11), (7.19797e-10, 4.74117e-11), (7.19804e-10, 4.74117e-11), (0.258923, 4.74117e-11), (0.293795, 4.74117e-11), (-0.392599, 4.74117e-11), (7.19731e-10, -0.607574), (7.19802e-10, 1.08462) ]
Média: 0.971939
Melhor (1): (7.19749e-10, 4.74117e-11)
Pior (0.218986): (7.19802e-10, 1.08462)

<------Geração 287------>

[ (7.19747e-10, 4.74117e-11), (7.19741e-10, 4.74117e-11), (7.19749e-10, 4.74117e-11), (7.19701e-10, 4.74117e-11), (7.19749e-10, 4.74117e-11), (7.1972e-10, 4.74117e-11), (7.19755e-10, 4.74117e-11), (7.19726e-10, 4.74117e-11), (7.19735e-10, 4.74117e-11), (7.19675e-10, 4.74117e-11), (7.19675e-10, 4.74117e-11), (7.19629e-10, 4.74117e-11), (7.19756e-10, 4.74117e-11), (7.19667e-10, 4.74117e-11), (7.19699e-10, 4.74117e-11), (7.19731e-10, 4.74117e-11), (7.19773e-10, 4.74117e-11), (7.19736e-10, 4.74117e-11), (7.19769e-10, 4.74117e-11), (7.19792e-10, 4.74117e-11), (7.19668e-10, 4.74117e-11), (7.19738e-10, 4.74117e-11), (7.19712e-10, 4.74117e-11), (7.19765e-10, 4.74117e-11), (7.19804e-10, 4.74117e-11), (7.19706e-10, 4.74117e-11), (7.19762e-10, 4.74117e-11), (7.19729e-10, 4.74117e-11), (7.19647e-10, 4.74117e-11), (7.19718e-10, 4.74117e-11), (7.19742e-10, 4.74117e-11), (7.19817e-10, 4.74117e-11), (7.19661e-10, 4.74117e-11), (7.19725e-10, 4.74117e-11), (7.1964e-10, 4.74117e-11), (7.19667e-10, 4.74117e-11), (7.19664e-10, 4.74117e-11), (7.19758e-10, 4.74117e-11), (7.19743e-10, 4.74117e-11), (7.19677e-10, 4.74117e-11), (-0.0168479, 4.74117e-11), (0.121113, 4.74117e-11), (7.19739e-10, -0.309414), (7.19772e-10, -0.393505), (0.46833, 4.74117e-11), (-0.474917, 4.74117e-11), (0.555057, 4.74117e-11), (-0.526967, 0.499578), (7.19837e-10, -0.871759), (7.19794e-10, 0.911875) ]
Média: 0.948051
Melhor (1): (7.19747e-10, 4.74117e-11)
Pior (0.375075): (7.19794e-10, 0.911875)

<------Geração 288------>

[ (7.19757e-10, 4.74117e-11), (7.19747e-10, 4.74117e-11), (7.19719e-10, 4.74117e-11), (7.19721e-10, 4.74117e-11), (7.19743e-10, 4.74117e-11), (7.1968e-10, 4.74117e-11), (7.19705e-10, 4.74117e-11), (7.19741e-10, 4.74117e-11), (7.1974e-10, 4.74117e-11), (7.198e-10, 4.74117e-11), (7.19754e-10, 4.74117e-11), (7.19718e-10, 4.74117e-11), (7.19743e-10, 4.74117e-11), (7.19784e-10, 4.74117e-11), (7.19671e-10, 4.74117e-11), (7.19756e-10, 4.74117e-11), (7.1972e-10, 4.74117e-11), (7.19632e-10, 4.74117e-11), (7.19756e-10, 4.74117e-11), (7.19741e-10, 4.74117e-11), (7.19672e-10, 4.74117e-11), (7.19716e-10, 4.74117e-11), (7.19683e-10, 4.74117e-11), (7.19799e-10, 4.74117e-11), (7.19719e-10, 4.74117e-11), (7.19741e-10, 4.74117e-11), (7.19709e-10, 4.74117e-11), (7.19708e-10, 4.74117e-11), (7.19786e-10, 4.74117e-11), (7.1974e-10, 4.74117e-11), (7.19748e-10, 4.74117e-11), (7.19773e-10, 4.74117e-11), (7.19729e-10, 4.74117e-11), (7.19757e-10, 4.74117e-11), (7.19712e-10, 4.74117e-11), (7.19728e-10, 4.74117e-11), (7.19677e-10, 4.74117e-11), (7.19753e-10, 4.74117e-11), (7.19735e-10, 4.74117e-11), (7.19724e-10, 4.74117e-11), (7.19674e-10, 4.74117e-11), (7.19739e-10, 4.74117e-11), (7.19696e-10, 4.74117e-11), (-0.00648311, 4.74117e-11), (0.0465638, 4.74117e-11), (-0.154323, 4.74117e-11), (7.19772e-10, 0.234342), (-0.267488, 4.74117e-11), (0.706056, 4.74117e-11), (0.809116, 4.74117e-11) ]
Média: 0.97811
Melhor (1): (7.19757e-10, 4.74117e-11)
Pior (0.476322): (0.809116, 4.74117e-11)

<------Geração 289------>

[ (7.19734e-10, 4.74117e-11), (7.1975e-10, 4.74117e-11), (7.19747e-10, 4.74117e-11), (7.1972e-10, 4.74117e-11), (7.1974e-10, 4.74117e-11), (7.19725e-10, 4.74117e-11), (7.19733e-10, 4.74117e-11), (7.19704e-10, 4.74117e-11), (7.19681e-10, 4.74117e-11), (7.19725e-10, 4.74117e-11), (7.1974e-10, 4.74117e-11), (7.19764e-10, 4.74117e-11), (7.19738e-10, 4.74117e-11), (7.19757e-10, 4.74117e-11), (7.19726e-10, 4.74117e-11), (7.19709e-10, 4.74117e-11), (7.1978e-10, 4.74117e-11), (7.19796e-10, 4.74117e-11), (7.19695e-10, 4.74117e-11), (7.19682e-10, 4.74117e-11), (7.19711e-10, 4.74117e-11), (7.19737e-10, 4.74117e-11), (7.19713e-10, 4.74117e-11), (7.19723e-10, 4.74117e-11), (7.1974e-10, 4.74117e-11), (7.1974e-10, 4.74117e-11), (7.19747e-10, 4.74117e-11), (7.19712e-10, 4.74117e-11), (7.19687e-10, 4.74117e-11), (7.19755e-10, 4.74117e-11), (7.19746e-10, 4.74117e-11), (7.19714e-10, 4.74117e-11), (7.19682e-10, 4.74117e-11), (7.19756e-10, 4.74117e-11), (7.19738e-10, 4.74117e-11), (7.19698e-10, 4.74117e-11), (7.19751e-10, 4.74117e-11), (7.19753e-10, 4.74117e-11), (7.19757e-10, 4.74117e-11), (7.19761e-10, 4.74117e-11), (7.19751e-10, 4.74117e-11), (7.19734e-10, 4.74117e-11), (7.19747e-10, 4.74117e-11), (7.19745e-10, 4.74117e-11), (7.19791e-10, 4.74117e-11), (7.19763e-10, 4.74117e-11), (7.19746e-10, 4.74117e-11), (7.1971e-10, 0.179906), (7.19749e-10, -0.241664), (-0.732145, 4.74117e-11) ]
Média: 0.989274
Melhor (1): (7.19734e-10, 4.74117e-11)
Pior (0.553095): (-0.732145, 4.74117e-11)

<------Geração 290------>

[ (7.19742e-10, 4.74117e-11), (7.19734e-10, 4.74117e-11), (7.19729e-10, 4.74117e-11), (7.19741e-10, 4.74117e-11), (7.19754e-10, 4.74117e-11), (7.19753e-10, 4.74117e-11), (7.19721e-10, 4.74117e-11), (7.19753e-10, 4.74117e-11), (7.19726e-10, 4.74117e-11), (7.1975e-10, 4.74117e-11), (7.19706e-10, 4.74117e-11), (7.19736e-10, 4.74117e-11), (7.19793e-10, 4.74117e-11), (7.19732e-10, 4.74117e-11), (7.19751e-10, 4.74117e-11), (7.19722e-10, 4.74117e-11), (7.1969e-10, 4.74117e-11), (7.19732e-10, 4.74117e-11), (7.19737e-10, 4.74117e-11), (7.1972e-10, 4.74117e-11), (7.19734e-10, 4.74117e-11), (7.19755e-10, 4.74117e-11), (7.19742e-10, 4.74117e-11), (7.19747e-10, 4.74117e-11), (7.19741e-10, 4.74117e-11), (7.1975e-10, 4.74117e-11), (7.1975e-10, 4.74117e-11), (7.19752e-10, 4.74117e-11), (7.19755e-10, 4.74117e-11), (7.19731e-10, 4.74117e-11), (7.19736e-10, 4.74117e-11), (7.19727e-10, 4.74117e-11), (7.19696e-10, 4.74117e-11), (7.19734e-10, 4.74117e-11), (7.19727e-10, 4.74117e-11), (7.1975e-10, 4.74117e-11), (7.19772e-10, 4.74117e-11), (7.19746e-10, 4.74117e-11), (7.19784e-10, 4.74117e-11), (7.19694e-10, 4.74117e-11), (7.19738e-10, 4.74117e-11), (7.19745e-10, 4.74117e-11), (7.19696e-10, 4.74117e-11), (7.19715e-10, 4.74117e-11), (7.19713e-10, 4.74117e-11), (7.19743e-10, 4.74117e-11), (7.19745e-10, 4.74117e-11), (-0.206394, 4.74117e-11), (7.19724e-10, 0.529929), (0.548988, 4.74117e-11) ]
Média: 0.988598
Melhor (1): (7.19742e-10, 4.74117e-11)
Pior (0.727563): (0.548988, 4.74117e-11)

<------Geração 291------>

[ (7.19755e-10, 4.74117e-11), (7.19732e-10, 4.74117e-11), (7.19751e-10, 4.74117e-11), (7.19706e-10, 4.74117e-11), (7.19741e-10, 4.74117e-11), (7.1969e-10, 4.74117e-11), (7.19733e-10, 4.74117e-11), (7.19715e-10, 4.74117e-11), (7.19751e-10, 4.74117e-11), (7.19732e-10, 4.74117e-11), (7.19743e-10, 4.74117e-11), (7.19717e-10, 4.74117e-11), (7.19734e-10, 4.74117e-11), (7.19725e-10, 4.74117e-11), (7.19732e-10, 4.74117e-11), (7.19718e-10, 4.74117e-11), (7.19737e-10, 4.74117e-11), (7.19753e-10, 4.74117e-11), (7.19739e-10, 4.74117e-11), (7.19723e-10, 4.74117e-11), (7.19751e-10, 4.74117e-11), (7.19751e-10, 4.74117e-11), (7.19746e-10, 4.74117e-11), (7.19741e-10, 4.74117e-11), (7.19742e-10, 4.74117e-11), (7.19731e-10, 4.74117e-11), (7.19724e-10, 4.74117e-11), (7.19749e-10, 4.74117e-11), (7.19739e-10, 4.74117e-11), (7.19722e-10, 4.74117e-11), (7.19749e-10, 4.74117e-11), (7.19767e-10, 4.74117e-11), (7.19713e-10, 4.74117e-11), (7.19735e-10, 4.74117e-11), (7.19749e-10, 4.74117e-11), (7.19739e-10, 4.74117e-11), (7.1975e-10, 4.74117e-11), (7.19738e-10, 4.74117e-11), (7.19725e-10, 4.74117e-11), (7.19739e-10, 4.74117e-11), (7.19748e-10, 4.74117e-11), (7.19766e-10, 4.74117e-11), (7.19743e-10, 4.74117e-11), (7.19701e-10, 4.74117e-11), (7.19746e-10, -0.128519), (7.19711e-10, -0.152955), (7.19718e-10, 0.216768), (-0.243568, 4.74117e-11), (-0.65087, 4.74117e-11), (0.690837, 4.74117e-11) ]
Média: 0.98165
Melhor (1): (7.19755e-10, 4.74117e-11)
Pior (0.593908): (0.690837, 4.74117e-11)

<------Geração 292------>

[ (7.19725e-10, 4.74117e-11), (7.1974e-10, 4.74117e-11), (7.19708e-10, 4.74117e-11), (7.19747e-10, 4.74117e-11), (7.19742e-10, 4.74117e-11), (7.19714e-10, 4.74117e-11), (7.19764e-10, 4.74117e-11), (7.1975e-10, 4.74117e-11), (7.19738e-10, 4.74117e-11), (7.19735e-10, 4.74117e-11), (7.19732e-10, 4.74117e-11), (7.19736e-10, 4.74117e-11), (7.19732e-10, 4.74117e-11), (7.19731e-10, 4.74117e-11), (7.19737e-10, 4.74117e-11), (7.19741e-10, 4.74117e-11), (7.19737e-10, 4.74117e-11), (7.19752e-10, 4.74117e-11), (7.19728e-10, 4.74117e-11), (7.19742e-10, 4.74117e-11), (7.19751e-10, 4.74117e-11), (7.19741e-10, 4.74117e-11), (7.19749e-10, 4.74117e-11), (7.19734e-10, 4.74117e-11), (7.19755e-10, 4.74117e-11), (7.19726e-10, 4.74117e-11), (7.19729e-10, 4.74117e-11), (7.19741e-10, 4.74117e-11), (7.19704e-10, 4.74117e-11), (7.19729e-10, 4.74117e-11), (7.19745e-10, 4.74117e-11), (7.19738e-10, 4.74117e-11), (7.19737e-10, 4.74117e-11), (7.19738e-10, 4.74117e-11), (7.19734e-10, 4.74117e-11), (7.19724e-10, 4.74117e-11), (7.19733e-10, 4.74117e-11), (7.1974e-10, 4.74117e-11), (7.19743e-10, 4.74117e-11), (7.19733e-10, 4.74117e-11), (7.19738e-10, 4.74117e-11), (7.19717e-10, 4.74117e-11), (7.19722e-10, 4.74117e-11), (7.19761e-10, 4.74117e-11), (7.19736e-10, 4.74117e-11), (7.19743e-10, -0.0253762), (7.19741e-10, -0.043048), (0.616902, -0.391481), (0.443365, -1.12838), (-1.39177, 4.74117e-11) ]
Média: 0.954196
Melhor (1): (7.19725e-10, 4.74117e-11)
Pior (0.033517): (-1.39177, 4.74117e-11)

<------Geração 293------>

[ (7.19753e-10, 4.74117e-11), (7.19725e-10, 4.74117e-11), (7.19738e-10, 4.74117e-11), (7.19747e-10, 4.74117e-11), (7.19733e-10, 4.74117e-11), (7.19742e-10, 4.74117e-11), (7.19735e-10, 4.74117e-11), (7.19731e-10, 4.74117e-11), (7.19743e-10, 4.74117e-11), (7.19736e-10, 4.74117e-11), (7.19742e-10, 4.74117e-11), (7.1974e-10, 4.74117e-11), (7.19739e-10, 4.74117e-11), (7.19753e-10, 4.74117e-11), (7.19738e-10, 4.74117e-11), (7.19726e-10, 4.74117e-11), (7.19741e-10, 4.74117e-11), (7.19713e-10, 4.74117e-11), (7.19751e-10, 4.74117e-11), (7.19729e-10, 4.74117e-11), (7.19724e-10, 4.74117e-11), (7.19738e-10, 4.74117e-11), (7.19741e-10, 4.74117e-11), (7.19724e-10, 4.74117e-11), (7.19737e-10, 4.74117e-11), (7.1974e-10, 4.74117e-11), (7.19728e-10, 4.74117e-11), (7.19746e-10, 4.74117e-11), (7.19737e-10, 4.74117e-11), (7.19731e-10, 4.74117e-11), (7.19737e-10, 4.74117e-11), (7.19738e-10, 4.74117e-11), (7.19735e-10, 4.74117e-11), (7.1973e-10, 4.74117e-11), (7.19729e-10, 4.74117e-11), (7.19735e-10, 4.74117e-11), (7.19714e-10, 4.74117e-11), (7.1973e-10, 4.74117e-11), (7.19747e-10, 4.74117e-11), (7.19736e-10, 4.74117e-11), (7.19745e-10, 4.74117e-11), (7.19733e-10, 4.74117e-11), (7.19733e-10, 4.74117e-11), (0.00109465, 4.74117e-11), (7.19711e-10, -0.00432899), (7.19735e-10, 0.0482363), (0.0702937, 4.74117e-11), (0.080906, 4.74117e-11), (7.19724e-10, -0.181039), (0.206484, 4.74117e-11) ]
Média: 0.998233
Melhor (1): (7.19753e-10, 4.74117e-11)
Pior (0.957928): (0.206484, 4.74117e-11)

<------Geração 294------>

[ (7.19729e-10, 4.74117e-11), (7.19753e-10, 4.74117e-11), (7.19738e-10, 4.74117e-11), (7.19737e-10, 4.74117e-11), (7.19725e-10, 4.74117e-11), (7.1974e-10, 4.74117e-11), (7.19734e-10, 4.74117e-11), (7.19733e-10, 4.74117e-11), (7.19735e-10, 4.74117e-11), (7.19753e-10, 4.74117e-11), (7.19732e-10, 4.74117e-11), (7.1973e-10, 4.74117e-11), (7.19725e-10, 4.74117e-11), (7.19736e-10, 4.74117e-11), (7.19718e-10, 4.74117e-11), (7.19728e-10, 4.74117e-11), (7.19744e-10, 4.74117e-11), (7.19744e-10, 4.74117e-11), (7.19743e-10, 4.74117e-11), (7.19732e-10, 4.74117e-11), (7.19732e-10, 4.74117e-11), (7.1973e-10, 4.74117e-11), (7.19744e-10, 4.74117e-11), (7.19742e-10, 4.74117e-11), (7.19737e-10, 4.74117e-11), (7.19742e-10, 4.74117e-11), (7.19725e-10, 4.74117e-11), (7.19731e-10, 4.74117e-11), (7.19737e-10, 4.74117e-11), (7.19726e-10, 4.74117e-11), (7.19736e-10, 4.74117e-11), (7.19743e-10, 4.74117e-11), (7.19736e-10, 4.74117e-11), (7.19735e-10, 4.74117e-11), (7.1973e-10, 4.74117e-11), (7.19719e-10, 4.74117e-11), (7.19731e-10, 4.74117e-11), (7.19738e-10, 4.74117e-11), (7.19739e-10, 4.74117e-11), (7.1973e-10, 4.74117e-11), (7.19742e-10, 4.74117e-11), (7.19737e-10, 4.74117e-11), (7.19737e-10, 4.74117e-11), (7.19727e-10, 4.74117e-11), (7.19729e-10, 4.74117e-11), (0.000984137, 4.74117e-11), (-0.137089, 4.74117e-11), (0.240778, 4.74117e-11), (7.19734e-10, 0.257932), (0.404038, -0.921297) ]
Média: 0.982924
Melhor (1): (7.19729e-10, 4.74117e-11)
Pior (0.286918): (0.404038, -0.921297)

<------Geração 295------>

[ (7.1974e-10, 4.74117e-11), (7.19725e-10, 4.74117e-11), (7.19739e-10, 4.74117e-11), (7.19727e-10, 4.74117e-11), (7.19735e-10, 4.74117e-11), (7.19728e-10, 4.74117e-11), (7.19724e-10, 4.74117e-11), (7.19734e-10, 4.74117e-11), (7.19735e-10, 4.74117e-11), (7.1973e-10, 4.74117e-11), (7.19744e-10, 4.74117e-11), (7.19735e-10, 4.74117e-11), (7.19753e-10, 4.74117e-11), (7.19731e-10, 4.74117e-11), (7.19733e-10, 4.74117e-11), (7.19746e-10, 4.74117e-11), (7.1974e-10, 4.74117e-11), (7.19726e-10, 4.74117e-11), (7.19725e-10, 4.74117e-11), (7.19738e-10, 4.74117e-11), (7.19733e-10, 4.74117e-11), (7.19729e-10, 4.74117e-11), (7.19725e-10, 4.74117e-11), (7.19718e-10, 4.74117e-11), (7.19738e-10, 4.74117e-11), (7.19737e-10, 4.74117e-11), (7.19741e-10, 4.74117e-11), (7.19727e-10, 4.74117e-11), (7.19725e-10, 4.74117e-11), (7.19752e-10, 4.74117e-11), (7.19735e-10, 4.74117e-11), (7.19731e-10, 4.74117e-11), (7.19745e-10, 4.74117e-11), (7.19752e-10, 4.74117e-11), (7.19733e-10, 4.74117e-11), (7.19733e-10, 4.74117e-11), (7.19729e-10, 4.74117e-11), (7.19748e-10, 4.74117e-11), (7.19732e-10, 4.74117e-11), (7.19726e-10, 4.74117e-11), (7.19738e-10, 4.74117e-11), (7.19751e-10, 4.74117e-11), (7.19735e-10, 4.74117e-11), (7.19732e-10, -0.0291256), (7.19732e-10, 0.0438696), (0.0812962, 4.74117e-11), (7.19736e-10, -0.215972), (7.19742e-10, 0.832429), (0.90662, 4.74117e-11), (7.19731e-10, -1.12581) ]
Média: 0.95928
Melhor (1): (7.1974e-10, 4.74117e-11)
Pior (0.18608): (7.19731e-10, -1.12581)

<------Geração 296------>

[ (7.19733e-10, 4.74117e-11), (7.19727e-10, 4.74117e-11), (7.19726e-10, 4.74117e-11), (7.19749e-10, 4.74117e-11), (7.19726e-10, 4.74117e-11), (7.19744e-10, 4.74117e-11), (7.19743e-10, 4.74117e-11), (7.19735e-10, 4.74117e-11), (7.19739e-10, 4.74117e-11), (7.19726e-10, 4.74117e-11), (7.19734e-10, 4.74117e-11), (7.19729e-10, 4.74117e-11), (7.19733e-10, 4.74117e-11), (7.19733e-10, 4.74117e-11), (7.19728e-10, 4.74117e-11), (7.19729e-10, 4.74117e-11), (7.19736e-10, 4.74117e-11), (7.19733e-10, 4.74117e-11), (7.19726e-10, 4.74117e-11), (7.19731e-10, 4.74117e-11), (7.19747e-10, 4.74117e-11), (7.19731e-10, 4.74117e-11), (7.1973e-10, 4.74117e-11), (7.19741e-10, 4.74117e-11), (7.19726e-10, 4.74117e-11), (7.19727e-10, 4.74117e-11), (7.19725e-10, 4.74117e-11), (7.19727e-10, 4.74117e-11), (7.1974e-10, 4.74117e-11), (7.19734e-10, 4.74117e-11), (7.19733e-10, 4.74117e-11), (7.19751e-10, 4.74117e-11), (7.19726e-10, 4.74117e-11), (7.19731e-10, 4.74117e-11), (7.19731e-10, 4.74117e-11), (7.1974e-10, 4.74117e-11), (7.19725e-10, 4.74117e-11), (7.19733e-10, 4.74117e-11), (7.19729e-10, 4.74117e-11), (7.1972e-10, 4.74117e-11), (7.19743e-10, 4.74117e-11), (7.19734e-10, 4.74117e-11), (7.19741e-10, 4.74117e-11), (7.19729e-10, 4.74117e-11), (7.19739e-10, 4.74117e-11), (7.19727e-10, 4.74117e-11), (0.264268, -0.0209028), (0.458409, 4.74117e-11), (7.19723e-10, -0.715737), (7.1973e-10, -1.06379) ]
Média: 0.970821
Melhor (1): (7.19733e-10, 4.74117e-11)
Pior (0.236366): (7.1973e-10, -1.06379)

<------Geração 297------>

[ (7.19731e-10, 4.74117e-11), (7.19733e-10, 4.74117e-11), (7.19725e-10, 4.74117e-11), (7.19733e-10, 4.74117e-11), (7.19728e-10, 4.74117e-11), (7.19729e-10, 4.74117e-11), (7.19747e-10, 4.74117e-11), (7.19733e-10, 4.74117e-11), (7.19737e-10, 4.74117e-11), (7.19744e-10, 4.74117e-11), (7.19731e-10, 4.74117e-11), (7.19748e-10, 4.74117e-11), (7.1974e-10, 4.74117e-11), (7.1973e-10, 4.74117e-11), (7.19738e-10, 4.74117e-11), (7.19732e-10, 4.74117e-11), (7.1973e-10, 4.74117e-11), (7.19741e-10, 4.74117e-11), (7.19738e-10, 4.74117e-11), (7.19733e-10, 4.74117e-11), (7.19731e-10, 4.74117e-11), (7.19727e-10, 4.74117e-11), (7.19734e-10, 4.74117e-11), (7.19728e-10, 4.74117e-11), (7.19725e-10, 4.74117e-11), (7.19732e-10, 4.74117e-11), (7.19727e-10, 4.74117e-11), (7.1973e-10, 4.74117e-11), (7.19725e-10, 4.74117e-11), (7.19734e-10, 4.74117e-11), (7.19733e-10, 4.74117e-11), (7.19727e-10, 4.74117e-11), (7.19733e-10, 4.74117e-11), (7.19729e-10, 4.74117e-11), (7.19742e-10, 4.74117e-11), (7.19728e-10, 4.74117e-11), (7.19724e-10, 4.74117e-11), (7.19728e-10, 4.74117e-11), (7.19727e-10, 4.74117e-11), (7.19731e-10, 4.74117e-11), (7.19728e-10, 4.74117e-11), (7.19726e-10, 4.74117e-11), (7.19737e-10, 4.74117e-11), (7.19729e-10, 4.74117e-11), (0.0690573, 4.74117e-11), (-0.109012, 4.74117e-11), (0.346504, 4.74117e-11), (7.19738e-10, -0.38581), (7.1974e-10, -0.430959), (0.878962, 4.74117e-11) ]
Média: 0.979175
Melhor (1): (7.19731e-10, 4.74117e-11)
Pior (0.407124): (0.878962, 4.74117e-11)

<------Geração 298------>

[ (7.19728e-10, 4.74117e-11), (7.19733e-10, 4.74117e-11), (7.19728e-10, 4.74117e-11), (7.19739e-10, 4.74117e-11), (7.19731e-10, 4.74117e-11), (7.19733e-10, 4.74117e-11), (7.19731e-10, 4.74117e-11), (7.19728e-10, 4.74117e-11), (7.19734e-10, 4.74117e-11), (7.19744e-10, 4.74117e-11), (7.1973e-10, 4.74117e-11), (7.19742e-10, 4.74117e-11), (7.19735e-10, 4.74117e-11), (7.1973e-10, 4.74117e-11), (7.1973e-10, 4.74117e-11), (7.19733e-10, 4.74117e-11), (7.19731e-10, 4.74117e-11), (7.19737e-10, 4.74117e-11), (7.1973e-10, 4.74117e-11), (7.19727e-10, 4.74117e-11), (7.1973e-10, 4.74117e-11), (7.19727e-10, 4.74117e-11), (7.1973e-10, 4.74117e-11), (7.19731e-10, 4.74117e-11), (7.19733e-10, 4.74117e-11), (7.19737e-10, 4.74117e-11), (7.19731e-10, 4.74117e-11), (7.19728e-10, 4.74117e-11), (7.19731e-10, 4.74117e-11), (7.19737e-10, 4.74117e-11), (7.19727e-10, 4.74117e-11), (7.19735e-10, 4.74117e-11), (7.19731e-10, 4.74117e-11), (7.19734e-10, 4.74117e-11), (7.19732e-10, 4.74117e-11), (7.1973e-10, 4.74117e-11), (7.19744e-10, 4.74117e-11), (7.19731e-10, 4.74117e-11), (7.19729e-10, 4.74117e-11), (7.19732e-10, 4.74117e-11), (7.19733e-10, 4.74117e-11), (7.19729e-10, 4.74117e-11), (7.19729e-10, 4.74117e-11), (7.19725e-10, 4.74117e-11), (7.19727e-10, 4.74117e-11), (7.19726e-10, 0.0486312), (7.19735e-10, -0.416573), (0.453624, 4.74117e-11), (7.19748e-10, 0.463686), (0.668698, 4.74117e-11) ]
Média: 0.98114
Melhor (1): (7.19728e-10, 4.74117e-11)
Pior (0.61554): (0.668698, 4.74117e-11)

<------Geração 299------>

[ (7.19732e-10, 4.74117e-11), (7.19728e-10, 4.74117e-11), (7.19739e-10, 4.74117e-11), (7.19729e-10, 4.74117e-11), (7.19731e-10, 4.74117e-11), (7.1973e-10, 4.74117e-11), (7.19731e-10, 4.74117e-11), (7.19727e-10, 4.74117e-11), (7.19734e-10, 4.74117e-11), (7.19733e-10, 4.74117e-11), (7.19735e-10, 4.74117e-11), (7.19727e-10, 4.74117e-11), (7.19736e-10, 4.74117e-11), (7.1973e-10, 4.74117e-11), (7.19729e-10, 4.74117e-11), (7.1973e-10, 4.74117e-11), (7.19729e-10, 4.74117e-11), (7.19731e-10, 4.74117e-11), (7.19735e-10, 4.74117e-11), (7.1973e-10, 4.74117e-11), (7.19728e-10, 4.74117e-11), (7.19728e-10, 4.74117e-11), (7.19731e-10, 4.74117e-11), (7.19731e-10, 4.74117e-11), (7.19726e-10, 4.74117e-11), (7.19734e-10, 4.74117e-11), (7.19733e-10, 4.74117e-11), (7.19734e-10, 4.74117e-11), (7.19731e-10, 4.74117e-11), (7.19733e-10, 4.74117e-11), (7.19731e-10, 4.74117e-11), (7.19739e-10, 4.74117e-11), (7.19729e-10, 4.74117e-11), (7.19733e-10, 4.74117e-11), (7.19734e-10, 4.74117e-11), (7.19731e-10, 4.74117e-11), (7.19731e-10, 4.74117e-11), (7.19731e-10, 4.74117e-11), (7.1973e-10, 4.74117e-11), (7.19726e-10, 4.74117e-11), (7.19734e-10, 4.74117e-11), (7.19731e-10, 4.74117e-11), (7.1973e-10, 4.74117e-11), (7.1973e-10, 4.74117e-11), (7.1974e-10, 4.74117e-11), (7.19742e-10, 4.74117e-11), (0.0418671, 4.74117e-11), (0.32221, 4.74117e-11), (7.19733e-10, 0.377333), (7.19732e-10, -0.431131) ]
Média: 0.991745
Melhor (1): (7.19732e-10, 4.74117e-11)
Pior (0.82524): (7.19732e-10, -0.431131)

<------Geração 300------>

[ (7.19731e-10, 4.74117e-11), (7.19731e-10, 4.74117e-11), (7.19731e-10, 4.74117e-11), (7.19734e-10, 4.74117e-11), (7.19731e-10, 4.74117e-11), (7.19731e-10, 4.74117e-11), (7.19733e-10, 4.74117e-11), (7.19733e-10, 4.74117e-11), (7.1973e-10, 4.74117e-11), (7.19733e-10, 4.74117e-11), (7.1973e-10, 4.74117e-11), (7.19732e-10, 4.74117e-11), (7.19732e-10, 4.74117e-11), (7.19735e-10, 4.74117e-11), (7.19734e-10, 4.74117e-11), (7.19728e-10, 4.74117e-11), (7.1974e-10, 4.74117e-11), (7.19733e-10, 4.74117e-11), (7.19731e-10, 4.74117e-11), (7.1974e-10, 4.74117e-11), (7.1973e-10, 4.74117e-11), (7.19732e-10, 4.74117e-11), (7.19729e-10, 4.74117e-11), (7.19734e-10, 4.74117e-11), (7.1973e-10, 4.74117e-11), (7.19735e-10, 4.74117e-11), (7.19728e-10, 4.74117e-11), (7.1973e-10, 4.74117e-11), (7.19729e-10, 4.74117e-11), (7.19732e-10, 4.74117e-11), (7.19731e-10, 4.74117e-11), (7.19729e-10, 4.74117e-11), (7.19731e-10, 4.74117e-11), (7.19732e-10, 4.74117e-11), (7.19727e-10, 4.74117e-11), (7.19732e-10, 4.74117e-11), (7.19731e-10, 4.74117e-11), (7.1973e-10, 4.74117e-11), (7.19732e-10, 4.74117e-11), (7.19733e-10, 4.74117e-11), (7.19731e-10, 4.74117e-11), (7.19732e-10, 4.74117e-11), (7.19731e-10, 4.74117e-11), (7.19731e-10, 4.74117e-11), (7.1973e-10, 4.74117e-11), (7.19731e-10, 4.74117e-11), (7.19729e-10, 4.74117e-11), (7.19731e-10, 4.74117e-11), (7.1973e-10, 4.74117e-11), (7.19727e-10, 4.74117e-11) ]
Média: 1
Melhor (1): (7.19731e-10, 4.74117e-11)
Pior (1): (7.19727e-10, 4.74117e-11)
